run_id,lag,acf_returns,acf_abs_returns,acf_squared_returns
0,1,0.025265524884461675,0.02885135057105563,0.01980002160152464
0,2,-0.051900728014019945,0.036589646241635465,0.03654251617378649
0,3,0.11423955979207305,-0.014062210259000039,-0.01582523522554907
0,4,0.03637991516959925,0.03654928257738132,0.014131949139598022
0,5,-0.04392681550505498,0.00206063679302974,-0.00608269508119907
0,6,0.041013103539236026,0.008595597651068133,-0.007473005461572404
0,7,-0.03647969274071475,-0.02423669355939724,0.004945361054945884
0,8,0.060102584787162974,0.05642226165154548,0.04536412269381407
0,9,-0.04532276718198502,-0.03463453847129055,-0.03988772079864708
0,10,-0.07970516911405605,0.019073189030445876,0.008992718608291784
0,11,0.11347468053902542,-0.04265027610710434,-0.013157646681826056
0,12,-0.004035964433476333,-0.019286537661716587,-0.034110535731841814
0,13,-0.11684869017941404,-0.0845975111139455,-0.07036089955331222
0,14,-0.057459705244095154,0.11727736037006671,0.0787110947658173
0,15,0.027038756657312587,0.03808619930472837,0.02384301581025236
0,16,0.03370118652548279,-0.013926060960592861,0.0038319820667057935
0,17,-0.058824352661782736,0.03789088388760852,0.04043717223810536
0,18,-0.0010962367243340164,0.08080860430236475,0.048244009338397516
0,19,0.00023058187289785962,0.04905824981863952,-0.005771202548787112
0,20,-0.026151607359814446,0.07165106573556401,0.07899663053468278
0,21,-0.10037813349058819,0.018955045462584284,0.011184209682203738
0,22,0.018048413924874104,0.07465961455426236,0.06403185168095189
0,23,0.017853339931417658,-0.0248317053090035,-0.04262510352378535
0,24,-0.025737708167996552,0.06512694412026448,0.05218421886538067
0,25,0.007947338542283825,-0.05639139877618872,-0.03713910150158079
0,26,-0.026914041050441335,-0.02937898141632887,-0.05287297226161897
0,27,0.01351696566797014,0.024103577274217827,0.006433060671381409
0,28,0.07158852960781284,-0.09138115128711069,-0.09113196796020341
0,29,0.035020702366207815,0.05914899787729254,0.02078944259770303
0,30,0.010275023271427592,-0.003101267714053039,-0.023736720053176792
1,1,0.04120119573878772,0.030152728027958573,0.012747244861497644
1,2,0.058099068219357,0.023905799462389445,0.009805858530926902
1,3,0.004755614982541699,0.11342091896187007,0.05634115974849823
1,4,0.011527391418583078,0.03563682392769806,0.049010785820966005
1,5,0.08191941383785642,0.052032032246740044,0.036328369129930135
1,6,0.024353589920561424,0.05860036865365839,0.06629744654642204
1,7,-0.03443461589883262,0.015511676647400868,0.018774539647326928
1,8,-0.03403853046454736,-0.005931060184915524,-0.0349571998607328
1,9,-0.0227782435335171,-0.032797073799905416,-0.05732660283973158
1,10,0.05654269696314785,-0.040471673287232654,-0.02220196673849419
1,11,-0.0362475958980378,0.04581784666037867,0.07714985549205468
1,12,-0.014095915424333675,-0.022959167481890776,-0.026781106172248055
1,13,-0.038402020091681886,0.03499605747920423,0.063375777767276
1,14,0.022229519997171043,0.03229382668090512,0.011819236421613838
1,15,0.035376996610433704,0.013405745967531255,0.012577703755596786
1,16,-0.0080953245314469,0.02167677818191398,0.029739875022098412
1,17,-0.041841525320785014,0.12079876951920773,0.17364860074011265
1,18,-0.022571805287113594,0.03164480041611632,0.006599421161748159
1,19,0.024314265504521503,0.057391197907523256,0.07284661260955995
1,20,-0.055225733785240136,0.051673500952050776,0.04761566567047277
1,21,0.044739882505884045,-0.1258357594247872,-0.11750145930793887
1,22,-0.017742840131928457,0.03634566679731951,0.026164633100911102
1,23,-0.04165526489745633,0.06266449268778006,0.03851973850668943
1,24,-0.07150007722334722,-0.029117461301368264,0.001883285678259467
1,25,-0.014369255318904041,0.011590681157279074,0.0018788017140345839
1,26,-0.019247894228018796,0.008855715069836505,-0.03315828870726045
1,27,0.013907767543225275,-0.03468887629759595,-0.058480519880522
1,28,-0.028532702535231796,-0.003043866255134673,0.013885279486317162
1,29,-0.09919095408991092,-0.08716730781015093,-0.09416880239487345
1,30,0.05037942296944827,0.03590479326940724,0.027838208599671992
2,1,0.01270862123297087,0.022484187406292815,0.021441537478937886
2,2,0.024431846875139124,-0.05930119666668136,-0.06288006544700733
2,3,0.029535230382404676,-0.018413608203039264,0.02593318672404018
2,4,0.08720805872116975,0.06211560904738198,0.04374988339298099
2,5,0.049127336652278045,0.012962929631312283,0.0042061891329067385
2,6,0.047103018813182275,0.055604419438683744,0.060754092286575107
2,7,0.08910914634847039,-0.016948602786976352,-0.014312026757866652
2,8,-0.05798202300840993,0.003837920485525896,0.027849188401321265
2,9,-0.0037800829976075796,0.015081068433434179,0.024467549634049443
2,10,0.02760278669506987,0.0010958187667019584,0.005593625603548625
2,11,-0.0077784798988192495,-0.032748536580007086,0.013978653820104731
2,12,-0.017813980515348743,-0.11229157110558897,-0.1124881312806588
2,13,-0.006951403957897164,0.012620834588980754,0.01962258929356788
2,14,0.07691724641714094,0.03057626567752586,0.01096648356172644
2,15,-0.015913214086025303,-0.051915713391451894,-0.0533373703643065
2,16,0.0056808025414339085,0.09156736326425459,0.11088871581362057
2,17,0.040421827205367196,-0.015232198903445427,-0.03410433174900672
2,18,-0.020091401498829015,-0.02134130555649888,-0.04125990303250095
2,19,-0.01832081897466354,0.02563974533882552,0.03304103598276845
2,20,0.049920942963086426,-0.025050912408883817,-0.04517961843992234
2,21,-0.03537023643542705,-0.03572551455053357,-0.05351107386859314
2,22,-0.09686713973138386,-0.0296330232251937,-0.0012266307533249558
2,23,-0.001362949405065965,-0.03228773272284129,-0.04908911662178022
2,24,-0.004481966110465308,-0.018576189189719136,0.002294682354585917
2,25,-0.08504080435225793,0.047791358055850344,0.044855214447615845
2,26,-0.05029117609797896,-0.034826565334039036,-0.04100593115713048
2,27,-0.0537765595206145,0.037791148790533774,0.037817436591601104
2,28,0.027171651023416267,-0.1020308641369142,-0.09183172073886196
2,29,0.04815687458160754,0.03181506356715369,0.026865283208716007
2,30,0.050399204929721324,0.03831931343631065,0.011693259800698281
3,1,0.00563276219933567,-0.037882114798181654,-0.059261257635232906
3,2,-0.00539693709664046,-0.0016895118142338764,0.004266173746671864
3,3,-0.0035628798158137483,-0.003853977069814939,-0.01674397632120324
3,4,-0.03905921916827195,0.08224426256708435,0.05704900590264473
3,5,0.016339879180675695,-0.02103286574133116,-0.0160825296622837
3,6,-0.02992505353741678,0.011959806599482927,-0.014249573623512885
3,7,0.06045973270869453,0.013572410917991518,0.05257800138012582
3,8,0.02723895159790785,0.05555969398419229,0.0773641397551049
3,9,0.011866543467304874,0.07687903129799706,0.08351534472724931
3,10,-0.07204981536015898,0.06266981030495793,0.05042076586645412
3,11,-0.003962731819717188,-0.034756508541219665,-0.01933067554690226
3,12,-0.011494410047020958,0.05912340999036049,0.0528174573240204
3,13,-0.014228252379141817,-0.012725375263451126,-0.043813509278383206
3,14,0.09012752830679129,-0.06314541948320467,-0.05220902913042564
3,15,-0.011887563589518728,0.04151421374943662,0.03580174075087783
3,16,-0.05838157227968465,0.020538053308731007,0.01596205539419345
3,17,-0.032872960113945374,-0.04063266045181677,-0.0702537730686646
3,18,-0.0116787810002285,-0.02169340428673243,0.004030566466804855
3,19,0.06006575835191325,0.007079061924714376,-0.01670561835122506
3,20,0.08012366250958275,0.0033870880863819696,-0.014929834634063319
3,21,-0.029727128871807017,0.012093371651299822,0.013399349545108238
3,22,0.02312561081136954,-0.034474549480726056,-0.05526816512172839
3,23,0.03597595722302393,0.03014554379468802,0.01965852876643861
3,24,-0.08357422998614328,-0.03684780343003581,-0.05040864844154861
3,25,-0.008308395931858467,-0.08444927122173078,-0.06629847865512457
3,26,0.036482454065528545,-0.029164303837462994,-0.016262722385366853
3,27,0.04004325213065555,0.03604896681986459,0.02208996236585612
3,28,0.0020265060360455905,-0.09030562147306967,-0.0724985271468595
3,29,-0.06218177707650357,-0.0315537302424706,-0.01896610513524469
3,30,-0.03280036672554877,0.03024758684078469,0.045439011809755125
4,1,0.1019962088062599,0.028822052125179135,0.11756664670489389
4,2,0.051669874411380795,-0.00489964219695783,0.0454440154031432
4,3,0.024770882997963532,-0.03122522856766267,-0.049385448155983676
4,4,-0.08862472010931771,-0.07349770387142496,-0.059931304802561626
4,5,0.0007239474442318666,0.0755396268994351,0.07221271895058673
4,6,-0.028478744581563034,0.004591337712141484,-0.0031369320256759595
4,7,-0.007714216354749851,0.00427178790647282,-0.025797251364722284
4,8,0.02253051641758738,-0.04693911475256812,-0.07196333639414236
4,9,-0.03491172181423077,-0.08679453203964912,-0.07704082544864649
4,10,0.03701604965510874,-0.05096732023864277,-0.07029685202069044
4,11,0.10846172695196055,-0.04398363688869217,-0.030818679764366183
4,12,-0.03297958908803409,-0.012246429738590126,0.002343839608680321
4,13,0.016721537138684666,-0.023119282343772227,-0.020563757414068802
4,14,0.020443304248337384,-0.017556285220388195,-0.008567622025626815
4,15,-0.004084660850015771,-0.060530905086414385,-0.08008440581637379
4,16,-0.01265888918537553,-0.0034428848125535524,0.00422955257594271
4,17,-0.04639091051276098,-0.01245474018250105,0.022808676825189472
4,18,0.05122675357823391,0.08054835818509809,0.10423413633736785
4,19,0.05704847310987835,0.02503399859341842,0.06180051085231927
4,20,0.0295210426215735,-0.0006176070034530531,0.006244450625205233
4,21,0.04594683794572557,-0.04836122731726477,-0.0655277859406281
4,22,-0.04672702847382659,-0.09008815574575871,-0.054976550428194736
4,23,-0.08919051872674735,0.06027397705155483,0.0765184466831078
4,24,-0.022460678009722092,-0.04169370890391337,-0.03849024134233371
4,25,-0.007852782421053686,0.04520020314586516,0.023030627098485124
4,26,0.03209822209067419,-0.02793955310249412,-0.027214876391743248
4,27,-0.01418231648156537,0.02266635359608549,0.03950548948520898
4,28,-0.057582971919747705,0.03208592393305222,-0.022580455253143755
4,29,0.06785525053829389,-0.015591432899672355,-0.021601195988147397
4,30,-0.01683895229356124,0.10020618515943452,0.11574371083747764
5,1,-0.017640180096524283,0.013073047437391964,-0.0032716645673863
5,2,-0.02637937351482468,-0.009548324017078965,-0.021604810519740173
5,3,0.033498993297309994,-0.019180940539891354,0.017425261898988756
5,4,-0.028554545669755838,-0.004946423478442261,-0.02214280168590252
5,5,-0.036296307171457626,0.05179168774515992,0.019018502041240615
5,6,0.0035853414985925996,0.09327357845888805,0.06744861561615396
5,7,-0.010168360358730227,0.07037045680179882,0.058688867144646516
5,8,0.008922046422925552,-0.0038239113423406195,-0.007843270885318918
5,9,0.01147553081760328,0.019583302397871278,0.023554941799828803
5,10,-0.036440820035179546,-0.01223313639073409,-0.013379894515295277
5,11,-0.0636248794007355,0.042110826598780064,0.0610995135858533
5,12,-0.04602886147884769,0.05617389529073593,0.004880812941864612
5,13,0.03114503026288294,0.03403987645431615,0.07239495806946655
5,14,-0.016121646112215945,0.022088280776857837,0.00343649449541268
5,15,0.02690837873995822,-0.004920022013899796,-0.028475383733390508
5,16,0.021544963629543838,-0.10197396638677833,-0.08911686753906997
5,17,-0.01137307922455113,0.04943408918796808,0.03614265858713024
5,18,-0.029881919415455913,0.06688647356805427,0.10981833584064762
5,19,-0.002730508342032913,0.030601734001682368,0.012467267856926766
5,20,-0.03046683801052789,0.028534022182822954,0.03887779706223185
5,21,-0.02064991191377308,-0.03485302540734111,0.00754942307710138
5,22,0.05445058899888067,0.024546030509509223,0.045223350995277946
5,23,-0.06241242502279913,0.024421091571971556,0.050692870978763516
5,24,0.014384938499582852,-0.019250030076748335,-0.006873019706007254
5,25,-0.061523693375094134,-0.03372965167690194,-0.021894600479109183
5,26,-0.006212927791832074,0.008316401023822627,0.006187835294630346
5,27,-0.03329304875851966,-0.01592907442830864,-0.025090367049139906
5,28,0.05390006620316871,-0.016612813741326952,-0.005292305683085719
5,29,0.023674281940255563,-0.032104667959987225,-0.04408215660247159
5,30,-0.00017242961060776738,0.06880038197963648,0.06936402858595339
6,1,-0.08534189587613213,-0.011473703408655446,-0.026724605765062606
6,2,-0.0013502739826131256,0.047847386710998016,0.019610615727855333
6,3,0.05121767143892986,-0.01983894819355702,-0.022981237135320607
6,4,-0.03706499825745065,-0.0062799291280556625,-0.022702106481940224
6,5,-0.06663466452236264,-0.005197392246011507,0.033977330858214846
6,6,-0.07825935943838341,0.022228726658633895,0.03862364150004745
6,7,-0.008327664590108188,-0.05157199374961881,-0.05492980698536662
6,8,-0.13673993965827141,-0.0035190425160462444,0.003571037862530699
6,9,0.0536047205615514,-0.039568529652203456,0.0027051488894958165
6,10,0.033737105045510515,-0.018614913724023307,-0.01589736253796232
6,11,-0.02604536600939628,-0.023674766915656117,0.00028377416129951745
6,12,0.0202330725039795,-0.05150686284613077,-0.03652244022987926
6,13,0.02723851910202556,0.10037561395916754,0.06318041848637694
6,14,0.04605992367352513,-0.04427031270238732,-0.02740579328443246
6,15,0.00615744539041059,0.0935773596332152,0.09626610295577674
6,16,-0.025666584060423686,0.05997104948953358,0.06706332405244993
6,17,-0.04332380751475385,0.12124854260333597,0.11963251691485555
6,18,0.03239807966015139,-0.11302386318409927,-0.06118666403566684
6,19,-0.051471164065179265,-0.015619215985601289,-0.037882419486234054
6,20,0.027861418089872546,-0.0939709334579767,-0.06364366941529685
6,21,0.027201500632824057,0.11273181618886693,0.11583794296849152
6,22,0.014934088502621524,-0.07858934549662243,-0.10335183388953577
6,23,0.07976070123495677,0.009442741269616747,-0.003469281910449707
6,24,0.05063222665459582,-0.1249814788745789,-0.11709415438055054
6,25,0.006147959824382866,-0.016688244478122026,0.010753838373563862
6,26,-0.020486436631680354,0.008672456107173526,0.006166098280191291
6,27,0.01252303364313385,0.022980990922749297,0.021137620465730363
6,28,-0.013174589963193954,0.011097396753046733,-0.01431837194407003
6,29,0.007940714305284669,-0.03875776410643141,-0.06203520964049189
6,30,0.049312177049097364,0.032295062988805745,0.07250943745102109
7,1,0.07854888140572677,-0.0188709914314275,0.008953385611980176
7,2,0.0486507171257734,0.016950623108316482,0.05607660646979487
7,3,0.04964176602687132,0.024947061915747675,0.012583278524988068
7,4,-0.00039595881225944435,-0.01199370589489873,-0.016349183202673645
7,5,0.08865925581637431,0.054381102069648496,0.07519122807214579
7,6,0.007908186353655504,-0.006905478873661984,-0.03195180819899215
7,7,0.048115399475643125,0.029352871236955586,0.017963166830563565
7,8,0.05404124600297882,0.04671399522186048,0.01670602992790806
7,9,-0.007694063459056624,-0.002078780692332841,-0.004344870970460172
7,10,0.05736784446920046,0.07125412614246845,0.07535889849799733
7,11,-0.01034021132798702,-0.025789196775972727,-0.051551752501927936
7,12,0.00993832834845176,-0.039121474713714674,-0.06726074840138137
7,13,-0.0972345833131009,-0.032034616217350466,-0.03285628758866862
7,14,0.00920859228242085,-0.0016772039477156234,0.021859737442121708
7,15,-0.012066515495200254,0.11526753368921487,0.11518383455554129
7,16,-0.01093676862897922,0.02788170702461891,0.01973175839627395
7,17,0.09922663657252767,0.025556362967675036,0.034059635397952405
7,18,0.046260943523845785,-0.061389042719062786,-0.04194113211056916
7,19,0.04346866860354771,0.0015106548218917681,0.0010580002563676159
7,20,0.13270657932651483,0.016468094527259867,-0.00048090991382499166
7,21,-0.05020676821285448,-0.01058693932766877,-0.013820881662876571
7,22,0.09126937236076059,0.05222932578589788,0.10052447825046479
7,23,0.029386014014741484,0.043751925683394734,0.03278840017167634
7,24,-0.0028144933019862623,0.05757549522485722,0.06518771608074755
7,25,0.07287373647802911,0.009832579936196564,0.005639616199931992
7,26,-0.023453790783962487,-0.016881648174791746,-0.06197143294906019
7,27,0.03984215938057041,0.020304164903468848,-0.0018240011310223542
7,28,-0.006378372517663172,-0.0557834633403532,-0.03164502130035476
7,29,0.013482843791174435,-0.0030941938282006806,-0.027310301155848853
7,30,0.0414863920778802,0.04958157348867975,0.03040774074604017
8,1,0.07352573660188545,-0.03583283837887515,-0.02903281960147025
8,2,-0.014666926348050401,-0.03289962662485491,-0.012677694455184884
8,3,-0.047699322782843626,0.012387252115515165,0.0722244563676172
8,4,0.005209865550544669,-0.019167889181410696,-0.015380595811245373
8,5,-0.04072128080409178,-0.09923564764054313,-0.08353396212393369
8,6,0.011710456253287541,-0.016809680229016508,-0.0102224612003581
8,7,-0.04861796346982934,0.06134935450464549,0.03431726499262702
8,8,0.06994319831789951,-0.08677860835341426,-0.07286717404110425
8,9,0.03513509122159181,-0.02484253052436306,-0.007530675692145217
8,10,-0.01929478364521097,0.13785935632528523,0.10102068008849881
8,11,-0.023463070231092797,0.04513374620173775,0.0274051565105712
8,12,-0.05912349653612081,0.06334761870925279,0.08990867152094423
8,13,-0.03258647751788953,-0.03422327683636695,-0.036047386041416496
8,14,0.0124734371498146,-0.025158551352695877,-0.034651661713781395
8,15,0.02771179710697677,-0.012086233164627093,-0.02494471535684225
8,16,0.0053289412365953095,-0.10162137129728248,-0.07689274554612013
8,17,-0.005986450611867398,0.005631812029027787,0.013726985393331195
8,18,0.0011490406263685215,-0.05209275667537783,-0.026996689204050368
8,19,0.10710900717638967,4.0949620243004686e-05,-0.0011314498096801344
8,20,-0.00950831907761656,-0.028702279067603715,-0.0025472675844370406
8,21,0.008645170112773349,0.03046665046451689,6.583267020662657e-05
8,22,0.029388822442581373,0.04125101756880699,0.020180621534754146
8,23,-0.01486776291300016,-0.02280942159229625,0.01257944091447193
8,24,0.03391114519436785,-0.033131937651540475,-0.018090467943161645
8,25,-0.06261279405106353,-0.022377914137996807,-0.0277318174247724
8,26,0.032537931849228596,0.007551547450719599,0.004942766915472768
8,27,0.01151196022452386,-0.02741522551772771,-0.03158472740662075
8,28,-0.03440068939850257,-0.0009825886038961357,-0.024732636652100917
8,29,-0.09289798645934133,-0.013473642180559284,-0.01561938189388116
8,30,-0.024931387661972493,0.08855288170860846,0.09470502800655463
9,1,0.061434347259283,-0.011829034336314893,-0.02969260240402806
9,2,-0.008962801711475793,-0.09238568621008736,-0.10274259070793137
9,3,0.0005386218691523423,0.03591896984983656,0.017609141361725374
9,4,0.021602070732226267,0.061133251529259254,0.07524759509758089
9,5,0.05426212941510631,0.05949185151166425,0.04393468074786925
9,6,0.04878210506056028,0.028060922518166758,-0.0009855590941445596
9,7,0.04814251580666071,0.011473268154933871,0.011418403851223374
9,8,0.05427640378147832,0.07011822995179773,0.06360181360121543
9,9,0.06798526514856203,0.061749216925412256,0.03022082502183046
9,10,0.04871196545471235,0.0065276863253755585,-0.011060072330821555
9,11,-0.03280070401070133,0.032345145273804804,0.04716419662733617
9,12,0.04894555539351105,-0.0015897678313914836,0.012925033348364066
9,13,0.017117992833717316,-0.03901436263205634,-0.022299755670548666
9,14,-0.07129196734815299,0.019962293891646592,0.017827723506792053
9,15,0.020499762285300642,0.05635247943318715,0.016399655755993597
9,16,0.0290977257632001,0.09498948142802952,0.06686772774627786
9,17,0.009848385504750699,-0.04415114509052682,-0.010231241598966902
9,18,0.010982495443969715,-0.019343987224555246,-0.026713640946696884
9,19,-0.03128929515450131,0.10178418621178353,0.04112969911335136
9,20,-0.020907785745618506,0.05834912276751788,0.04733796838074374
9,21,0.03591907698362754,-0.010466450836162327,0.006505177074666416
9,22,-0.05392214171312289,-0.09458334454228151,-0.10186444517360531
9,23,0.0006738136914671926,0.08586643737643694,0.06164567775010437
9,24,0.0364395647383369,0.03722979337609025,0.006265617917834792
9,25,0.01418562679612897,0.0023938052542502967,-0.004207547190213694
9,26,-0.04976275661746582,0.03450489544198509,0.03727902078940438
9,27,0.009881945748660297,-0.0017887799362272866,-0.019642976085692425
9,28,0.05954423210421018,0.015443469624999064,-0.013359324054503708
9,29,-0.013269827609480069,0.026213894395410206,0.02569146301040414
9,30,0.031135898203767356,0.006339997590563965,0.011349694379930435
10,1,-0.03858516195501117,0.019585639850793368,0.036105836423215056
10,2,0.01856306005341473,0.035634306107830735,-0.0007268790006692505
10,3,0.005846946514995585,-0.026302293788774873,-0.017795671229870965
10,4,-0.07258995307492565,-0.01730113356435125,-0.00668388772267524
10,5,-0.00397951040384484,-0.021431574883950227,-0.0089035321928937
10,6,-0.02945446738908135,-0.03392162307215948,-0.043269919884456484
10,7,0.043099748966210404,-0.056152112351247646,-0.05197178655862764
10,8,0.07077218470784048,-0.008229312101681496,-0.012106137121642676
10,9,0.006811764253485545,-0.04116088165734912,-0.027389073360380968
10,10,0.012815983496902168,0.046015900616226665,0.006394069727030832
10,11,0.01793095370895839,-0.008263496832253482,-0.023792572232485917
10,12,-0.05859259191249265,0.007473418541366034,0.026432068512947646
10,13,0.04193023533393129,0.015725169206870317,0.017253736876817288
10,14,-0.0151847692136907,0.01870476256903631,0.001260435128640592
10,15,-0.03554795025652118,0.007287252132099903,0.029879117394011882
10,16,0.02485541775188489,0.03302609798814724,0.06549296419698812
10,17,-0.011710324479694645,0.013926277555082581,0.044046456887404765
10,18,0.036270698876196245,-0.015885799144545368,-0.007354498699011289
10,19,-0.012075949517593297,-0.06230261312515039,-0.061419116653705266
10,20,0.06918474197877963,0.02006809833175859,0.027357597622597877
10,21,0.021004871941035688,-0.05807480453143376,-0.07706517701295616
10,22,0.05497739201249011,-0.05216080816721582,-0.053059153072353836
10,23,0.027349223868242723,5.420346245720907e-05,-0.013180440961361627
10,24,0.10934627018841286,0.024880445172154965,0.030168265727924526
10,25,0.051044367706291775,0.07781868586713908,0.10684916685174664
10,26,-0.018880036424244125,-0.030167211585891064,-0.031191501197210286
10,27,-0.03755687608814803,0.03207071986024397,0.033110259762176505
10,28,-0.042230540496836146,0.027507228707328024,0.039871496673460634
10,29,0.016810908397653295,0.07771210145309472,0.07831487145847528
10,30,0.02806046069896699,0.06972588641921589,0.05447029038545055
11,1,0.054158325975002655,0.02797392953299419,0.03135472117668157
11,2,-0.08756804523239953,-0.08834573157676606,-0.09810528508373485
11,3,-0.061709330293139145,0.046558534691280004,0.034971843603049606
11,4,-0.04263988894224461,0.001312449357957097,-0.013195764503740787
11,5,-0.03559835845233366,-0.06703950160231849,-0.04050224313756365
11,6,-0.030620994586628907,-0.014692387856031757,-0.011345914414748647
11,7,0.02229664192081505,-0.06369504106913298,-0.05596145634526997
11,8,-0.009720905391166846,0.07505766375160595,0.04889459227396649
11,9,0.021727770325318998,0.09916431428473205,0.08624607750244175
11,10,-0.036519135374734835,0.019527747586550324,0.036436021839751434
11,11,-0.01028268088426973,-0.054995271355180925,-0.04662894263405939
11,12,0.029723901642994887,-0.029539710975024374,-0.02096678135090875
11,13,0.006538580645647499,-0.05843663355628692,-0.05914522114462674
11,14,0.002657560838253823,-0.047926271160110785,-0.03665290921084161
11,15,-0.0072250505265205635,0.03074440526548671,0.03227117984973254
11,16,0.0109375697119622,0.010620011765015574,0.02824929061036399
11,17,0.13081923553632,0.03983764224500163,0.06061641281634953
11,18,-0.021583180659711727,0.044804081673702256,0.043246572748713685
11,19,-0.0001561478336701778,0.00868574528525928,-0.01656924421870721
11,20,0.11025303647413834,-0.061527876604620536,-0.02602711465654149
11,21,-0.10354325066468581,0.04688745468610191,0.058682330863526824
11,22,-0.08014919362608286,-0.08488863693597253,-0.03837062989743542
11,23,0.04400952021644932,-0.02662501003307889,-0.03792967917291877
11,24,0.009427344916289727,-0.0407043391068754,-0.01411015158241438
11,25,-0.037510280790382856,0.054066406611763256,0.050098574444219654
11,26,0.006369139444087658,-0.02785759552179797,-0.028180798024480275
11,27,-0.014186724353230457,-0.0069927572121338466,-0.002847683084739053
11,28,-0.004742190545371179,0.09014559541093956,0.11334999930345097
11,29,-0.02403456251222544,-0.05366197117747248,-0.032586104350089365
11,30,-0.01235038588775226,-0.04444522884504909,-0.04137197380289031
12,1,0.06049680634906647,-0.06939511560993517,-0.059884279084817416
12,2,0.1118043090046528,0.04153683908955513,0.0317876727172566
12,3,0.037794149760921124,-0.015016299567493384,-0.01853412685349626
12,4,0.058932508380938935,-0.002755309436009472,0.011514748061317264
12,5,0.00893437607772163,0.004937876211874598,-0.0008891356202730909
12,6,0.008142152560257949,0.029790147691019453,0.027997980161920417
12,7,0.032317341416670135,-0.008418122097420927,-0.010409624785599815
12,8,0.0032106665004626206,-0.010922939457624608,-0.0003589134009023753
12,9,0.01229294617923298,-0.003941014993487212,-0.017540666628521346
12,10,-0.0186399579005325,0.0045584853924305144,0.0014830162395967211
12,11,0.02525562581905971,0.007489039189250833,0.022641092862873677
12,12,0.018957650986322103,0.0035039847949559087,0.023947569908339125
12,13,-0.009514894726979148,0.0571230390553787,0.08556049968218106
12,14,-0.03878786844560535,0.02059913253546892,-0.01721843361124506
12,15,0.025253064605457586,0.04834161734318047,0.064363931052119
12,16,-0.09078879872984694,-0.057292950739634654,-0.06983343525871848
12,17,0.0003673797084415576,0.010517961741299226,0.023062721857219137
12,18,-0.009109017065768953,-0.05472365418967759,-0.05678172947727401
12,19,-0.01764368221962291,-0.048397919378538636,-0.01638894125218714
12,20,-0.0762957206902303,-0.04146026834407521,-0.06748773572804737
12,21,-0.004893331775437495,0.01411964013157022,0.024563867033533783
12,22,-0.09252099773957666,-0.018578044188168077,-0.010812406176412973
12,23,-0.014221807797027182,-0.018614132930167948,-0.03736833248123749
12,24,-0.013645890385502324,-0.0810310101057228,-0.07155762618544105
12,25,-0.09001708666027027,-0.03007352881699368,-0.03871622768072896
12,26,-0.10585666978357312,0.0077990954336479195,0.010071435666339704
12,27,-0.01110793373085336,-0.051822641288077294,-0.03296505861224875
12,28,0.013464621820338545,-0.02900200019884677,-0.03732753670758698
12,29,-9.393317654838044e-05,-0.0019949846032583035,-0.000378163381083975
12,30,-0.05297878306270615,0.0009408889467965435,-0.0320071455359121
13,1,0.02050158136844897,-0.04367649851683685,-0.04273549359071937
13,2,0.05340069646114077,-0.043048437182873656,-0.041483634450238505
13,3,0.024139277273866295,0.036841416351488576,0.015747817417730393
13,4,0.007987723541704057,-0.0021721453195694945,-0.02716704642961648
13,5,0.08104480635011413,0.12907556538778187,0.11485960902084186
13,6,-0.05712406900942325,0.02238825196093425,-0.00932704718966717
13,7,-0.019036914304883322,-0.006800460549154705,-0.004109640721848653
13,8,0.024956167213701204,0.10553229194642721,0.105932374095286
13,9,0.02154086801741003,0.022307309330334896,0.024179545165660468
13,10,-0.02354659478392629,0.03710769280912816,0.015740614845562204
13,11,-0.0028153483687383503,0.08218808143858376,0.0648822076632668
13,12,0.02919521586242295,0.030723078887949944,-0.006709160174714591
13,13,-0.047831719097488054,0.04120738640249014,0.01684834429390245
13,14,0.02246104675845561,0.00415133139246795,-0.015823473215416047
13,15,0.007491906710951436,0.013923812304796846,0.0068447477702183995
13,16,0.026129841480702944,0.0015535838326388928,0.003915315002207599
13,17,0.003127373190133054,-0.020359706869458708,-0.025954757432458616
13,18,0.07727802453382086,0.050122866294447864,0.0007175276643093572
13,19,-0.04637025444589392,0.033905006201546635,0.010918438304181023
13,20,0.02597758465264984,0.040890922277588004,0.04152895423356641
13,21,-0.12552713512863453,-0.043684239917548696,-0.024224984540955383
13,22,0.025933235431417557,-0.01818023659742616,-0.022736433740010425
13,23,0.018457121708386544,0.0309523970444295,0.03926447236563608
13,24,-0.08354230089963226,0.032638776087070547,0.012965801837974092
13,25,0.027859574408469097,0.020957357182888832,0.009246118510613069
13,26,-0.024013530954287033,-0.04533894246728798,-0.06232810985582025
13,27,0.07319641204843538,0.06788530116778425,0.05816750222299632
13,28,-0.010626387397808405,0.02755517311929785,0.03155769067848455
13,29,-0.0761442202922023,-0.032782341934927225,-0.031009488915486987
13,30,-0.013530869425454022,-0.01318629000519022,0.00800159074510385
14,1,-0.0052195374919637395,-0.0327278252391767,-0.006359653964463886
14,2,-0.08729376712037734,0.05346796912560628,0.04227684546836227
14,3,-0.05167490791562877,0.03530298191890323,0.028887650733930348
14,4,-0.015455077073383722,0.053655966596873474,0.0566057885182237
14,5,0.09346880238410644,0.014837926253857023,0.013121176158833556
14,6,-0.013055793989864253,0.02564554896907652,0.00951668548269654
14,7,0.015539868802580502,0.008657270234084595,0.010320932307873436
14,8,-0.02635904616445881,0.006216564304529492,0.007901991934827723
14,9,0.045967874528096926,-0.06125244557838164,-0.041770147596318564
14,10,0.008325163895130253,0.02480265683865153,0.02526219071695178
14,11,0.03506627895965906,0.06039229859019362,0.04392031996911387
14,12,0.0990630886194642,0.03983161469721663,0.049459164828939604
14,13,0.005957785737282098,0.036201964968834356,0.055498589668704953
14,14,-0.09803958302579692,-0.01846559676527293,-0.022821556115002455
14,15,0.023905562994436472,0.04936603297157164,0.03924749516203534
14,16,0.04786552750268584,0.012438495982878392,0.0743418212729119
14,17,0.08044468449804361,-0.002306550824135611,0.03507210400767017
14,18,-0.06031574121534097,-0.0175952208098296,-0.050731174012942575
14,19,-0.03217937483627643,-0.025846612954828437,-0.03771784987315779
14,20,0.10182445505385328,0.030926669403957035,0.008692197648894243
14,21,0.031207404368108944,0.035191817381284504,0.011437156967191806
14,22,0.008078913694874497,-0.04427379983524415,-0.05533840097754793
14,23,-0.00416302546314962,0.004808222178874835,-0.003587365108713502
14,24,-0.012600611255294377,-0.023549349457605985,-0.01507442494897919
14,25,0.04954936302312411,-0.05732685591186086,-0.055346444975193344
14,26,0.0011340739339333937,0.09870256035612653,0.06324556844560635
14,27,-0.07125524389483688,-0.06108892122903927,-0.03220781185358957
14,28,0.0888283329480263,-0.051985079434979035,-0.03431990894452757
14,29,-0.013510723609976351,0.03969440878441266,0.005885603911502319
14,30,-0.022072808278017463,-0.006263006821905085,-0.006487063766249328
15,1,-0.031405072436771875,-0.020464131468072418,0.022214938407135527
15,2,-0.009322168371471543,0.022723357139259465,0.021260395117276457
15,3,-0.04344663272114059,-0.034770380672895874,-0.028256561205078537
15,4,-0.06073978897076364,0.01828839012883897,0.016458873112856105
15,5,0.0033754670042083403,-0.024708055781006884,-0.05461166153211866
15,6,0.04349127941817382,0.04826722914074878,0.03940016876320806
15,7,0.019935579131687906,-0.02059879363328209,-0.04067070761329341
15,8,-0.021963167192015673,-0.0169135592967018,0.013309920600347424
15,9,-0.034699447812605776,0.00748739385316488,0.012746180354989697
15,10,-5.692763429728678e-05,-0.07860892526322484,-0.08691218717060611
15,11,-0.0022014857163058185,0.03931317765033785,0.0023279207318960965
15,12,-0.018274391329178824,-0.05240278079391903,-0.06135240639527313
15,13,-0.08464036353409131,0.03873954160969687,0.08046669750111075
15,14,-0.042399771124879936,0.09486008677885634,0.07758180971747089
15,15,0.010308811608453993,0.058923843469563565,0.08599865052625434
15,16,0.0316372473327583,-0.006816726085706843,-0.03137332307521126
15,17,0.02347942047703898,-0.026176292183982278,-0.03466825983829676
15,18,0.11043124779291959,-0.020289393721774535,-0.03603918691421861
15,19,-0.10394578893964775,-0.05334273218939911,-0.04766524732809806
15,20,0.03203680760261186,0.08438108889141535,0.10268891073343106
15,21,-0.035142934669139224,0.060923857808864904,0.08913679622057294
15,22,-0.06236548239462359,0.05852682864019877,0.0868426065612105
15,23,0.007338129990459457,-0.005908552123723857,-0.005681528511247689
15,24,-0.015121903242932909,-0.011339574345657865,-0.008351105266893899
15,25,0.0303223556019048,0.014966109988307432,0.004074369310968681
15,26,0.01262216441595047,-0.06709790903672204,-0.045626886237750644
15,27,-0.007203896876606855,0.053291943757069714,0.032467700433921366
15,28,0.004984641039249247,0.040485051656813535,0.05253041140271413
15,29,-0.06625768580623898,0.026761881028753376,0.038341706800173445
15,30,0.02847419806883984,-0.02571030148192446,-0.005808335516780727
16,1,0.01715263912476013,-0.034764025437097126,-0.034591926372221735
16,2,0.03980035515540573,-0.012514145820455723,-0.014099595833267003
16,3,0.07627527461026297,-0.008101966627774569,0.026106853821349692
16,4,0.020796134317825444,0.009385564524449266,0.00602263359289694
16,5,0.0015663815258759413,0.02888181688200609,0.045280906369989514
16,6,0.08214646736773924,-0.053719600750787244,-0.031836220411686905
16,7,0.04395867976755289,-0.02381913101221677,-0.011953567474953191
16,8,0.03136244804732116,-0.08118518337057773,-0.08705275778419744
16,9,-0.01568419729405662,0.06467075658335855,0.05086006285675154
16,10,0.08834556868901561,0.03338642187630698,0.044634220351272666
16,11,-0.03875475162062157,-0.05197789472483525,-0.06920143624500676
16,12,0.033620701280901805,-0.03995636347870163,-0.04725140013943145
16,13,0.04363757136295085,-0.040914112504210454,0.013001023807369599
16,14,0.016051414815508702,-0.0007326585231214679,-0.014288984943609508
16,15,-0.016892143905228748,-0.03252057297262738,-0.03597507287629356
16,16,0.03515242738203494,-0.07313743869015023,-0.0428554207400715
16,17,-0.0019273591884896221,-0.03935053962249244,-0.03732046745567979
16,18,-0.03213743648543946,-0.004775508481404036,-0.019981845102194744
16,19,0.017947310327430868,0.10829287033683116,0.05176828523521404
16,20,0.014166258067682668,0.0220498979809475,-0.009240922689256685
16,21,0.05543756034560022,-0.014059865693103666,-0.04337672036679686
16,22,0.027354824898380332,-0.035241184320247206,-0.027902469880162723
16,23,-0.028804762299748585,0.03840587521879934,0.023067611004983144
16,24,-0.009100248110902986,-0.016438941489999085,-0.01782161922881319
16,25,-0.02692941644350267,-0.034098689990884765,-0.023225502815366065
16,26,-0.005123896030430654,0.0056573336299282065,-0.022007586085846412
16,27,0.01457700219498637,-0.008394705520615121,-0.02434488464394844
16,28,-0.0189118210080985,-0.050752284689807324,-0.06416215276302244
16,29,-0.05277874045217003,0.050126794718594075,0.06610171987068958
16,30,-0.033739048807688084,0.041729723450718424,0.028031658869565605
17,1,0.037914778951775543,0.021894238548403694,0.005292890086930105
17,2,0.007470746536741368,0.00486878056095879,0.002828460853116003
17,3,-0.10738851314665024,0.0857506312159814,0.05266097673156993
17,4,-0.0006151059002089645,0.027832087819779548,0.002840791554560869
17,5,0.04096389132856091,-0.05299356405691858,-0.04343772941367931
17,6,0.0318461886295152,0.041562288172826166,0.044662743679540956
17,7,-0.05220370711132308,-0.07345634600844134,-0.06589525697967855
17,8,-0.00849932446148178,-0.0545356789243677,-0.07089489295139079
17,9,-0.03856064456339919,0.016403356688686185,0.01994394320371759
17,10,-0.04823958395507012,-0.04179056012652883,-0.026503861460756024
17,11,0.021243365860414826,-0.0034937216314519528,0.02627632889602157
17,12,-0.016887452208574898,0.01561527449825267,0.009581703794407372
17,13,-0.06173659222020134,0.037103412198568005,0.014012123626372037
17,14,0.06036221494934398,-0.0011558089713057617,-0.01978001249771004
17,15,0.12112127125971787,-0.026981897253791656,-0.030252132063332503
17,16,0.07091020151782157,-0.0523815689769603,-0.027724371936663397
17,17,-0.08284550121729908,0.001200019042149841,-0.009654288349734651
17,18,-0.08686037861815833,-0.029666791642382825,-0.017331116561482413
17,19,-0.07610489256338247,0.006215689155093998,0.017780092555557778
17,20,0.0023655600358569685,-0.028024244516350723,-0.030042560198492028
17,21,-0.033978795807417084,-0.023995965396011433,-0.048125712469979924
17,22,0.011558629403815862,-0.05549755004149224,-0.021920716260634774
17,23,-0.025077538233202128,-0.010628961320489372,-0.023985374068729557
17,24,-0.04629971933138124,0.08059724604375211,0.049242431907568926
17,25,0.0016553584108557038,0.013310415356980672,0.02499797594125782
17,26,0.0005467748875218933,0.014355872586605116,0.013909926384105936
17,27,0.03179149176327941,0.03372364575578443,-0.010815525491423802
17,28,0.049904014318423166,-0.017844546671878365,-0.011278622745890386
17,29,-0.05763394125500228,-0.007380275046123854,0.0008535844924631362
17,30,0.0047649841116398,-0.007843810571081024,0.006574421021182805
18,1,-0.008742480461347527,0.021953984068209094,0.004091230991486155
18,2,0.0018980222230778093,0.060636821366294086,0.06130674736538183
18,3,-0.0527470289784608,0.04066415976099174,0.01804321062579208
18,4,-0.0681508107449321,-0.034982316234513144,-0.05296268664127636
18,5,-0.042577203260734255,0.03695134361470422,0.0029364492610451983
18,6,-0.0029263161501305117,-0.10442549750385578,-0.09018074097340018
18,7,-0.01090476519108307,0.026829053589748245,0.02074247510576741
18,8,-0.005403211701856132,-0.026668929040184624,0.00026479092294895125
18,9,-0.061392097255279,0.07078344044810816,0.05923797667904236
18,10,0.04727079026578332,-0.014058406037263006,-0.017080222207309707
18,11,0.029277465281597245,-0.017236648616204005,-0.009516538186757323
18,12,-0.05077130944238282,0.06324715167109157,0.053928973940746805
18,13,-0.011083127270401217,-0.07501108919352246,-0.05524490849685158
18,14,-0.030273673952875824,-0.05257044214620651,-0.026508254896478203
18,15,-0.01615122293485109,-0.11090993485474866,-0.0719106260745417
18,16,-0.019011524934578784,-0.04567056644355604,-0.0451913954233478
18,17,-0.04641277555786776,0.008752922267490986,0.01483553671728556
18,18,0.04909125571712542,-0.035734300763222586,-0.023506144018820646
18,19,-0.010843877892756456,-0.0009555295020737123,0.03123937538563442
18,20,0.0443092815610884,0.039463618711414884,0.041785551409840284
18,21,-0.0038748732243376357,0.023988571867688557,0.013809628831047733
18,22,0.05042181658211794,0.04043778251248511,0.03586625120563731
18,23,-0.06153299194220506,-0.008169423532266393,-0.011735942636996751
18,24,-0.02293122112988513,0.06475006047921908,0.030277582024083177
18,25,0.014062497532026288,-0.0380866242340671,-0.0625023794919428
18,26,-0.01574069691967305,0.031242334405596366,0.031885178124624505
18,27,-0.010419613857508666,-0.021886940894725895,-0.006601249049147401
18,28,-0.015865736384328047,0.09275470221433633,0.09849589535287899
18,29,0.011293471889889817,0.05929845246188089,0.044600591265612874
18,30,-0.02778295937272141,-0.04193427335255885,0.008321211181367345
19,1,-0.018728113695390063,-0.010562214063196684,-0.016312247745369143
19,2,0.01258713637986261,0.03057863431061605,-0.010348423380263174
19,3,-0.04159203954788962,0.08669130789093261,0.0985963655137656
19,4,0.03942028371981237,-0.025688838629987255,-0.03787073215443348
19,5,-0.020965701023598467,-0.10872055877905258,-0.11284859163209343
19,6,-0.05406003296010164,0.019269457810248,0.010118756027428299
19,7,-0.07833352746912507,-0.03873986479335875,-0.04907841063627107
19,8,-0.0013256616282314101,-0.028535399000262484,-0.050035067201199226
19,9,0.07717990491153731,-0.010171865663943744,-0.006504269942569713
19,10,0.005443413036754507,0.10554230191051721,0.06041852980738266
19,11,-0.04774676686401151,-0.016672887893617764,-0.018838993562952953
19,12,0.06682097521523848,0.037734371423014064,0.011675975737083302
19,13,0.05792952608150215,0.08048127320887452,0.09790184425251366
19,14,0.0007501232456552421,0.0426528203088978,0.07895487863109732
19,15,-0.08804707704590954,-0.060968842741922824,-0.05900067452444329
19,16,-0.004806372350412689,0.011481999901341841,-0.0002587809114938954
19,17,-0.06829153238836015,-0.017595534032078867,-0.02517510073660422
19,18,-0.0073560534723282256,0.0027948274826245173,0.01488068090955897
19,19,0.04442887052595256,-0.05813839863260742,-0.04675144870190341
19,20,-0.04635747007082238,0.027050675700738293,0.019563411490662413
19,21,0.054059449528745265,-0.054120807404220705,-0.04680390614588337
19,22,0.020291887944531004,-0.030551420056698492,-0.058231761349891525
19,23,0.04049882822128959,-0.06233235717046777,-0.053684035250702256
19,24,0.026598525776500268,0.08586254290663892,0.0550769416778424
19,25,-0.008060586189352553,-0.02955488136393415,-0.012633440057485948
19,26,-0.013851812711245082,-0.04245650489973501,-0.023046095202790075
19,27,0.0027242795496733503,0.014040453060189733,0.035330943362809515
19,28,0.011053307484465317,-0.09827648568300981,-0.10371659937882943
19,29,-0.002955623091890753,-0.07914697627688774,-0.0715551373596708
19,30,0.023763836373927885,-0.03580720053487775,-0.006521972826250476
20,1,-0.019171297004587775,-0.003736634501145128,0.014479752765143645
20,2,-0.05174539179950694,-0.00038781770825810943,0.006331259478682148
20,3,-0.06735751900664362,0.05453570991567141,0.05548453169264226
20,4,-0.0074543427829187325,0.06693686416460365,0.08214260389585593
20,5,-0.07975191218680537,-0.011141519899899612,-0.0032834675345519353
20,6,0.10886992988238853,0.04405993511975874,0.06813385509014719
20,7,-0.06377749753193905,0.03186842845435261,0.0393180474496802
20,8,-0.056567239522103956,0.0414847247307957,0.0723391690872022
20,9,-0.04421065749899795,-0.005407125052607429,-0.008291479983620753
20,10,0.020621360831061177,0.019525994604402484,0.02156592638013772
20,11,-0.003225724454266474,0.09741220784852939,0.13468363261780059
20,12,0.049180565474626785,0.05584867522110287,0.04000956504819191
20,13,0.0837786985903647,-0.032581670356975935,-0.036980755116275424
20,14,-0.022695676713282646,-0.12003595472306276,-0.0869620556151649
20,15,-0.02377003887550961,0.03653378408202866,0.0344551610282071
20,16,0.013362370804137507,0.04988735362747994,0.07157773363465955
20,17,-0.026183339398569667,-0.04586078526416009,-0.04319579852792957
20,18,-0.005785952071881805,-0.04496039442566115,-0.03706861224756224
20,19,0.06969340901250234,0.008798092119915857,-0.020188358101726287
20,20,0.010990160170491729,0.056460889676782505,0.07349439016305595
20,21,-0.01963138609220814,-0.08037179800645036,-0.0829931481469737
20,22,-0.0482461735744341,0.05773155228673529,0.043898441651307976
20,23,-0.031848346839744086,-0.028143471077681784,-0.010117751769746452
20,24,0.02998927158100343,0.025253092336295902,0.010751504914916787
20,25,0.0005833062088139986,-0.05846166051987364,-0.0607119847067481
20,26,0.06920785165109336,0.019606444292090946,0.028031744881841108
20,27,-0.003305360605340355,0.006956823478957794,0.009862013757436625
20,28,-0.002358082718705929,0.06505731570146792,0.03987375063613392
20,29,-0.017448970805300945,-0.01806796717056934,-0.016977145387549252
20,30,-0.02176719466335828,-0.043556501013991326,-0.04058055532763935
21,1,0.04007377459039385,0.004737932879361985,0.0006551200453822254
21,2,-0.00044636451650229784,0.015552919658585412,0.04424820981116851
21,3,0.032235432106829616,-0.021941049223155516,-0.019621210205916603
21,4,-0.028557187181296934,-0.04179066590696191,-0.06607540569653327
21,5,-0.02726977396766978,0.04199506659026254,0.08957837856470054
21,6,-0.0021347926965656107,-0.0100647164035703,-0.0122710048139285
21,7,-0.022201227269280702,-0.02829584485312251,-0.02908406060392992
21,8,-0.024595971767992216,0.007739744944683925,0.004339047895443101
21,9,-0.05763845636284867,-0.04182768082756404,-0.04839067908019001
21,10,-0.04016875017764098,-0.03410826847519201,0.00719364635546818
21,11,-0.08101766435724335,-0.0059632287342229005,0.029606698854435457
21,12,-0.04177820016337218,-0.05194921021651383,-0.047021573450737444
21,13,-0.055004877513057174,0.08922312697882197,0.05814958803738179
21,14,-0.0072538226478659346,-0.022864707024376655,-0.026557221757492082
21,15,-0.03155193951824622,0.013317450554079383,0.027337450899117016
21,16,-0.004803374502920902,0.01599305250534846,0.046439012252727764
21,17,-0.11930680536488306,-0.0676670821691816,-0.07711618890198323
21,18,-0.08191343070224628,0.030428662644674406,0.015471537199095674
21,19,-0.018432668674160223,-0.07221786763194243,-0.050879973642019585
21,20,0.009122392428300541,-0.07890049236041424,-0.11362313042991823
21,21,0.12415171920896594,0.02884282125744374,0.016065029874988753
21,22,0.09536380533335569,-0.08320768537788727,-0.0530726745703054
21,23,-0.00030971583804323416,-0.0888101769071362,-0.06055677708961473
21,24,-0.03499329164691122,-0.040238954966314765,-0.06405133173842031
21,25,0.01095286838456993,-0.034028294690839234,-0.0430282168317807
21,26,-0.05834586243374299,-0.03726916708557138,-0.04334371644713143
21,27,0.0216238064405086,0.021806179029986984,0.021178869842983818
21,28,0.03351747874887185,0.002940555768142687,0.029965057947885235
21,29,0.009208788862876875,0.06339540229534144,0.03220788235448039
21,30,0.016874071183250253,0.02195688336723993,0.019325168984790603
22,1,-0.028032364653984773,-0.007094621159211539,-0.03424670310582177
22,2,0.08607887534049265,0.023661789687442716,0.01917130019224686
22,3,-0.021762695731566063,-0.05691182782608682,-0.022052558974208353
22,4,-0.04308782445472806,-0.019813828581540873,-0.021576966972065535
22,5,-0.07387652581882201,-0.004085027994036802,0.00035608719837146904
22,6,-0.053285533564974646,-0.06894596604888899,-0.06815015534514858
22,7,-0.04511543506658124,0.052818905675784705,0.045256493604181616
22,8,-0.028330480889927373,-0.0015348399793868803,-0.00742548004989698
22,9,-0.05800982821153407,-0.07760648387045024,-0.0762618796896345
22,10,-0.05617225581734556,0.006301793338257958,-0.00918505601381431
22,11,0.027856593835770098,-0.06411366825680241,-0.040658607537201866
22,12,-0.09085099883572104,0.07551474421397021,0.06604100173251923
22,13,0.028361803998756433,-0.03716981248891773,-0.031788861047143124
22,14,0.08183288046634077,0.05163084894482366,0.022433564824891627
22,15,0.02247335846715467,0.03644566967313334,0.03869407029757688
22,16,-0.011039426282326889,0.03564618905019819,0.008310074308377265
22,17,0.03493995734428546,0.015559592506880974,0.019361465842774487
22,18,0.04104216629786209,-0.016234173273102052,-0.00016712169866292545
22,19,-0.03975612970130709,-0.03918963049879425,-0.004287923460111991
22,20,-0.04827065799175494,0.059488596466258134,0.07442548922382827
22,21,-0.017783114423155822,-0.00706130310303456,-0.023740582611212726
22,22,0.03867539217047018,-0.010187806798401186,-0.018565747373622966
22,23,-0.012153833363146849,-0.03239861377853958,-0.03466082725093219
22,24,-0.04791892108775902,-0.043516055612101576,-0.05916960629887162
22,25,0.0900395832234728,0.04188722042742368,0.09532106983717904
22,26,-0.01971950041462376,0.0016188460406987774,-0.005696697710616318
22,27,-0.0066387880383571825,0.010156958191383755,-0.005733403468419903
22,28,-0.035257220645395,0.01678569160984301,0.010193975991718928
22,29,-0.04666355407609574,-0.0727027338922334,-0.05640193234103382
22,30,-0.10886296981552279,-0.013986351371656236,0.0645059638216416
23,1,-0.04523376414880373,0.01103130603288213,0.03695703947520438
23,2,-0.03948491391585035,-0.030667937847069324,-0.03883267533798032
23,3,-0.06922377122143845,0.016517319046616175,0.037816415295134354
23,4,0.09018948664924442,0.08446100954861785,0.09828670206836224
23,5,0.034780626669606865,-0.0219328726613802,-0.009785276836545231
23,6,-0.07421467983626147,-0.03698066388621575,-0.05451764522793147
23,7,-0.01506462393999181,0.0007437366398129546,0.004155956471241071
23,8,0.031491572317610725,0.012094617103195109,0.009088579882517362
23,9,-0.03687420359878438,-0.08488619605943341,-0.10528901438520472
23,10,-0.014529820354684801,0.015511416981924984,0.020816872545167474
23,11,-0.040555911918594305,0.005217542456309258,-0.005126693740910231
23,12,0.04063704448559312,-0.07602227828026616,-0.08596669108867239
23,13,0.0145559950826434,-0.03868742691887834,-0.05209295512206925
23,14,0.0783334049243691,0.09798754650239123,0.11754631319207841
23,15,-0.019276316124940004,0.003366050492657658,0.01647878648679263
23,16,0.08605292219180703,-0.04025091925676926,-0.014543234783364183
23,17,-0.014510484868780548,0.060501711833986505,0.015512821057658173
23,18,0.0008378073621549824,-0.005858891327303151,-0.010558803361591786
23,19,0.0695635691277258,0.09247837677181515,0.08332623707952706
23,20,0.03890692500068983,0.029698101392955027,-0.0001574343282070368
23,21,0.010428471692382764,0.004794643696866298,-0.013563942409447206
23,22,-0.0700871000500551,-0.01262321244516054,-0.005866737119789956
23,23,-0.03992855091934818,-0.007439078297712193,0.024489635493314985
23,24,0.07377888760748479,0.03726450730293308,0.03075121519289598
23,25,-0.019463473933403287,-0.008325476142494048,-0.0307875620888991
23,26,-0.10213012234978398,-0.023639203548384835,-0.040131345662362476
23,27,0.06725164329732866,0.006121317227129249,-0.03198955539988043
23,28,0.025744196070105137,-0.004663689822973926,-0.03856040019704696
23,29,0.08047432596513228,0.06408078871683276,0.06425426216831907
23,30,0.031105601834901464,-0.004725485780918986,0.05694421119913591
24,1,0.05481456754838417,-0.04843107723231933,-0.02009450086990156
24,2,0.00716403162305974,-0.009583560516993812,-0.023479446927322695
24,3,0.04400907953570322,-0.08880521931746753,-0.07588023929235112
24,4,-0.021074684769410112,-0.007685626981264391,0.007571075102055195
24,5,-0.04447110371659164,-0.0070773474537683114,0.004287791169923511
24,6,0.0004752918156032164,-0.034109840101069724,-0.033366393099544714
24,7,0.012305508790348965,-0.08048190102718034,-0.06646255037761467
24,8,-0.019164104776439643,0.04678056985933445,0.026876802258068745
24,9,0.017290643374947918,0.028439633083352695,0.05795131792842793
24,10,0.015748999194923466,0.047073810430542894,0.02683271092129571
24,11,-0.0442146262571381,-0.037946174045849185,-0.03698565518197558
24,12,0.023113625124709897,-0.046244998743677074,-0.0590767483812887
24,13,0.033603446017530014,-0.014424242967139995,-0.04220331403027814
24,14,0.02241720737159208,0.05970010797269131,0.07802082148143831
24,15,-0.00020411917687114658,-0.0176208860851697,0.020362395871565117
24,16,-0.02847545547935358,0.004817375958200817,0.020847755766473988
24,17,0.05164841925411896,-0.03367524843543258,-0.0061673855876869885
24,18,-0.045080609093811994,-0.05532889639111979,-0.04377911143334272
24,19,-0.027966410038336425,-0.006493719798828799,-0.004790873024684053
24,20,-0.047879141728037276,-0.03165404393342462,-0.0483927008627548
24,21,0.05643178898057184,0.021031504100828668,0.030670761954314566
24,22,0.02118413111540283,-0.016224925308282807,-0.018855301360309676
24,23,-0.0076164577681428584,0.03681030074015436,0.07281685057740224
24,24,-0.06996550480258386,0.056948600697382105,0.0475879686328981
24,25,-0.03237699503012975,-0.037525542064336226,-0.05502335183378252
24,26,-0.0472173406572974,0.011961932608937421,0.02363924757855765
24,27,-0.08991634951571754,0.07803146710801663,0.05261114528767515
24,28,0.021798310905742843,0.047519081742108095,0.003927677441274033
24,29,-0.01706316465853328,0.009909972856923278,0.039690862925662596
24,30,0.07836587234041964,-0.01141442514418927,-0.02909682177249676
25,1,0.03920697284936595,-0.048196094467932146,-0.06210457906517297
25,2,0.032765867079412446,-0.026191127700682056,-0.044803510846639395
25,3,-0.09204036673340728,-0.007297421565650504,-0.004440495189107378
25,4,-0.03397889309801221,-0.022618624357082822,-0.023768934627602843
25,5,-0.024269585463345143,0.029477371511423687,0.05538860890358952
25,6,-0.06081544593859274,-0.03832650243296398,-0.022471357398012662
25,7,-0.060073048323446794,0.0021792559569160353,-0.02244276979728852
25,8,-0.014111776690757112,-0.05617396844911932,-0.03042068461439982
25,9,0.025074884954630536,-0.05734102661000111,-0.06788880977218982
25,10,0.029124998600050488,-0.02554342052147687,-0.0023355416468779024
25,11,-0.0209813970412982,0.016835383975367962,-0.005653271364369526
25,12,-0.012485756247616844,-0.024891322169223774,-0.026024151395194612
25,13,0.008459316552766886,0.02532044921445374,0.030585273620903623
25,14,0.04027840874657912,0.052122873544162444,0.019187392309757145
25,15,0.042407741815031604,0.03556001504608095,0.03346373143953947
25,16,-0.04753539487268752,-0.0003969545065935518,0.029925051358598694
25,17,-0.016503938403719096,-0.019898903826939502,-0.020296051658858772
25,18,0.027913053754513913,0.022585958265089856,0.014558822880263072
25,19,0.0014950572940627279,0.037447027260891344,0.024515768720858717
25,20,0.029100413488181067,-0.06161225948485549,-0.06793192602520567
25,21,-0.018690428959512638,0.059170434623399985,0.033400930321036186
25,22,0.052398038439566794,-0.09185991219534458,-0.08573384834695616
25,23,0.05637537894813001,0.03054295386493222,0.018669618071903284
25,24,0.017571980015653604,0.062429063494403386,0.06537455948640346
25,25,0.011479184673228416,0.0021171537267609905,0.0008805581028154386
25,26,-0.048751743514871645,-0.020195556326596833,-0.0059313088827746985
25,27,-0.017836979509043817,-0.06532440493675595,-0.06310239808717852
25,28,-0.026681479037294602,-0.009960683280804258,-0.013847968049695316
25,29,0.02454578945228605,0.07179275763670175,0.06084472118812651
25,30,0.015736416539538483,-0.01811940166023994,-0.014405004264762546
26,1,-0.003124113639899086,0.035313025168376366,0.02948611413732625
26,2,0.08505323338065009,0.09664342846694411,0.09992514452116144
26,3,0.09486747634817061,-0.059769870687265345,-0.0340543241580006
26,4,-0.06750005359613513,0.01113426563548303,0.005683766987117812
26,5,0.13941164180916019,0.018735896308677474,0.02043426673025649
26,6,0.029666630867112156,-0.031600291186553116,-0.015412989365252054
26,7,0.006872309601732916,-0.025162042908991183,-0.03439927237998033
26,8,0.039845727077219784,-0.030014856219383577,-0.05331637563303773
26,9,-0.09863250074051935,0.020800781466599756,0.027462952432607216
26,10,-0.0010312023998981516,-0.057801486830951744,-0.05323875388180061
26,11,0.019605553946183105,-0.0020418272856866206,-0.0144408173386608
26,12,-0.042358908106252244,-0.04338582876252118,-0.0035975526037803672
26,13,0.0043905848409059815,-0.09715407279639089,-0.08334132949157944
26,14,-0.018512006827779662,-0.09260656172662685,-0.09995632589220921
26,15,0.005509737656668015,-0.051108675073334324,-0.06466130316919061
26,16,0.0030512544746251406,0.011404444890359236,-0.02883547217672535
26,17,-0.05062430215092208,-0.011440696050532741,-0.0150577619822925
26,18,0.03349382082902417,0.0063672975328916085,0.026002514483855724
26,19,0.07607206329931945,0.006343335255143787,0.02949177097393021
26,20,0.059471151953925154,-0.00301052968288438,0.0030592408837277914
26,21,0.038197477478707324,0.03849971009617913,0.025994559221874516
26,22,-0.04055445958535127,-0.044592701146336296,-0.040961853215486614
26,23,-0.0608468033113432,-0.032782145447503935,-0.052925438237314625
26,24,0.014634456512503996,0.058483047970044555,0.044201157202883444
26,25,-0.03132974573202221,-0.027264184306335974,-0.054100346428758814
26,26,0.011257758347650942,0.10893090582542495,0.08891579714058265
26,27,-0.04672355517692846,0.0037436195308052376,-0.012025074498956885
26,28,-0.004666558630233291,-0.0017725361380685344,-0.018467808979280024
26,29,-0.00394248866959009,-0.019359525924843222,-0.017115421002652353
26,30,-0.00567300932227584,0.01905967110675652,0.030767826279575795
27,1,-3.660632818854559e-05,-0.013648286272410711,-0.020134979079242884
27,2,0.06576148317433907,-0.0014035950853234973,0.0066113504424158386
27,3,0.016612436707520092,0.05228078825447015,0.02260029886366689
27,4,0.0635994617066143,0.014194967998988709,-0.0011867548504478848
27,5,0.025861447939316162,0.040853413887931816,0.05460882539527761
27,6,0.0209100271083037,-0.0722932074551432,-0.09585652038489316
27,7,0.04493756290108977,-0.026432054023382463,-0.030727775266309158
27,8,0.03224336222995519,-0.054953389650634246,-0.0044299111948513225
27,9,-0.0503761243891499,0.05958699306776023,0.06778523360810176
27,10,0.04090893864819853,0.04359714738416888,0.03839178228683234
27,11,0.04445234847135674,-0.015582269373926712,-0.016591406186482867
27,12,0.023551520629829563,-0.018653741762934443,-0.021706806167502767
27,13,-0.010880262800744566,-0.07151891496912113,-0.07867389587910091
27,14,0.13776452526128155,0.03184293417910693,0.02424706812094718
27,15,0.006738565423793751,-0.031268520667227864,-0.021374452955149982
27,16,0.04776779049580102,0.007155681883292709,-0.015691527638686413
27,17,0.034994314928832634,-0.03561244666100493,-0.03344042473524411
27,18,0.025029041678849125,-0.06332403764327886,-0.05249455059172212
27,19,0.007965302405723027,0.021084031588679067,0.007666645905296045
27,20,-0.006267843183208963,0.09687848853537205,0.07993317414871146
27,21,0.010857828487664693,-0.04053639439017122,-0.03526567084861661
27,22,0.022889835188251936,-0.0014274304369242493,0.022162698263800882
27,23,-0.07983771848883163,-0.03187377947761877,-0.026514967968925593
27,24,0.013600328610123837,0.0005439541461531362,-0.012311934509510665
27,25,-0.021618051061594618,-0.07756712800855653,-0.06009707483122289
27,26,-0.0077986151559152495,-0.04810571312525706,-0.07850788179029608
27,27,0.04344219825142604,0.02620019607958195,0.02307421140227433
27,28,0.040234625089606346,-0.10583307554319299,-0.07912909125906378
27,29,-0.11030365074832169,0.13798640152171568,0.07982664148735745
27,30,-0.012756379023920225,0.04665414217571742,0.05854336703619703
28,1,0.023807377990886468,-0.05819395458995244,-0.028516812359599727
28,2,0.005715284156395129,-0.004009077108548107,-0.013706913486019717
28,3,0.037987998438210234,0.04354001856541435,0.08823298715467903
28,4,0.06348543978711221,0.01197247453061635,0.02398063936735191
28,5,-0.014411732520090634,-0.017491759411615668,0.01987342261970796
28,6,-0.01076489057912875,0.007329144137606607,0.04442823681513697
28,7,-0.06524281150717866,0.02196885058646362,0.0010735046793675946
28,8,0.01576878821764277,-0.09195155288651041,-0.05605128181478352
28,9,0.08604588565968477,-0.07890138245800356,-0.06851166735449812
28,10,-0.033281015147288054,-0.0605036014335429,-0.03295532989685171
28,11,-0.029268798174425188,-0.010390825963019846,-0.011164998605593014
28,12,0.028575922722423954,-0.024742974181197353,-0.015089763979294412
28,13,0.07764619056189828,-0.01653422160855419,-0.008981544217369184
28,14,-0.030292476859953243,-0.011424906417595942,-0.026407134484848088
28,15,0.005138111997397221,-0.03989023042985591,-0.06071427644052697
28,16,-0.028295833581184378,0.060462530993448976,0.014936088840344135
28,17,0.040743415526698835,-0.0746804816840424,-0.10289442134119493
28,18,0.0283063505870494,0.037738162974188645,0.011792822328213213
28,19,0.030038953641211404,0.014048202798234617,-0.006280922388100344
28,20,-0.11484861180276643,-0.056728669506558936,-0.04156440995888384
28,21,-0.008727627007353165,0.024252498922401576,0.0071783250897246645
28,22,-0.016891873462474748,-0.018082209820949564,-0.0013996789574655822
28,23,-0.04793164828025422,-0.042855085717363045,-0.04482456924131553
28,24,-0.05509189500999885,0.01920065812058066,0.060537760003378384
28,25,0.013642501598835665,-0.03797516555694184,-0.03592723104327926
28,26,0.004764551299330734,-0.01618853110448263,0.034882174918195286
28,27,-0.06760241478937275,-0.024762795990760523,0.006864804421592781
28,28,-0.0021576381167742074,0.03519078835783534,0.009969115247070238
28,29,-0.047188397143131666,-0.015605383254024972,-0.034504412503923436
28,30,-0.019346964356932367,0.023289309274777865,-0.0088893487725277
29,1,0.04066351594450946,-0.0203897482967014,-0.012262142446184905
29,2,-0.022902947332945747,-0.005894048800403404,-0.04107141543198573
29,3,-0.07424247816328738,0.011779072593489315,0.009791559211457428
29,4,0.028357477757540356,-0.009977457406545745,-0.02629068104329169
29,5,0.01873251652436117,0.06147701957293672,0.011350139089193675
29,6,-0.10535624772893908,-0.038912327534895944,-0.0566765096569061
29,7,0.005745359597085108,0.045746012009223666,0.10633252182961134
29,8,0.020237916551291184,-0.051793654568903384,-0.051916520356836755
29,9,-0.040945370847248815,-0.028361242674482933,0.03458688120428849
29,10,0.018037756570885667,-0.06328055760812779,-0.059351825731329355
29,11,0.017331350213551075,-0.0345058930215776,-0.052294346120484336
29,12,0.11717208808843507,-0.07882739633770745,-0.06420190469250686
29,13,-0.0546857963717928,-0.05481492710522553,-0.05268676287064754
29,14,-0.06042537481466415,0.02311008369076117,0.04906936104260351
29,15,0.01595728546671869,-0.09646097856022431,-0.04820507291120958
29,16,-0.07700545420451384,-0.02310171994563864,-0.017888016202435294
29,17,0.023647186035662505,-0.059545978094236215,-0.026534525685017126
29,18,-0.02394200325167598,0.007010283720106377,0.03084683990289049
29,19,0.05488728163355158,-0.09399016321377049,-0.07508734455125943
29,20,-0.024187747394841596,-0.032225133202567834,-0.033428433709348636
29,21,-0.011190719115699367,0.07586284558527162,0.06277681946371544
29,22,0.09261966046861199,0.04969136337517483,0.03619752737546577
29,23,0.01437476417449187,-0.007185398405455369,-0.028033405143942015
29,24,0.005665849290186274,-0.05419524173389051,-0.03255512990461142
29,25,-0.04464449648451599,-0.040636199703327575,-0.031852982470288234
29,26,-0.0068644691209883,-0.012625302567263554,-0.032574808200553654
29,27,0.027640717615230823,-0.028604447609171614,-0.04722499154386878
29,28,-0.07603158562623191,0.02038010800440402,0.02458395722383512
29,29,-0.004775682605103567,-0.008869119291211305,-0.026053644088934336
29,30,-0.01250230026292139,0.026987214964940418,0.003154687209412093
30,1,-0.008797442774472213,0.0067702771343076925,0.004680038537637087
30,2,0.05408758133823528,-0.018455365652664868,-0.0007599587657536616
30,3,-0.017098764502739717,0.025910497146890654,-0.0057961289986411995
30,4,0.07073357308030019,-0.014631935565043252,-0.02205313706498873
30,5,0.03749619716034897,0.00019330206114776848,-0.01672091655852987
30,6,0.020299305749821816,-0.007018882473384242,-0.02414904379652969
30,7,-0.03785553111270779,-0.03383448293822498,-0.06366116867751408
30,8,0.02713780031499642,-0.0403416658717883,-0.013665928993538082
30,9,-0.06561180737794993,0.009646084119330196,-0.00695271778243225
30,10,-0.012157729698569595,-0.01886053401387917,0.009918943245567887
30,11,-0.0012488199990417401,-0.04493251312036369,-0.04512598709201938
30,12,-0.07387484319431845,0.018759433866018863,-0.008238508339159185
30,13,-0.011365497707749994,-0.06266255225923056,-0.05071183993268355
30,14,-0.05375435971593354,-0.007602473090097172,0.005454877133479462
30,15,0.006341985571265054,-0.016386213767100172,0.022982423504749827
30,16,-0.024462618553019268,0.010757357729558596,0.014228169722255548
30,17,-0.015937010243436474,-0.033730691055512046,-0.03388137716996098
30,18,0.0042171217542211845,0.0739686397901763,0.0836460166416617
30,19,0.03339872960630141,0.044150515452706006,0.04854054387165675
30,20,-0.0030484291591319937,-0.10673870677766324,-0.07772255137668853
30,21,-0.005708414800271604,0.014788426880879434,0.015820447302595686
30,22,-0.04674568856833364,-0.06471769572741853,-0.027025831139478578
30,23,0.04052658458256803,-0.015042255950052335,-0.005377597236226908
30,24,0.016901178011763898,0.07394309956461231,0.076562912828254
30,25,0.010504995684648471,-0.0394941101198445,-0.0616195182271274
30,26,-0.028886663564458244,0.02589997150002203,0.0007892065721786
30,27,-0.06380282277049307,0.023365600904238563,0.02801403526992192
30,28,-0.03401385673231241,0.011011907198706912,-0.032214632306923674
30,29,-0.04854228711911766,-0.07749537385043836,-0.05401226872310387
30,30,0.12571330626816277,0.009566937915511225,0.0047509790707589115
31,1,-0.021468718965517563,0.05237461530962873,0.029050979609555973
31,2,0.012858284378247162,-0.035537559605772644,-0.040598010503340436
31,3,-0.006815107898616997,-0.004074860443305511,-0.013461935020655704
31,4,-0.06613127510997528,-0.011918028340279892,-0.004365921211108179
31,5,-0.050440772338835205,-0.038524150371137815,-0.0166835924932906
31,6,-0.012417925643383922,0.005768118582892663,-0.006369245648406909
31,7,0.07004797201862473,0.028269120867107173,0.02450512782584438
31,8,-0.07384569290430752,0.007235446742014768,-0.020842023742820542
31,9,0.05387730986778646,0.02519445262136121,0.041471856629672336
31,10,-0.02342700273126161,-0.0024099339680190915,0.004278042723735243
31,11,-0.07489235047150464,-0.04133463672635835,-0.04378650006636957
31,12,-0.010827567046784689,-0.052531581106507685,-0.03205418567419967
31,13,-0.13459788051503813,-0.02437631970123022,-0.00803526076774459
31,14,-0.05852458157457447,-0.023112648155399908,-0.033591314041393
31,15,0.027819760558955974,-0.003728066800163872,0.01514213425337456
31,16,-0.0146417581183646,-0.0138129838510168,-0.026944537738348987
31,17,0.06656048577974807,0.056096564593238155,0.058417303620103125
31,18,0.08314891710639336,-0.01738930962746153,-0.009150274433132344
31,19,-0.07361341686575919,0.020953996284888792,0.03840993458933735
31,20,0.007978860992216947,0.036139534076163,0.04632915128452777
31,21,-0.06734393849247658,-0.0077102466699458805,-0.022196596233841508
31,22,-0.020900000441377947,0.01508246381571275,0.013113906738573029
31,23,-0.06553971369068647,-0.0628208359047775,-0.05084719804192086
31,24,-0.030276949665172893,0.05893730547870678,0.02686487774074369
31,25,0.03846031953503264,0.007034413289578913,0.047420216150953175
31,26,0.06676100960316643,0.0886789410181539,0.07468645126177328
31,27,0.0623737600798341,-0.03372933136386212,-0.060889017052702915
31,28,-0.013458618501542894,0.03786544960450217,0.02545706874799804
31,29,-0.021468528494637443,0.05045154698771332,0.03165467320600429
31,30,-0.0199743201194402,0.051275362017539246,0.08456200424744778
32,1,-0.03601420559990692,-0.03174724669976318,-0.007656176672374539
32,2,-0.05297816695045951,0.03111346680092313,0.01793860363569511
32,3,-0.056285463299313526,0.04328049824438527,0.03278918974246222
32,4,0.02018261311818556,0.013664940036070767,0.020980583874031445
32,5,0.09025588703991681,0.008851570748561964,0.004690364868295476
32,6,-0.01723231265027612,0.012643991854912474,0.0028678763431745713
32,7,-0.05897920545391468,0.0969425110698342,0.10688151726057872
32,8,0.009850107428331539,-0.008154175872988561,0.03817940786896704
32,9,0.04290382803349071,0.10166619018097854,0.09660833193048662
32,10,-0.07667546649262262,-0.05313636665949367,-0.04895622770819345
32,11,-0.03051787958527301,0.005747961602953121,-5.228801524475004e-05
32,12,-0.03715078421546772,-0.0584096785387386,-0.05468425671542097
32,13,0.05425178068805029,0.02673766915594866,0.0101794761544845
32,14,0.014569361386147651,-0.01462319017721317,-0.0024522315444820107
32,15,0.01795307168288503,-0.03467835216663994,-0.04185932550272142
32,16,-0.06330268559754602,0.032760716845795665,0.0365809424249203
32,17,-0.01040100425841616,-0.10688533769093042,-0.1058172937486408
32,18,0.0019367166842587547,0.0679441439428241,0.04882557588317943
32,19,0.049643779326834885,0.00341682258968087,-0.02129124213741453
32,20,-0.022629008461347695,-0.06714502688826873,-0.0547447441591659
32,21,-0.10182102968798051,-0.010138172394405186,-0.0017086615703173678
32,22,0.014927964601238788,-0.06350471736811947,-0.06392232830155635
32,23,-0.06602198961759653,-0.017890855502169307,-0.020468200332385698
32,24,0.000888214205559081,0.08137875279264359,0.05214454653500931
32,25,-0.04857025935342568,0.011570341141175316,-0.004873049867166165
32,26,-0.025737980751540032,-0.00824454201785022,-0.0010297387695304514
32,27,-0.021731337822123855,-0.010519787988071407,-0.017555751533658886
32,28,-0.010891338010618546,-0.006638699862188263,-0.03632796474025527
32,29,-0.0006544727040419513,0.0037555349254096266,0.003833018924839569
32,30,-0.018589846598187153,0.029658367938404418,0.015525373320973946
33,1,0.020045990473682242,-0.013597680102616671,-0.023228222917404635
33,2,0.033057382803287676,0.028503769310594045,0.00836276975605237
33,3,-0.09299250623350408,-0.05796310313519569,-0.026519768421615804
33,4,-0.04612522788967562,-0.07559645030709912,-0.05992279111693768
33,5,0.01200722245510232,0.006058729979892407,-0.00810768252921448
33,6,-0.048245545528800796,-0.08901404331470329,-0.094361435146384
33,7,0.04205248046680265,0.02582952204416863,-0.01750491078718148
33,8,0.04114416738759191,-0.03711593401657967,-0.022044630510242223
33,9,-0.046371322648112404,0.07315786766445759,0.04605807461072259
33,10,0.043536569274561024,-0.005051346536259975,0.00786523990610078
33,11,0.006707637181403517,-0.03918718175514023,-0.03313647551279257
33,12,0.015482193073111732,-0.0025543687846963188,0.003081607224130578
33,13,-0.02373385663653136,-0.07583394741386207,-0.07541594615283174
33,14,-0.032359124326292184,-0.04012669213398982,-0.05909444556311057
33,15,0.03976125520095825,-0.07395706473827604,-0.058342044522731014
33,16,-0.028072069010357394,0.07118242561437953,0.0508476054798746
33,17,-0.1250011599876935,0.07975800695245394,0.12017388243811432
33,18,-0.05122000160788426,-0.023292378548481388,-0.03414082528666732
33,19,0.02398202503032719,-0.01109785168106652,-0.012792095684526291
33,20,0.05524336878258478,0.045037036805364195,0.08808698702213835
33,21,0.005960547075085894,0.006232943628751502,-0.02776507880891312
33,22,0.09995448312173331,0.047597821006201586,0.0658512358714887
33,23,-0.008744026623600631,0.06819844754858269,0.022020742335443117
33,24,-0.019460123666279604,-0.029797512965957573,-0.032168453762010454
33,25,0.04543698785646705,0.01036714022953161,0.02015046625989546
33,26,-0.012703520209616735,0.02285607856414216,0.04121900472706273
33,27,0.017740188321984145,-0.07871844355741589,-0.07042988402120368
33,28,0.015610693648458603,0.052030287196898416,0.051041329549644514
33,29,-0.046327286345350556,0.007104348284079252,0.01951922091474037
33,30,-0.021897016445696436,-0.02133427604311996,-0.01038836867596671
34,1,0.002792198867981253,0.03856789411174062,0.10651638450972452
34,2,-0.026170082719289955,-0.012081519510369626,-0.00023707955838086426
34,3,0.0183545247552636,-0.02522773752991038,-0.03688741358380685
34,4,-0.02036125692305733,0.009206112238523429,0.0114353747248516
34,5,0.003285692797805165,0.03844243664182882,0.03615970439153027
34,6,-0.06978060397001362,0.008971419480752845,-0.012898296803869157
34,7,0.05646631177294267,-0.018871464073513543,-0.031640430711259986
34,8,-0.037530895984500365,-0.03872686091833522,-0.02202816804360775
34,9,-0.06793142667826356,0.006295050651166005,0.022197615175839725
34,10,0.020355077538759054,0.05787230359704949,0.06972288285935929
34,11,0.07614021222411084,-0.033264119560849736,-0.03282000125799955
34,12,0.0009295294577449556,-0.02683724287358195,-0.022931402612316187
34,13,-0.05607206187139307,-0.0317123461772431,-0.023537011644258077
34,14,-0.06591469212571267,-0.01604637277728912,-0.011716624123490806
34,15,0.041810659467924415,-0.03322778289537657,-0.027298306542221977
34,16,-0.05426144337489916,-0.021576207349442152,-0.057896988730942664
34,17,-0.0004282849839897278,-0.013255186771577965,-0.029716054994073208
34,18,0.01489182035606178,0.03290254857673033,0.01616022720886425
34,19,-0.10764987864003786,0.025298736675623008,0.027615446599202342
34,20,0.027966716239234374,0.018152117063993726,0.0017931647375774118
34,21,0.000454887395182127,0.0112899518206031,0.019906935356658793
34,22,0.05570822414645867,0.02252387216543844,-0.00577867934364951
34,23,-0.09389067705702941,0.04919509802991212,0.020798404628464096
34,24,-0.07136367502739793,-0.06481819870009622,-0.056183876027771903
34,25,0.005014213265351249,-0.024791617268794756,-0.014864219599256101
34,26,0.017889952217458566,-0.03698728305115483,-0.04739128684703211
34,27,0.02751982471796166,-0.02633439036308653,0.0046622702263551235
34,28,0.028940346382645702,0.07714611524105837,0.05216088345582758
34,29,0.011352288739027721,-0.07803529971487298,-0.04540977522987931
34,30,-0.06653295346676025,-0.023333206672210335,-0.032524489106288815
35,1,-0.056058634478229674,-0.018279196251263164,-0.012189060752680825
35,2,0.05188086136934121,0.02252913110465119,0.018876567900580975
35,3,-0.05228052653257546,-0.03236887800875475,-0.010796188116678956
35,4,0.06692942056202993,-0.024729265937320735,-0.04121082124933188
35,5,-0.025504763740282092,-0.036100024342661075,-0.04099589871996498
35,6,0.016803765766000702,-0.04852017527699119,-0.07392235110929768
35,7,-0.03922959780377969,0.07187182116833055,0.044566799083840904
35,8,0.030075163005493406,-0.08114994660773873,-0.056567418342067945
35,9,-0.006777576603575263,-0.06970115873804701,-0.04959264023930621
35,10,-0.03533613501719267,0.004346333688560024,0.006969574183895986
35,11,0.002898761741809171,0.05558202447911238,0.02461375878224203
35,12,-0.04184757863929428,-0.027243061976354198,-0.03407024173124901
35,13,-0.012126482006988008,0.08908529489848133,0.12708755317581158
35,14,-0.0077883704899423265,0.005072719810335648,-0.01499274661627602
35,15,0.06899128285509379,-0.03860398858642261,-0.022506093971961752
35,16,0.03953609529772346,-0.005824761189944722,-0.009225762756535355
35,17,0.04857591045171468,0.012001069390475783,-0.008335720619200484
35,18,0.0313045316906984,0.04008829527469491,0.02508205070187155
35,19,-0.015036525812153133,-0.04224523331624905,-0.08226212719103296
35,20,0.004938357181428952,0.06921307486334176,0.09826193570924395
35,21,0.018996610640497513,-0.06879833530361777,-0.03090500978945079
35,22,0.0088600728825992,-0.10289510264841328,-0.09047744019233932
35,23,0.005644567045418129,-0.0404954574442262,-0.04185238903491669
35,24,0.03196780049903663,0.00962173909681794,-0.016066472712285108
35,25,-0.058916459565039964,0.03884878704458703,0.024334930134439645
35,26,0.042377754582830204,0.009641680286891226,0.013067545510182143
35,27,-0.024233289685531123,0.018959005604201534,0.0431582671185361
35,28,0.056924655855067126,-0.012458190008284088,0.013467714975047807
35,29,-0.07088900600886996,-0.015521505873795536,-0.05416515743420948
35,30,0.035827416773820855,0.023889871107572954,0.04622665020109119
36,1,0.02013876167821822,-0.07204398088472296,-0.07692191651740463
36,2,0.07609857745464457,-0.009010735297178609,0.021481766843745767
36,3,0.12623426178594213,0.06388999831892517,0.05748196874585792
36,4,-0.02319729762269845,-0.01706762868518609,-0.0174828301543354
36,5,0.005645013275884027,-0.09623597931712209,-0.07837106210175762
36,6,0.030090925960072352,0.03550822769603046,0.04838024674632419
36,7,0.011006968285356192,-0.011241213517170247,-0.015046457887631441
36,8,-0.017968603421555183,-0.055118385995586,-0.041138917438777164
36,9,0.03236011508623196,-0.03864059229434002,-0.03637595072379279
36,10,0.034465130114275384,0.025295003836930043,-7.436925067320072e-05
36,11,0.012962056554316415,-0.027489160505442745,0.0014634527159764726
36,12,-0.0073983655190699585,-0.032205306368802485,-0.006599620690484002
36,13,-0.014488623060601337,0.0625968305181562,0.04374180874454625
36,14,0.02242272254244184,0.05419941019819477,0.053193101616191535
36,15,-0.0015356473654272447,-0.0050793790397882154,0.031196071614404554
36,16,0.031005545772661257,-0.05136069531009437,-0.059089764031701644
36,17,-0.018385451485243103,-0.0032390994309368522,0.015659126357277637
36,18,-0.04156361922167697,0.050337949690712154,0.03252247019162043
36,19,-0.0503820680413477,-0.04033276444096755,-0.05628666752417164
36,20,-0.06191497723345039,0.022501808596355928,0.031732737518363065
36,21,-0.010519590703061566,0.030714328858269697,0.04030944428730885
36,22,0.014218708408514703,0.019483387889981506,0.02196357659410408
36,23,-0.03033435229208047,-0.03986101886357015,-0.01628845064828485
36,24,0.0335711857297042,0.03586572054838516,0.001589594329149039
36,25,-0.03693151798962525,-0.038910864519409755,-0.04082916319925298
36,26,0.04860087954671152,-0.11239940922789993,-0.05127659326075439
36,27,-0.06238670409682983,-0.05409892068547354,-0.05300843885566702
36,28,0.055772251576769245,0.023723889441793298,-0.0025988202738814205
36,29,-0.02162852721341437,-0.0460547535951656,-0.05906102052502749
36,30,0.004677960658502432,0.03678199854903395,0.023957584306036613
37,1,0.00449441708494471,-0.02181004768385237,-0.0189073752265769
37,2,0.0390248091195949,-0.0684971796999436,-0.04296003993247611
37,3,-0.026721654935361865,-0.015409668632905195,-0.015034797354758635
37,4,-0.014179424783513528,-0.04130282487520971,-0.04278319727882227
37,5,0.037043573034542095,-0.08178834278214049,-0.09611097725631233
37,6,-0.04001991210368858,-0.09892428679572048,-0.09716512957702775
37,7,0.008698296686527676,-0.0785598343243999,-0.04634851413865742
37,8,-0.00934582652840422,0.0027211635445133615,0.00981918960789869
37,9,0.014487215238460673,-0.023025857818644177,-0.043391926458761734
37,10,0.061101881823259686,0.13708434010079132,0.1277436419676693
37,11,0.04194818972800158,0.045011774962670066,0.04468574637534178
37,12,-0.016847381665370295,-0.04456630144414352,0.005296206650103826
37,13,-0.00021835184749298208,0.027759938336041592,0.008910376838431456
37,14,0.017953834726598557,0.05813238171371335,0.04699910922916597
37,15,0.061310981654593685,0.011024415030432576,0.059203580762363144
37,16,0.024858102523667623,-0.07003702736836677,-0.06624418226551324
37,17,-0.02744743912471396,-0.030810414702404112,-0.0029982247595882416
37,18,0.02584671108080401,0.07460569434168875,0.04629109368163166
37,19,-0.00461984010117993,0.019246540412957258,-0.00044691447780588614
37,20,-0.05816875758496685,0.026343885784113577,0.039413606809243946
37,21,0.10961468004129962,-0.06681497618981828,-0.06679523527830071
37,22,0.038322060157414316,-0.0505148080542996,-0.045970005541556114
37,23,0.02453042885857842,-0.051624518378901765,-0.047581071815720875
37,24,-0.03542711445672856,-0.062037930019171295,-0.0831513038625106
37,25,-0.06486543052909044,0.11171741794623984,0.12787125233005214
37,26,0.005690840641290841,0.020357376532400558,0.030560317077764184
37,27,0.015593943565040439,-0.023317211870378454,-0.007210756987906819
37,28,-0.012488059657622392,0.016696889159768004,0.012170236544066805
37,29,-0.12453078122553861,0.12682561281444998,0.1128799039639669
37,30,-0.03408728590416049,-0.023187090239672695,-0.034992763304864616
38,1,-0.01928173038681059,0.06116715484979085,0.06025631697296229
38,2,-0.0477098638664778,-0.016722496851492092,-0.045902542521743375
38,3,-0.00207321112203179,0.00010107011159745641,-0.007832837332094106
38,4,0.004791048295946306,-0.026142529733093618,-0.008318759652258418
38,5,-0.05094501771383256,0.02727306587672251,0.023590167717857498
38,6,-0.003920806546065186,-0.011736176962212892,-0.017342214700503775
38,7,0.04016849913366813,0.04422538455414013,0.0489069898979123
38,8,-0.010774353758920576,0.04523101954836225,0.021870005279657632
38,9,0.0508803332081599,-0.06328947972647664,-0.057679360875327976
38,10,-0.05151749301895224,0.030698614615497197,0.05037878257953399
38,11,0.015950277885664273,0.007606802639724144,0.008372567571638461
38,12,-0.03510627746718443,-0.017556353978101544,-0.017919239499865004
38,13,-0.013662852039550777,-0.012288086309482579,-0.03800737617836726
38,14,0.026373248378459026,-0.045433271915649505,-0.05730827480345485
38,15,-0.03506405515295781,0.02781171832259113,0.02149394417666257
38,16,-0.020398648197339667,-0.034374396284668866,-0.03808621284534061
38,17,0.0428280959074216,0.05720951772000176,0.051016174124131064
38,18,0.02684504674525945,0.01615866553196766,0.04956623255604736
38,19,0.013810410183671996,-0.02193452658269934,-0.01623994329205409
38,20,-0.03471442731288979,-0.10298547502669113,-0.08561094077423373
38,21,0.056070792020517214,-0.11355918409070025,-0.09482799724557783
38,22,-0.009889970195824795,0.01081627305439608,0.029086361981258593
38,23,0.012109997326494527,-0.060158253231763194,-0.06057889001440573
38,24,-0.0618372337984692,-0.03848794160238964,-0.05656694962349963
38,25,0.0027141991096414756,0.010291166195638165,0.019095056105130886
38,26,-0.03162515210570733,-0.01458460315054576,0.005236057393963242
38,27,-0.13560771705802094,0.011405002485519946,-0.017551504825605378
38,28,0.06070934570637625,-0.03654110737680674,-0.030921863710506987
38,29,-0.0227738837047919,0.0180010503657766,-0.004781326346893902
38,30,-0.012976702754916618,0.009341907500275639,-0.001158102379151789
39,1,-0.001953505196898269,0.013856634684498667,0.02453453390064128
39,2,0.053340320801973734,0.04059955921317503,0.0501290870702081
39,3,-0.012758897450071869,-0.0189993743814544,-0.00977815997559331
39,4,-0.012082922287464893,-0.03362970256189796,-0.03383701797677227
39,5,0.05088192043311491,0.010849846370275624,0.02922525156002461
39,6,-0.0015803649398297497,0.039609922404696164,0.023314132541685045
39,7,-0.002481540507038005,-0.007180969395044311,0.02758996070154234
39,8,-0.053852483713610934,0.03317562534453266,0.04328611959073935
39,9,0.03903032768697547,0.011860119408640379,0.0153178650809599
39,10,0.02817596248317841,0.004927755592195809,0.02031709915671964
39,11,0.021525521046270434,0.04500284040825877,0.04719125948768564
39,12,0.03433295260155552,-0.02831105359612278,-0.035917793427422434
39,13,-0.08622964811302392,-0.09711779164274426,-0.0963244273290252
39,14,-0.014916205777126627,0.014831289607610851,-0.02651664434654308
39,15,-0.00013520193807106939,0.021507529949931072,0.03537927891299718
39,16,0.003789733593127983,0.003576481769631136,-0.010435030753657839
39,17,0.017391908317392672,0.050610038695261844,0.05781339184175117
39,18,-0.0044123572688555285,-0.013359459303888963,-0.05775966211239789
39,19,-0.006741344321073236,0.01568508735508859,0.019339056294337922
39,20,0.07969643221939107,0.0031272446263615806,-0.01695053005936694
39,21,0.07055794120736429,0.03952870242869963,0.012490493505107867
39,22,0.07335548225665915,-0.013914935768705755,0.021633877909651125
39,23,-0.037929426369201984,-0.008307461319874983,-0.04587110616427081
39,24,0.06144096746857306,-0.07208627158619264,-0.06587933788155609
39,25,-0.06806264765606919,-0.004408086246226815,-0.044352796631023775
39,26,-0.026945785143453086,-0.05994124780910343,-0.057873255371603816
39,27,0.04231606498293378,0.07927918111930836,0.09232429940834382
39,28,-0.01882936762280823,-0.004924509876771007,0.02784742923693105
39,29,0.06176481340793404,-0.01549537010861257,0.020423418800769654
39,30,0.02065700007820516,-0.03006728845272028,-0.005752889989784867
40,1,-0.0078080361694504346,0.08855378908478995,0.08868043437532644
40,2,0.028149025617876848,-0.00999956375117324,-0.006090797258371444
40,3,0.02207858371264885,-0.04694578831501429,-0.019688056410030793
40,4,-0.04903548665778926,-0.014718555518549857,-0.029584718570772463
40,5,-0.019607055047951474,-0.0577885737860225,-0.03955576008790401
40,6,-0.0677157063004383,0.024615904657927824,-0.014889359538971676
40,7,0.05208438446131826,0.06414431243548278,0.0442973988138431
40,8,-0.011543539951026218,-0.0504290345564961,-0.05216100452401545
40,9,-0.043782649121299186,0.0012832945144057857,0.05524073852865909
40,10,-0.1190624399446597,0.007834775418323855,0.010159896459844978
40,11,0.011161030954233792,0.015619144653166462,0.011056542791942441
40,12,0.0052666216918152015,0.007332081289439728,0.012794511811838064
40,13,-0.026773903430245875,-0.011693851756111637,-0.027781537158269684
40,14,0.045197994867935624,-0.016273394262664435,-0.025782524649569198
40,15,-0.08144889708099326,-0.008882834759657942,-0.048967973049363414
40,16,-0.07049448805882676,0.04427107431099315,0.015013196587154498
40,17,-0.04926368570467106,0.013213433455891904,0.03104001539521112
40,18,-0.048722144528892314,-0.011001606640012731,-0.02865783553909427
40,19,0.005138668860066868,-0.0016238086482447498,-0.02590697764753082
40,20,0.008914030481804424,0.062199593443663055,0.011328121336141252
40,21,-0.029283917529179634,-0.022581892813908006,-0.01757037399615857
40,22,0.07953805708763088,0.02723663299052167,0.02200850963049065
40,23,-0.007585581587195911,-0.004960717760995368,-0.0390319300498642
40,24,0.051492115607412375,-0.060006793098427415,-0.06756974052888853
40,25,0.02354133261854823,-0.05377608782930075,-0.020409297036057157
40,26,-0.0026058152803986163,-0.033323447672262294,-0.020431920821762782
40,27,0.023016131893357522,0.03149827396600974,0.025883004550931114
40,28,-0.006183716005675119,-0.016256344604642085,-0.003279126759634058
40,29,0.006373707710578872,-0.0023310746876958736,0.0011259169814725677
40,30,-0.021602807135593084,0.09518917064607271,0.08930813894457146
41,1,0.02125463604091006,-0.10563428415636127,-0.102332815580468
41,2,0.0016518659748521818,-0.041700029224861934,-0.015586573739579756
41,3,0.030070327669125218,0.07070266291895135,0.07195438696409234
41,4,0.10968686396860902,0.04725819690895906,0.03774165710561946
41,5,0.039839277440444514,-0.013158520489764765,-0.00867112213875688
41,6,-0.03652290170490814,-0.045315220595939565,-0.0342194958502631
41,7,-0.013312184226155772,0.12056766051555404,0.08807304460701547
41,8,0.0332241208740103,0.03925201737492199,0.030381888615879357
41,9,-0.05961500555015103,-0.01410948014148371,0.028261838961705196
41,10,-0.026032087397262104,0.051805619975723485,0.025470212862238554
41,11,-0.022385527761752934,-0.05199223031963605,-0.0603529654394588
41,12,0.032796694434273334,0.058961236478163544,0.053120289839323626
41,13,-0.012674119421803963,0.0496421282347995,0.03003957840436219
41,14,-0.11290838158293139,0.023228055240064563,-0.005897015699408825
41,15,-0.008064607164495793,-0.020200656987064133,-0.015643257030638208
41,16,0.00456413666733182,-0.03535971178680297,-0.0416899859619324
41,17,-0.008873407130416119,0.09532517275131858,0.08840429102192639
41,18,0.021776284306355042,0.013811890276181987,-0.005014593429427438
41,19,0.09032543059467807,-0.018140429771662348,0.0037056248245452435
41,20,0.043705113895893814,0.061954558046498576,0.05569163716447881
41,21,0.027628710580556097,-0.013747485163153108,-0.011315512215667907
41,22,0.01540287043194465,0.03845453890310746,0.05538826561650593
41,23,0.04844367836624885,-0.018502997723117948,-0.04562058741278264
41,24,0.04128702022264534,0.06335848919693117,0.06096793758233012
41,25,0.01888412562958765,-0.004068630641886655,-0.02455216396176434
41,26,-0.053716719994983016,0.06885442364940447,0.047362194887259616
41,27,0.056117072718244204,0.0032885815910456188,0.012449833020886628
41,28,0.051635285318276804,-0.022364990697558176,-0.047557807337635725
41,29,0.041345472036661675,0.034242448137815254,0.02822056463360665
41,30,0.0011628592340032248,-0.031950260238550826,-0.010641510391449227
42,1,0.09378838643028849,0.008326703405632548,0.013326020487056117
42,2,-0.014758040752448734,0.009002380110290484,0.0032799412866313694
42,3,-0.00639979973025304,0.062359128430246935,0.005585021261560684
42,4,0.028537779766361272,-0.04476555865750594,-0.01593452820550672
42,5,0.04625874957554905,0.00399481869754294,0.020291800502247576
42,6,0.055944177742352094,-0.017583959814352765,-0.026072501726543695
42,7,0.09211010063594986,-0.057142043399418724,-0.028915064804145914
42,8,-0.009291172825426797,0.027501208757991377,0.02850249921102257
42,9,-0.06456836642840134,0.01229631141842212,0.00220257409769936
42,10,0.01750390330956914,0.007301608379660288,0.013119633173170322
42,11,0.04221332289102783,0.031790279554834946,0.0015465477000617595
42,12,0.10021256985674526,0.0487954489678499,0.07034909891925091
42,13,0.0041077866208763785,-0.01842969308586148,-0.024751135588369586
42,14,-0.04742747513629303,0.001781255581597737,-0.005484650412987221
42,15,-0.08656906862125281,-0.033583629924584996,-0.013161107369723386
42,16,-0.00476182999244166,0.0038809890194642614,0.00738994165081417
42,17,0.019949157779208544,0.026604264697692868,0.01198045018415924
42,18,-0.011306838694080902,-0.03686454438117807,-0.0076910339112580516
42,19,0.03614993831532908,-0.027510558081480948,-0.024146260274572003
42,20,-0.02144451899661429,0.04333405351529977,0.04897082250836754
42,21,-0.012151955547379608,0.01571677822049278,0.022510563877108487
42,22,-0.0011886325438565531,0.042692994008502815,0.019042131206220576
42,23,-0.014044880247061577,-0.04556125503084414,-0.04158171912818496
42,24,-0.01706751975910683,-0.035738331462940344,-0.05137145859046272
42,25,-0.05262025340008174,0.03183098638708975,0.021192498802969497
42,26,-0.07461226141913443,-0.04980217727133553,-0.022258047819457942
42,27,-0.07488458120710884,0.014525571439642969,0.01630869589623896
42,28,-0.02763509372871269,-0.11267588661864696,-0.08964624185998189
42,29,0.015112686997041153,-0.05670144981055317,-0.04202684593764806
42,30,-0.0433707538939726,-0.03877630688559469,-0.04154573601169062
43,1,0.011699371121106611,-0.0668084105906477,-0.07622584057871302
43,2,0.04429470058854885,0.01975640282714814,0.004334979155203365
43,3,0.00747138189747234,-0.0551799131129614,-0.06417004496240056
43,4,0.006292046180344073,-0.009646374426301903,-0.025878733819967817
43,5,0.05766243012494124,0.04140510844805903,0.022845384436752325
43,6,0.02504457702231458,0.06090251775230854,0.13574046505124798
43,7,0.004827427251514607,-0.03847391790470025,-0.02054150274563468
43,8,-0.08163936112430596,-0.012852518839784756,-0.0022454552221456534
43,9,0.0022801124642409173,0.027822608276586107,0.0010898644139395374
43,10,-0.04335144160581431,-0.03185841571610587,-0.026638617651834142
43,11,-0.01844268613686091,-0.024023883949190864,-0.03187618916651583
43,12,0.023913983854256648,0.019720390859502432,0.048052142867058605
43,13,0.013683516226158012,0.027946797338826178,0.016908432639869436
43,14,-0.03895834954620531,0.021200211029765943,0.03305671800584704
43,15,0.027949854798205897,-0.06582212504356914,-0.06630545328838765
43,16,-0.05929092766198794,-0.021652155612857396,-0.05866699028661861
43,17,-0.005691673166755505,0.046736508825177846,0.02321239051947476
43,18,0.05428527621629326,0.02642604823170518,0.03463769505542472
43,19,-0.03184331743460701,-0.012793873319138395,-0.028224516775408933
43,20,-0.021188548686973153,0.08466665655563957,0.09560239333936986
43,21,-0.055194174822388545,-0.03297472339528277,-0.06674019982751622
43,22,-0.03416332967667519,-0.0520737461449,-0.059694994108566574
43,23,-0.0881932580713271,-0.03222718915278423,-0.027161104169572927
43,24,0.037389426651823224,-0.04698764774958539,-0.04458146666088292
43,25,-0.05055421108486546,-0.027219412309025016,-0.0054478285725651455
43,26,0.009038873463815439,0.07577755548664245,0.03670712098821523
43,27,-0.018875345853638176,0.02763214749373766,0.06262451166060876
43,28,-0.05291908410436572,-0.08169304578125172,-0.08086779996661382
43,29,-0.12375165668637668,0.0652796912217255,0.04040105467676089
43,30,0.014603851936003385,-0.08461954818993492,-0.08717475696683406
44,1,-0.026398034245876188,-0.016424993032573162,-0.028043685006910107
44,2,-0.014257710348651193,0.03017373288197634,0.08296083710089384
44,3,-0.026607013568543912,-0.02491800936942449,-0.05332390521244632
44,4,0.09092189457752636,0.052960866517771876,0.03854667710878239
44,5,-0.01263271882284356,-0.08245516605150595,-0.077222075335579
44,6,0.03540141025726066,0.05414048399351481,0.05930578686644211
44,7,-0.003279462550406678,-0.012482207468145321,-0.02826672528052598
44,8,-0.007454145072727459,0.043520637035037356,0.03051644825959921
44,9,0.025774029669724616,0.03125875343266833,0.01560045044807136
44,10,-0.01680836182799554,0.05857678225989584,0.09489517677601222
44,11,-0.029154433975892114,-0.04485756159258058,-0.041648661991521875
44,12,-0.05772145348509201,0.06371567137170496,0.07350313738346231
44,13,-0.0665315155804884,0.04695086764656624,0.025143631289966644
44,14,0.06227641140619315,-0.026735322806378276,-0.008397233377622302
44,15,0.04333540048405706,0.025236449108413626,0.04828619750183466
44,16,-0.034032542641340174,0.05762350141306272,0.05617520805405455
44,17,-0.03796259940959045,-0.025749095938196617,-0.04506111552497851
44,18,-0.03178290235343822,-0.04228446689975144,-0.05802560057831776
44,19,0.021240140155779665,-0.016883354404003004,-0.030486072209304018
44,20,0.0068552451078607276,-0.03075987892114049,-0.020263664731365802
44,21,-0.013079077520087296,-0.028522684339643223,-0.027804030416762687
44,22,-0.01604499973014051,-0.010928548159974447,-0.010473604137184345
44,23,-0.03218334143507399,-0.03831190426965186,-0.021267085828047053
44,24,0.009946227355422544,-0.013652636948682406,-0.02246083801302319
44,25,0.04036714083212447,0.04430291944696272,0.06168831519175949
44,26,-0.09102069842073662,0.009833376121138371,0.004689341225988816
44,27,-0.03723366329423002,0.05455605885544806,0.08892529703235297
44,28,0.0360596022411775,-0.030435369472771364,-0.03393187879744094
44,29,0.04451126314549592,-0.00326529443539014,-0.006164370165648457
44,30,-0.06779645668543627,0.06818722667842735,0.08369609840122195
45,1,-0.04150589586021263,-0.013708115982278784,-0.014788625320630949
45,2,-0.06391214367748464,-0.09503012201918733,-0.0718134289151357
45,3,-0.12298816203394021,-0.01739005055374768,0.008015757500144778
45,4,0.06659350712522072,0.001382897649304915,0.02558351286614885
45,5,0.05900607819042014,0.015968830431623112,0.03689303358315311
45,6,0.09241295045067849,0.0058173632184350685,0.013428892086249056
45,7,-0.04242493868417486,-0.05016914251049061,-0.04209963654246062
45,8,-0.04108641154237225,0.004475834710257269,0.010314585289858963
45,9,0.0022613123507426772,0.08638419333186605,0.1229477873698641
45,10,-0.0031498484735739845,0.00711429672785786,0.03787735681503081
45,11,0.061666087214743696,-0.05171723480509776,-0.06559565295768473
45,12,0.012338154734825559,-0.0445646661108883,-0.014712675707613872
45,13,-0.02600622311233508,0.07578069706695566,0.04799927679771117
45,14,0.07744508250913068,0.039830260825202336,0.046072244934221164
45,15,0.03210251436458426,-0.0935046727883029,-0.09364556662073413
45,16,-0.07027960610723966,-0.036233227073484836,-0.02038321195342238
45,17,-0.018365649892386128,0.04723612224547082,0.037695220873009194
45,18,0.036906743002115716,0.015781680137406807,-0.02519741683224469
45,19,0.08225534194744086,0.006402327530469481,0.0032314004228665874
45,20,0.05743586016636141,-0.041780247399090906,-0.041310198769547765
45,21,-0.006860641701208223,0.008972846805949144,0.018870996637300477
45,22,-0.004476938288009646,0.05090490946994255,0.03962534438978412
45,23,0.00407967485070964,0.024562629939371753,0.04099760333639941
45,24,-0.0052132809684381646,0.004564225390048167,-0.010611039339285817
45,25,-0.09165548268111696,-0.08087144899068954,-0.0783645099480109
45,26,0.09930457145107084,0.030447153671187933,0.009526584540498612
45,27,-0.10231067403534748,0.068106052896459,0.08471051954752483
45,28,-0.021221890548822137,-0.09285087163645663,-0.07790968075024557
45,29,-0.05791985996134998,0.023769098892003078,-0.006253519738078679
45,30,0.008659112863950472,0.00412093338490646,0.0007511948841737784
46,1,-0.03734551995234942,0.007649011323954818,0.024527641077523792
46,2,0.09123556946199947,-0.03775507446303229,-0.0034945050454974853
46,3,0.011012476093220014,0.07246056293312679,0.08924084081334659
46,4,0.0744342157460923,-0.021127933939235448,-0.013552128682123013
46,5,0.019427165467820796,0.0038772662628656853,0.0011386726188183068
46,6,-0.061466898934534296,0.010029707491274678,0.010270009243186043
46,7,0.024469622853037488,-0.07260247937543401,-0.06145633276196871
46,8,0.01825807533625834,-0.04179307310631382,-0.03500711452711248
46,9,0.010505828538815588,-0.031236467954178993,-0.04790919158120314
46,10,-0.009307672068742005,0.007641577643652267,-0.005945273757369258
46,11,0.044713199390680816,-0.001732397270462716,0.00011215064860677922
46,12,-0.0024293768489999272,-0.07531347753534443,-0.07176338490663356
46,13,-0.002949501701744565,0.018720961557989732,0.004449703774694541
46,14,-0.04340949408979266,-0.056461648222242575,-0.05250459771417097
46,15,0.06182503628703215,-0.051210574895043395,-0.05385685541836856
46,16,-0.07286633834082328,0.09011451147626777,0.10981380994351522
46,17,-0.03615274197929399,0.043259651988873805,0.04149896411082516
46,18,-0.11043779957086192,0.00896496731580013,0.01580656797322854
46,19,0.043483694661178046,0.008775532849881537,0.009409805032049306
46,20,0.051455162144320915,-0.011902112574828216,-0.028026011626246558
46,21,-0.06741674095456679,0.06512273544311906,0.027599310574452883
46,22,0.04118329328243978,0.019478303697394037,0.018888877322406405
46,23,0.006461842318933567,-0.08624702828517339,-0.10616769389848656
46,24,-0.01999148426959817,0.007199296598938238,-0.0019788162829293453
46,25,0.03251115318306972,0.03170975177409868,0.033741082332395964
46,26,-0.019328724024304262,-0.020831773758237433,-0.0140809538619658
46,27,0.042396220052999395,0.05955820196430783,0.04777213006169829
46,28,0.01827327022087109,-0.0386913278959575,-0.00658499567622871
46,29,0.025220928897134176,0.06517851060142008,0.057513938174724936
46,30,0.05288542024373293,0.0149506627781152,-0.009466153148667129
47,1,0.009868230667291221,-0.06371153635706858,-0.06224616081565276
47,2,-0.0014560726626249498,-0.008832997690716417,-0.01915951990991581
47,3,-0.1342877403032397,-0.012471266523014921,0.005738472927437328
47,4,-0.03886515692488179,0.04852129644496865,0.08384207913875379
47,5,0.10571450164620179,0.00340963685669897,-0.027448739123912137
47,6,0.05682527159077769,-0.028788362649684054,-0.028897369412737347
47,7,0.10812399717215408,-0.051406229518202305,-0.05501964678445052
47,8,0.004762359659823719,0.04477316447483966,0.036373650044938324
47,9,-0.03382986938566416,-0.026345894480735824,-0.05622761716859988
47,10,-0.02048772237768782,-0.006592847197178285,-0.005375049689652312
47,11,0.03545592050853281,-0.03627635202631796,-0.026275817310281082
47,12,0.10156600346742853,-0.01707799651357714,-0.03158234539456452
47,13,-0.012415056440666811,0.03407850695080452,0.006211885054071832
47,14,-0.01666023606447731,-0.0008668290597001164,-0.014854907841471258
47,15,-0.03271328674024868,-0.03214579457880243,-0.015183173694648378
47,16,0.06211819601356964,-0.008551711202517721,-0.03273423543990572
47,17,-0.04598730210254795,0.0369077467043819,-0.00405810459135021
47,18,0.055154320914459334,-0.01699064775667162,-0.029497929462213687
47,19,0.07611841433891568,-0.012356878135810236,0.004082570946976064
47,20,0.001842116270799923,-0.04843190088949751,-0.03982587531018451
47,21,0.016879676242659302,-0.0009168350276804718,-0.013768297863817652
47,22,-0.04910594472255869,-0.02792429274216449,-0.02389371090184757
47,23,0.08154255748171578,-0.038776670091297476,0.019254922813993786
47,24,0.06053733446102998,-0.022066825575897522,0.007035463801937005
47,25,-0.023602815814343772,0.030292703231292864,0.02358535204597296
47,26,0.022174086652276558,0.09733050546752711,0.10453241400322036
47,27,-0.04876799673313646,-0.03101488834193932,-0.0011318972954429372
47,28,0.07173297914953412,0.03405424087340187,-0.0031551052490487877
47,29,-0.03490884931342246,0.011162173609030792,0.01583006451289978
47,30,0.05994106346726926,0.08780301565479298,0.1061169676212824
48,1,-0.042588768705038756,-0.0222173632945676,0.0023988614530791974
48,2,0.007371041757775793,0.0032551712291984812,-0.018991399351632538
48,3,-0.08017631954903122,-0.032635154900108265,-0.03415454945923461
48,4,0.020270352637368386,0.0019053982914542355,-0.016600364524693784
48,5,-0.019206636448249513,0.059404734890601926,0.06939088347146762
48,6,-0.04532929745682999,-0.037763207851963215,-0.031507818702714636
48,7,-0.06335128528896103,0.054057731651272124,0.08346353495350138
48,8,-0.06243129194551154,-0.0006086216610288271,0.009388273083378938
48,9,-0.011924198676709236,-0.0017545918345276358,0.052361386356006366
48,10,-0.0627345668768799,0.02575056350743144,0.008962036682066866
48,11,0.05937202920983246,-0.008928484960050687,-0.020433980188033017
48,12,-0.02040685003674534,0.006218816616560451,0.010989725386433611
48,13,-0.016019753669373023,-0.01565815995599087,-0.010649164448238902
48,14,-0.029056635130119652,0.04988143075297312,0.01209751184330276
48,15,0.05465172289167817,-0.01360349149903333,0.005232313898115495
48,16,0.0240981216006687,0.048698220274340225,0.03163606726928548
48,17,0.027789659551098425,0.046252558981134666,0.04430473482701655
48,18,0.12796666105236437,-0.04609346581750829,-0.039056796507210056
48,19,-0.0696689503943157,0.012402548223434295,0.025472695065859318
48,20,0.11904490855165409,0.032861645688039634,0.04649650125912006
48,21,-0.07497378460010012,0.03890297115100264,0.02511627594921859
48,22,-0.004336810757977744,0.055166444282797635,0.05902272088104471
48,23,-0.03164842315978496,0.011842511754104043,0.011852680403759416
48,24,0.10134678708251038,0.02801069692221078,0.020132006298593907
48,25,-0.11435805433334649,-0.03850014111579429,-0.040484380598549606
48,26,-0.009402988978682001,0.04289988689690334,0.029368685112970076
48,27,-0.07556462240716759,0.04210426508157809,0.03747833483173497
48,28,-0.034984049978217927,0.07276001116061746,0.031728801134513734
48,29,-0.08754467493499463,-0.029616772159528727,-0.008232760730323889
48,30,-0.03254897846974814,-0.041241825066928174,-0.03903177954787578
49,1,0.029410969254336918,-0.025869861197963716,-0.030426291387246007
49,2,-0.05891130801833442,0.01314033085063818,-0.03994320358609761
49,3,-0.00329057231005631,0.022625436560155983,0.0650784533904338
49,4,-0.009362873778005385,0.06742517295622141,0.12485980029481653
49,5,-0.05370799581421721,-0.005314713953831572,0.006580087890436383
49,6,0.042063650413206866,0.03340903643715565,0.020895191571289908
49,7,0.0011087179883025452,-0.08333119138238433,-0.05055681929192464
49,8,0.016123453826167155,0.00430991203616829,-0.02010433649077309
49,9,-0.028021828266983788,0.05336363377408268,0.031507410531484176
49,10,0.00916923910210244,0.018912878962406853,0.07234611780689386
49,11,-0.012906399716621546,-0.019077248121639887,-0.02115066112322701
49,12,0.000317858942244844,-0.021910037296643047,-0.03403774576897493
49,13,0.02679104355946228,-0.0009226664939875121,-0.010819414861085463
49,14,0.03156259605287319,-0.01882862862482229,-0.01756329342548644
49,15,-0.007822003192906766,0.07456556669521858,0.09428597940619225
49,16,-0.11003144126160892,-0.06547434831310628,-0.060857059969825995
49,17,-0.004282018882215144,-0.07449692218805504,-0.06347735004997528
49,18,0.046734013689503535,0.0018674280107878237,-0.024974494546566056
49,19,-0.015628088924688782,-0.06944884839239074,-0.04593384172900974
49,20,0.0029921650419451745,-0.05984196500223246,-0.06345467500589369
49,21,0.01839388187433612,-0.0034812281610282765,-0.004573262958394839
49,22,-0.08283382408379576,-0.03549332073431052,-0.031162132011194443
49,23,-0.0537385266916128,-0.11025379043868402,-0.09527828099552724
49,24,-0.016411892148163198,0.012596527514853084,-0.018684073505048946
49,25,-0.016804829969565768,0.010050799008917501,0.038238017246938566
49,26,-0.0204396175471795,-0.005368179251245969,-0.03521897879280267
49,27,0.017296506600791312,-0.003535668249538082,-0.025515282655054483
49,28,-0.05111804394247913,-0.05799389662787816,-0.08405301361954572
49,29,0.014530985134238093,0.06422839158851971,-0.0019477378290656642
49,30,0.07416561517473606,-0.0260257617319494,-0.02816756561866914
50,1,0.057925763987115075,-0.02688915795845089,-0.032743829494821186
50,2,0.031088860593773728,-0.002312300671509305,-0.05062326083145226
50,3,-0.015494253373307275,-0.0648107981893857,-0.0528560704234606
50,4,-0.0688569323421267,-0.011587876062978746,-0.00524800455038914
50,5,-0.11483621685807255,0.00033887394164984074,0.02523302269182824
50,6,-0.03981816465601073,-0.014160011047888168,-0.03049387433072289
50,7,-0.0531610566248829,0.04490470526575073,0.02093945025046356
50,8,0.025190440630910197,-0.04037373049583465,-0.036733212943088345
50,9,0.0503045087527715,-0.002455589063647799,0.010869554387547529
50,10,-0.03496338605839786,0.05155034395815853,0.03685472990030272
50,11,0.024048341516688655,-0.07344237862332288,-0.06017693015391805
50,12,0.014393313104764523,0.00578893279306203,0.0348037577397766
50,13,-0.023266698015023766,0.009723477873441702,0.05593369298445414
50,14,-0.02595094219950646,0.02539615212359226,0.042108195996773325
50,15,0.02951216277102115,-0.02390836490817182,-0.018514943023529167
50,16,-0.036064527953936346,-0.010769158133130178,-0.0028908447148335114
50,17,0.028355253862559424,-0.04029196664861637,-0.03373562577708506
50,18,-0.06874787533268802,-0.05143017296357102,-0.052100797829978604
50,19,0.025359286129939033,-0.022664222909558385,0.008190710954313533
50,20,-0.010783366778748048,-0.022042695340350398,-0.0009254967190316831
50,21,-0.02382755023587135,0.024525682191699896,0.02170183190093987
50,22,-0.027551043364623135,-0.013796668228603879,-0.0266574730390023
50,23,0.019592547518098653,0.029929544178348737,0.05337736114364929
50,24,-0.10795182873379038,-0.02591579092192464,-0.04548307770197891
50,25,0.016039810049523397,-0.027931431075011066,-0.03439277373286375
50,26,0.03851483810049282,0.054270599839124196,0.028312310742803454
50,27,-0.027248414020480036,-0.020917959325220312,-0.044748492187852325
50,28,0.019042524862525723,-0.05990411213355811,-0.043121333136122625
50,29,0.015744084564681262,0.012988982433479608,0.00608741930381778
50,30,-0.03799837873727216,0.050332483447326555,0.06314531597568568
51,1,-0.004761475781608996,-0.021071242014021187,-0.018618387787197755
51,2,-0.022749130263189716,-0.032236672498746136,-0.021968127817755378
51,3,-0.03266629327158697,-0.028930811808168207,-0.03895961928809292
51,4,0.03811782856014915,-0.0200988266469035,0.004353946486553944
51,5,0.08311675139472521,-0.012913061664768766,-0.01109388267976132
51,6,-0.00010996016648716147,0.032826259407558595,0.07545008630167829
51,7,-0.01222040081796507,0.012561596797377656,0.001436008586803159
51,8,-0.06463158220674259,-0.0313378015729944,-0.04552082264143469
51,9,0.09561965313625467,0.002449655524498533,-0.008174192872137326
51,10,-0.021374694410859058,0.004257174987438435,-0.010430343329959462
51,11,-0.0853902007616363,0.10635069859591602,0.08945417164429814
51,12,0.003441070301284717,0.00976193019175878,-0.002572838396339402
51,13,-0.011445141200654154,0.02741881027001853,0.001933762095973042
51,14,0.06873888279401144,-0.01366989756182215,-0.039542606121408315
51,15,-0.020935332789418736,-0.0404922613534725,-0.05218624798023446
51,16,-0.019827299030964304,0.045824472244577794,0.06455022904801572
51,17,-0.03819313460203815,-0.10037249404787286,-0.08572027452944969
51,18,0.04500308471268733,-0.03045589180866532,-0.029198462410521882
51,19,0.03607139412574321,0.04298466231883633,0.004322499277727993
51,20,-0.010399058029643856,-0.056568964003356245,-0.07444184071807787
51,21,0.00504284097326599,-0.014124500097790926,-0.034775015070874604
51,22,0.00036118428618548,0.04408184236130412,0.044282218283066964
51,23,0.030651261872291453,0.001928924478554571,-0.004206900392367071
51,24,0.0076438717545198355,0.013560235611761036,0.017250840873594825
51,25,0.04712884982351854,-0.018701069305593326,-0.03161873441602578
51,26,0.020017164904038744,-0.052964150667262413,-0.049525442900670236
51,27,-0.0764242903512047,-0.025093372939407253,-0.01691438198030586
51,28,0.05708879230551265,-0.06041724068916283,-0.06044141975421326
51,29,0.01040750280517057,0.050028728296562554,0.09187954414790903
51,30,-0.060119029802751835,-0.0015198855250602755,-0.010349419931315508
52,1,-0.03801907204523702,0.004485114800351406,0.011798540167649214
52,2,0.022359467229975095,0.03081427440205278,0.07334402899602546
52,3,0.015185907142493857,-0.02516967041302433,0.0020142601617181674
52,4,-0.027972311057721078,-0.006690472813881124,0.013777663585944257
52,5,0.03916636392853068,-0.03398519394501654,-0.04062685399865326
52,6,-0.0750748015698766,0.0015117112689471243,-0.0008184970689304885
52,7,0.07975132038042017,-0.06032578154485168,-0.06922318950771159
52,8,0.04052043229078521,-0.0401371351667608,-0.04275521163094065
52,9,0.002446385718560736,0.1263374380117044,0.12876646068261577
52,10,0.028946490322973195,-0.04781646228261787,-0.022443229055024577
52,11,0.011193319724117938,-0.03451459157421927,-0.02684397426023486
52,12,-0.004763512458439862,-0.03510760707163258,-0.05019409115521031
52,13,0.06593311824816309,0.06796333940423686,0.04006500732310205
52,14,-0.05366977177112215,-0.05911391880845963,-0.07314098211085425
52,15,0.06667800466279597,0.05229192648675799,0.041224611907283805
52,16,-0.07177652245357757,-0.02685367364910844,-0.04712132884646767
52,17,-0.020946224463066467,0.06167823825332424,0.1006177132479629
52,18,0.010626670140446257,0.011526266446266767,0.005045331384773143
52,19,-0.02273624830128102,0.049863236617844905,0.05416249471926414
52,20,0.016121929406709253,-0.07529211673318266,-0.0670128788732869
52,21,-0.0669364835072259,0.012891550712478567,-0.017573906941969746
52,22,-0.010417046503005956,0.01999230268353164,0.012743194980822325
52,23,0.006954011141924031,0.032361989072065514,0.02895018784287834
52,24,-0.04207875849719686,0.025197335106909913,0.006027413363410693
52,25,0.01860451410566699,-0.040872000709360076,-0.0627363472791454
52,26,-0.08202070199995565,-0.07916945223328867,-0.07691708773001905
52,27,0.00498007156307412,0.007793182898567471,0.010172684552813104
52,28,-0.06975573614354096,0.06488813148923012,0.037983507074647385
52,29,0.020524003595698406,-0.06590355754748899,-0.07899528641137424
52,30,0.017517111687345096,-0.02548027503199231,-0.050616943244170175
53,1,0.02951235876978712,-0.04942303893245863,-0.03314629119844954
53,2,-0.010611820142413585,-0.014988640368146965,-0.004477657711157487
53,3,0.04667825916996264,0.024502023127110972,0.004458030003069703
53,4,-0.05146681779759149,-0.0037473443888313652,-0.012088060986311022
53,5,0.07210954317726524,-0.033747548540128396,-0.020349471113344605
53,6,-0.02168857310007952,0.019316677498955978,0.04486406078368585
53,7,0.028717071019694673,-0.0961166672469305,-0.07902920394121132
53,8,0.0446908993509882,0.01597237271054877,-0.008751240466190665
53,9,-0.01852195186593619,0.02168910949023829,0.054717757287116524
53,10,-0.045038909954477374,-0.02396394747409308,-0.019478315638316382
53,11,0.032733787585358304,-0.05836223129370259,-0.042043775697110625
53,12,0.08818354293485073,-0.028139316516435312,0.0046332379355451415
53,13,-0.00725168972348036,0.0005036969572368478,0.003980519792437431
53,14,-0.013900562028569532,0.06905488704162538,0.044693601207328335
53,15,-0.01010938464331715,-0.05552059646374423,-0.002349009510544394
53,16,0.008712129481218703,-0.01879196780601473,-0.023703332908529506
53,17,0.06843974561811007,0.056110233965384,0.015505517902925318
53,18,-0.03857710582509706,-0.004587137785449923,-0.003549667180611519
53,19,-0.04339950682707052,-0.0375727576649455,-0.012956992843071368
53,20,0.019097283862223643,-0.04626288046318806,-0.020790591549309186
53,21,0.027325953389951363,0.03539414881369525,0.030730075550379734
53,22,0.05435065224257986,0.002467814339384764,-0.002505319821014926
53,23,0.020596107786758005,-0.01342618854684967,-0.005630603213369433
53,24,0.03443200419851666,0.034176209866429226,0.02672062494428791
53,25,0.021960638508419818,-0.1178159703390043,-0.09418520698221866
53,26,-0.0031992594974607357,0.11807594629520894,0.15422563947276244
53,27,0.025840770029756203,0.01789888284866572,0.005453767237808163
53,28,0.10531195434421346,-0.015195448552053093,-0.02620451544856082
53,29,0.09906667248883096,0.00622806725696647,0.012045019150297003
53,30,-0.019754503204180672,0.013204896301056313,0.03365391958918457
54,1,-0.020124138710379897,-0.007981698676073571,-0.013320556819030157
54,2,-0.013083725255133082,-0.02430182574113718,-0.015682420463249844
54,3,0.06642861625983712,0.012292892759403807,0.02101767147065113
54,4,-0.06520605640144132,0.024133443689086785,-0.01121200318052376
54,5,0.024000277445142864,-0.03542619131158063,-0.013203686921228764
54,6,0.016265044982980193,-0.028413650615118705,-0.0009771005274710183
54,7,0.08316983047807024,0.07738938054558997,0.061147508047832415
54,8,-0.11663549816784065,0.04815408645650873,0.06268549128712142
54,9,-0.03546928023738347,-0.05405060388943592,-0.05068308169414561
54,10,-0.024208151809340307,0.03204217774051393,0.018367843099168047
54,11,-0.010439391046927387,0.02212395189668625,-0.023247715454532334
54,12,0.02705740429990144,0.04015996978101485,0.010900932450217313
54,13,0.002312311420647545,0.040145121015877645,0.05165855617819333
54,14,0.015267023434369965,-0.06355359376746526,-0.054980868505700414
54,15,-0.03246069445487738,0.0033414897314912166,-0.000576304601201793
54,16,0.011383030792702503,-0.043322014374718464,-0.01683746654268066
54,17,-0.0031200435901962923,-0.032214685434644376,-0.015123763667657693
54,18,0.09710051542415796,-0.014617012762518262,-0.0018513618068801434
54,19,0.03745762392528068,0.03669599869412654,0.020263988933424622
54,20,0.06121412354161815,-0.04124236340967135,-0.013669630584674153
54,21,0.07616212151391794,-0.034549202154434154,-0.06107416013044126
54,22,0.04386449520039698,-0.019929998355101997,-0.015793027051720917
54,23,-0.07258234268813624,0.057557296085989584,0.06416148277433091
54,24,0.0052629531917846644,-0.0425731603824993,-0.03804158257894664
54,25,0.06774704774641188,0.010689060226012107,0.008447595510811796
54,26,-0.06100430051317567,0.0695611911011829,0.12388915280932582
54,27,0.04320346757102274,-0.07836538517075513,-0.072656723568935
54,28,0.009261411744252634,0.0057495815957585746,0.028657220902484522
54,29,0.01405859242841584,-0.056625767726383266,-0.036895299617030614
54,30,0.012299524002790035,0.09808713407033723,0.09444398076281114
55,1,0.029757609910191222,0.063769593748664,0.04996926537420981
55,2,-0.05001000758900458,0.06563033669954632,0.08723737810587791
55,3,-0.04183755930565476,0.059826039231470736,0.050778155285645846
55,4,-0.03959392849485686,0.11490660835729913,0.10473368270039916
55,5,-0.013722382190788062,-0.06552066323410083,-0.04243712520827071
55,6,-0.02972001502875855,0.016630297698757873,0.03556318639279317
55,7,0.0157398736831958,-0.046778647814238496,-0.019743081328441072
55,8,0.04226107666835566,0.07214909284211697,0.0701817447916837
55,9,-0.029568267645044468,0.009754917250613691,0.013413702411839033
55,10,0.03790542811922323,0.036873325953193946,0.0036514069342754424
55,11,0.024196617600138907,-0.0648276196999411,-0.074593675890645
55,12,-0.01239346767596014,0.03578736041246547,0.0023640600506805273
55,13,0.03511869764719599,-0.0882775138019082,-0.09351376824796248
55,14,0.0002293664814437747,0.02725254116569656,0.014816477979950947
55,15,0.04002638971333442,-0.023373353622070568,-0.034628825771739875
55,16,-0.042586050293485715,-0.013735627655680814,-0.02857460988486684
55,17,-0.016360428602294398,-0.0906473547043855,-0.06388097128307982
55,18,-0.08063105085287675,0.028935374000700755,0.04730852193058493
55,19,-0.024540525087772776,-0.04831944645305358,0.01509245131633736
55,20,-0.010478024959677151,-0.04179161685645323,-0.06736411487698155
55,21,0.005224623022377994,-0.015446464515892922,0.003398483268791831
55,22,0.03044229937898939,0.008053328160265506,0.010540982751589776
55,23,0.003653348225040933,-0.006818362500494505,0.035546252954561215
55,24,0.11049773747493619,0.03651043424458497,0.0385267635668213
55,25,-0.00804842840603307,-0.0122448993474373,-0.01802161246493514
55,26,0.0209763928172848,0.023616592627404485,-0.0017053019468785673
55,27,0.0678371428756206,-0.03618244814969651,0.013576122738908795
55,28,0.00856719244516174,0.013755183868175206,-0.004671457364579359
55,29,-0.0018735624865399941,-0.09669974740873412,-0.10516178413837786
55,30,0.024084848035303075,-0.08548230765996181,-0.09125383977638175
56,1,0.04397681947011276,-0.06213809448469296,-0.07570273358411539
56,2,-0.027473010670827705,0.0013539081135084468,-0.02177053769142343
56,3,0.03327109892302583,0.01627991252007792,0.0035718653899142225
56,4,0.009975607984752586,0.06719436222725626,0.03796530733305839
56,5,-0.020807524289338127,-0.027073098785060947,-0.03864726172267051
56,6,0.05067045692106482,0.07787560610400929,0.06556808332140708
56,7,-0.036126113045847154,-0.015546953410679826,-0.023732296142667655
56,8,0.06097225636097776,0.03221729337941365,0.04381483047640868
56,9,-0.04484886447911262,0.01614237412813403,0.015292171156302228
56,10,0.06999263558818022,-0.010832637955400345,0.025510806794999466
56,11,0.13973636418585964,0.0015092313583748567,-0.022935305060664903
56,12,0.070891138780544,0.05661982128251721,0.02392833222992055
56,13,-0.0017393872238091355,-0.019577552268510184,-0.000652621203459475
56,14,0.06653958030555397,0.015043536630029502,0.0009275481723715542
56,15,0.00486883394851423,-0.024612068637805386,-0.026514678026181668
56,16,-0.043137559392186164,-0.02184248164376874,0.03824415897948825
56,17,-0.0244210894893115,-0.06333788162503066,-0.07691349258912339
56,18,0.07428317722610249,-0.06702097542111464,-0.042501503725112626
56,19,-0.013618050963651223,0.046825947074740144,0.014972881601377323
56,20,-0.04643347551494938,-0.015886753269872482,-0.04529583793572548
56,21,-0.021798742272061092,-0.002838399102561665,-0.010284405561897917
56,22,0.020157906485159652,-0.10526349798201656,-0.07010901670830776
56,23,0.05831276907437511,0.060651891660686796,0.038008439392120195
56,24,0.1202044614359497,-0.03195962412314684,0.0038723199857394635
56,25,0.04328902242623219,-0.036057538347823576,-0.023872543043444678
56,26,0.01014030008014522,0.03371620216892086,0.01493172979239375
56,27,-0.0022302465035269835,-0.01801155914662884,-0.03671118291219819
56,28,0.036287990535309574,0.02148614988041135,0.04136121028424004
56,29,-0.027204394063991517,-0.011334210614631178,-0.008724978564444529
56,30,-0.03649645081933993,-0.0006829039069935273,-0.039058687316512915
57,1,0.03338441765039013,0.025382248482770625,-0.0011718342718406622
57,2,0.03467414772994692,-0.0006474676723566992,0.0111673852808108
57,3,-0.06596586294388028,0.027516104817094076,0.03452463980398904
57,4,-0.08848636964015592,0.01597644882216913,-0.0018345799941673745
57,5,-0.02084365917493125,0.03091356963596296,0.028399479418338827
57,6,0.018631339801579043,0.005181938123639271,0.0020502567866664298
57,7,-0.05485304562088468,0.0073140694840473875,0.040878555613477814
57,8,0.05797875569504927,-0.06566165893000313,-0.04413316666860877
57,9,-0.04649336437059633,-0.02139521819179749,-0.012454248563689185
57,10,-0.005288164925694116,0.028732930072759913,-0.000475471198995148
57,11,-0.007398884890408894,0.02007608144043825,0.007204805655306876
57,12,-0.14985788920049078,0.007890519865318666,0.019723245359945185
57,13,0.025279129779491576,0.04696612035403656,0.06908288554192603
57,14,0.17046573998496087,-0.0028601405568184695,0.025847502141587382
57,15,0.07201705784236119,0.03994253058123288,0.0031052995709452778
57,16,0.06075646530074903,0.015772629688948197,-0.015750728373451647
57,17,-0.005219915900613247,0.04568817525340687,0.04412004318202748
57,18,-0.03862516782145794,0.000906231179064704,-0.010951180231472317
57,19,-0.018985392451454294,-0.006066475050928623,-0.023938179829611578
57,20,0.02717559443709317,-0.0028770589856291083,0.024381529153242428
57,21,-0.0028859226982939487,0.00543271893303484,-0.025412483643783148
57,22,0.02372391157873229,0.04284593521957551,0.033348036413427505
57,23,0.00565157453837048,0.04167137782497436,0.036869072481843276
57,24,0.04363545885629262,0.05020934012240848,0.09252794035020583
57,25,-0.059459644336634476,-0.009075852232747546,0.03249280500804406
57,26,0.03506616280310335,0.002102368992395413,0.012571852543569323
57,27,0.014191510537104471,0.006801135447525995,0.06253008301288104
57,28,0.023860785331185866,0.004664207721019449,-0.01289530566448573
57,29,-0.02699719391426292,0.009754766603908876,0.01553484554378396
57,30,-0.02716720787839501,0.01861244030905638,0.039359543270381436
58,1,-0.05363868685407465,-0.0237828846630122,-0.011345524663024482
58,2,0.05828447488003693,0.012440298848210329,0.04647297769452769
58,3,-0.00913486378080123,0.01498291422481243,-0.0016466784520050043
58,4,-0.03517774372228168,-0.020254352329506557,-0.06381369013388313
58,5,-0.07286332355696985,0.016277305700119416,-0.03154087725955539
58,6,0.07255487083717659,0.009425106213159005,-0.01056533072707091
58,7,0.02113665833692569,-0.05020227535763415,-0.05977506137409263
58,8,-0.03802545125681554,-0.016942529640768277,-0.04516723616978125
58,9,0.029749967712988216,0.09120412709063687,0.08733947918915136
58,10,-0.01557300833419843,0.0298798655515568,0.01104970167326054
58,11,0.03807504214584072,-0.008127502372925822,-0.034968141383346994
58,12,0.08936456818570193,0.09626518454613742,0.11736343977283825
58,13,0.050426981566211795,-0.05265178343501846,-0.0462245922164627
58,14,-0.00010697542287495669,0.007574329575977662,-0.018591934463592395
58,15,-0.013450889126248797,0.06826894559567769,0.05790110782044926
58,16,-0.02437067330970914,0.08094116395707708,0.04797835161747653
58,17,0.008051153371323568,0.0029138844197526574,0.04679284402216258
58,18,-0.02017149094796015,0.0909420468989015,0.07957123490917106
58,19,-0.021740572673894988,-0.04771331911624283,-0.0488809973872716
58,20,-0.021652771596168897,-0.0347694765455101,-0.02615937222970169
58,21,0.044774860394443325,0.011627664963811707,-0.02185227866190593
58,22,-0.06649102719948878,7.706514854974093e-05,-0.014252677808982976
58,23,0.04961662428679477,-0.011717011281182686,-0.024704131553497814
58,24,-0.009321425304756617,0.015022387459264831,0.03689836820916349
58,25,0.03146105671571803,0.10102980375819373,0.09537493994540672
58,26,-0.09823238724505703,-0.021186375438666572,0.006048087499510112
58,27,-0.053632139146282,0.027042511287122595,0.03144338656462657
58,28,-0.045704612465372885,0.019304637556844625,-0.009206744753478525
58,29,-0.046461201909627894,-0.05213234872815182,-0.055451427182342014
58,30,-0.04789102282055222,0.0368787570123366,0.008323550041245695
59,1,-0.015978981396741875,-0.0074253016171444575,-0.03778047438401913
59,2,-0.024246125797833404,-0.05586854955959675,-0.06362950409166894
59,3,-0.03827687817356781,0.04780077730224545,0.08016978516757957
59,4,-0.055793804145117594,-0.04691774714677011,-0.06606625290175636
59,5,0.030597512362694205,-0.020413284167469015,0.0011315101272710445
59,6,-0.00917668212301424,-0.04620660486210737,-0.04988435963192864
59,7,0.010195251151067418,-0.016048381117344197,-0.006167376719047753
59,8,-0.037334177416852986,-0.05684934777678432,-0.0247995670943212
59,9,-0.11458693287315116,-0.011438398865082555,-0.020104982732953174
59,10,-0.06266964901955777,0.016648907856834,0.005641743771962676
59,11,-0.0065489555276204954,-0.06410834926520093,-0.05848221788269894
59,12,0.057886443022081374,0.028773507807570903,0.04939892212210048
59,13,-0.014443712882360491,-0.0025672982725948737,-0.005654709295633382
59,14,-0.0059128526237121675,-0.04091444201581673,-0.05252859501923864
59,15,0.01733422167485502,0.0034546253070149827,-0.02478486510670437
59,16,0.0327341342994357,0.01137369970663985,0.06717763736301459
59,17,0.06101107393974425,-0.03994063684071437,-0.019076665403070684
59,18,0.041386297474065456,-0.04964189537386034,-0.062360426790466335
59,19,0.012327273286177519,-0.05439958931334793,-0.024340696860582996
59,20,-0.031178352736449724,0.01595675695277531,0.024840383380587645
59,21,-0.04414904064873046,-0.012758488111042441,-0.02820443111325741
59,22,0.06911371898142447,-0.0604581266465228,-0.05969817529482895
59,23,-0.0289894358267269,0.013967849690684745,0.02159530801695261
59,24,0.006837587232679248,0.02651525472423319,-0.009300680171584783
59,25,0.00917060178830949,0.03255908808591616,0.0008182526427703398
59,26,0.04098297641278147,0.04505237953665203,0.04302278827579335
59,27,0.009245329510778263,0.04917532825783751,0.07264013786235624
59,28,0.053650584756138105,0.056483015911970934,0.022183920790941704
59,29,0.05580594777572542,0.012909918013078558,0.003642291436042674
59,30,-0.039296011050966466,-0.04220153721846142,-0.06090559599836853
60,1,0.11069854811347564,-0.022103826174338582,-0.027961691216240765
60,2,0.03560207563694355,-0.006458263877618103,-0.010004794414778796
60,3,-0.024734277562505427,-0.014361520570049947,0.0005316842705656894
60,4,0.043848094550109046,0.038946294574509176,-0.001651556119573345
60,5,0.06377990841381427,-0.002933673906330809,-0.0004839121874962802
60,6,0.0025368310623644272,0.06390776937019142,0.06182239902528172
60,7,-0.03675737112258754,-0.04374883173000286,-0.06296057259548762
60,8,0.021936920542640747,-0.027746879028423255,-0.03416628924902264
60,9,0.0382721041914785,0.0025271223516578067,0.01685809506014144
60,10,0.06019776177307687,0.01631486497526977,0.015812425700953616
60,11,0.021784503360197903,-0.03423600105216659,-0.04596695532857718
60,12,0.005058864664844745,0.06710109183162792,0.1256164533452157
60,13,0.07830499604691919,0.06651355137963702,0.04500651921504245
60,14,0.0034655389508943544,-0.027167924745578016,-0.02346693281030194
60,15,0.072356142098254,-0.06632642160393573,-0.0595709510826574
60,16,0.04713380370666643,0.027382466101966936,0.009002322560512917
60,17,0.023489003312167023,-0.01696663919467887,0.003915954176855091
60,18,-0.036757945610741076,0.004116079357614813,0.013048245296967685
60,19,-0.02011159954989225,-0.021254569049152905,-0.008516613527207959
60,20,0.0036120385021472666,-0.033016729318384876,-0.025492348512215973
60,21,-0.01787613626867053,-0.052175309006634314,-0.0519535337403615
60,22,-0.08517063282402344,0.06269097756705687,0.03626810789593358
60,23,-0.052396152371115556,-0.02752241858106654,-0.04411585436914794
60,24,-0.06993548130675407,0.029928031362569312,0.07014489265733548
60,25,0.015134563107638672,-0.015005378180896943,-0.008767216543233414
60,26,-0.021553530567005503,-0.04918451866424794,-0.03920476923734026
60,27,0.029203701893930442,-0.007050881941001713,-0.011463461428118275
60,28,0.014401268928940003,-0.030245182754343673,-0.030343259778113373
60,29,0.005557716939597022,0.0130516034068412,0.02702406158180822
60,30,0.08022641913329762,-0.059216163076427755,-0.0562416072191453
61,1,-0.04770653377960485,0.009201272058990382,-0.0025772280145297953
61,2,0.03154853782143642,-0.02014370387495519,-0.030262424953008273
61,3,0.01176009907036173,0.04108860636111014,0.011988070237479472
61,4,0.01753459609681538,-0.08411380792353985,-0.07179318628393583
61,5,0.09485272339611879,-0.021931590282545113,-0.04246842076553572
61,6,0.05438132511520617,0.037516918777274484,0.013737743653897688
61,7,-0.05111606271710474,-0.021985994072123892,-0.0330534334574905
61,8,0.042674151224997965,0.006946780138380183,0.01787517624219124
61,9,0.004552169578235942,-0.019779608066663,-0.028775427261344938
61,10,0.03416175281081205,0.11833927439592049,0.11372440155023301
61,11,0.04709595156390843,0.0061594754507868854,0.01199137577363647
61,12,-0.039087562443523696,0.02190064617725315,-0.006536495631480253
61,13,-0.024056524751338074,0.008368314697185525,-0.011294572962422278
61,14,-0.02146046077090863,-0.04024972608650128,-0.028998329849546325
61,15,0.0360838878918522,-0.0260295116839637,-0.03816465908728335
61,16,-0.024611047490211157,0.07484795217085695,0.042891427854929456
61,17,0.08206464123478073,0.01062611454947418,-0.0017839603103301587
61,18,0.08147964173912242,-0.01808899106166913,-0.020181314745482785
61,19,-0.015854485805269096,0.011283698661766182,-0.004278259797541765
61,20,0.02506068014499334,0.03652976312769134,0.03155049896745225
61,21,0.02579640016495369,0.018725358173019093,0.02458967836539977
61,22,-0.08145463034269701,-0.044449692290920925,-0.04420850479679086
61,23,0.04473491266900996,-0.010959207512058967,-0.0066292342327373115
61,24,-0.04482346853354121,-0.009418381646797213,-0.02559185521407595
61,25,-0.059955979538900285,-0.034240838860424595,-0.06738659281900126
61,26,0.04654622645720605,-0.029854166567992738,-0.03023183786349521
61,27,-0.08037791621537398,0.05773756597814904,0.054041051648673434
61,28,-0.06223459898373657,0.03249174387239643,0.07275227634798537
61,29,-0.0003672259342077104,-0.00810630352195698,-0.01617852809467466
61,30,-0.03083121340267678,0.024046081871313813,0.013873533895991238
62,1,0.04249084960970111,0.04483661224211314,0.046647561869767
62,2,0.014496526253355823,-0.023735750801180382,-0.036131154003504695
62,3,0.007052804306179266,-0.02146873704621277,0.015584561631849432
62,4,0.06449506119813053,-0.016085069668384726,0.03873624572674354
62,5,-0.033752047975731614,0.006331753984125113,-0.015091111792629452
62,6,-0.08366396894632788,0.08300230805804622,0.05124620613505983
62,7,-0.040264619359910526,0.04682869275090825,0.07840486812776155
62,8,0.03318045461954073,-0.0053605813015086224,-0.0011861634425571327
62,9,-0.013038988221189958,-0.028654205433585066,-0.03557167134364824
62,10,-0.06791664239873635,0.04575452113449359,0.03277928956163559
62,11,0.04147238600915504,0.09639916425493684,0.09069112856143186
62,12,-0.00961779537588275,0.04053179394161763,0.024541775193105356
62,13,-0.013100986771049906,0.02765134573958833,-0.002819888860974554
62,14,-0.008790834134222618,-0.01892016464438324,0.0098412027413585
62,15,0.043127859945225784,-0.02326931135784883,-0.02754351526890878
62,16,-0.03636180343335177,0.029266319984730182,-0.011889675923486371
62,17,0.038175892723154886,0.03365949104321739,0.029336680079108515
62,18,0.02387805363088805,-0.047161184061598034,-0.04041672072088445
62,19,-0.004247393395448054,0.006828254289998691,0.02179730537441607
62,20,0.003105215290987903,-0.05143226554343689,-0.048158307895943275
62,21,-0.0055709915078191365,0.019900296050960924,0.011258562886200797
62,22,0.008370016377886645,0.05016440853610142,0.02735050619679634
62,23,-0.027284422031533206,0.00903044576928122,0.023884807813250912
62,24,-0.15804520965592397,-0.000523447041500978,-0.015999515497397497
62,25,0.021858096898763228,0.054197984269267974,0.05633101037742737
62,26,0.025918860367487105,0.0608416801041732,0.12151687895436337
62,27,-0.04218400072612923,-0.04644831163634793,-0.02484223154823052
62,28,-0.03054070563291612,-0.007820783340635434,-0.022212039805285983
62,29,-0.016023127222752075,-0.003297017222453651,-0.03278317886760215
62,30,0.044241513394957986,-0.041987298419474364,-0.04937043720498848
63,1,-0.014348198304766194,-0.006831231355600853,0.006979272227059075
63,2,0.03810423168097993,0.015491646364750365,0.03898212293494326
63,3,0.0048315542573225964,0.05592428479275918,0.017627065808601818
63,4,-0.0015088379735540345,-0.030921172160321163,-0.02087697935600415
63,5,0.046811204603846815,0.019798253413063037,-0.0018474974348284972
63,6,0.009162360401755158,0.04192789390743827,0.03027610878552732
63,7,0.02781632692295917,0.05128037312619507,0.0667880723576878
63,8,0.03146785378848652,-0.04717356733549329,-0.041651546785457814
63,9,-0.012854286855254547,0.07247221413775205,0.036466545835979046
63,10,-0.020184771652597164,-0.007851475639163608,-0.009042870100988868
63,11,0.06539723822852588,0.04913993977245182,0.028497238040697124
63,12,-0.0447060729538818,0.026388496260755425,0.007673231784536547
63,13,0.07270331735336474,-0.06307511119245439,-0.0844103646946301
63,14,-0.057057859466143133,0.01052158329118875,-0.02850175725934534
63,15,0.0672370401480965,0.020665068447641995,0.017647124751512474
63,16,0.05659261563194018,-0.03714871365806398,-0.024533119158104875
63,17,-0.04180532155637251,-0.01726754228623646,0.00028156139272153156
63,18,0.05182154520366192,-0.034754016146814386,-0.039323896994020474
63,19,0.028456423937712534,0.0560881977856668,0.03390187970962795
63,20,0.010501064054412961,0.05117180619575516,0.07189635578606958
63,21,0.024071221219703145,0.012403900434710511,0.004587069860630507
63,22,0.05095181550643438,0.0047774449061750565,-0.0073612573895299955
63,23,0.06577653508705562,0.029156404036075993,0.04327454206262766
63,24,0.0170635776551435,-0.012992979294262737,-0.02025936593452427
63,25,-0.016119457053780005,0.019777524662901218,0.050407661963854496
63,26,0.046949248720666366,0.08052160579272864,0.0770809729169595
63,27,-0.008465583857965472,0.04699696553627888,0.09223324021167781
63,28,0.09198847237588517,0.06844083991235404,-0.002660790882422504
63,29,0.008428023261853955,0.03636830250359607,0.07948586295888825
63,30,0.05774522453056193,0.03561827121212602,0.055329473931104205
64,1,0.003983085762435747,0.008751411056811476,0.027439488520471712
64,2,-0.006078965010622068,0.04387637972703592,0.05762736705370344
64,3,0.10282275414528269,-0.04910680891685122,-0.04564069515194568
64,4,0.05256129245636347,0.06692106264026276,0.09180308739029823
64,5,0.028711532333228908,0.00601797475405685,-0.012877232694679781
64,6,-0.050258520718706304,0.010200202447736676,-0.0031279919095540515
64,7,0.090454928852976,0.02437697087698796,0.01707577544117482
64,8,-0.03951563230555613,-0.023373863127058987,-0.012559530825221005
64,9,0.06019499972337995,0.015423770662072255,0.011983174243388135
64,10,0.05238591618892479,-0.0006719605573835646,-0.011648419128046641
64,11,0.03734818780904344,-0.029492993854108678,-0.01760016196176398
64,12,0.0111000519163063,0.027611962287636606,0.04904563424470256
64,13,0.05969185606605157,0.0253407096056314,0.03662308115814753
64,14,0.006635179274817177,0.020377085657912748,-0.00633125463330478
64,15,-0.06876835421327014,-0.0034294819895321475,0.01900521505451371
64,16,-0.007399094535871776,-0.057995117432461156,-0.05178000592106038
64,17,-0.0399288804078572,-0.036279768912693064,-0.03731071545869628
64,18,-0.055880527630256846,0.11107219820504284,0.1144567523566211
64,19,-0.02601510882575407,0.0068769128550239195,0.015656620826473566
64,20,0.009208756232884195,-0.09830774318538052,-0.08784146829542926
64,21,0.04078037367025792,-0.04265432775425292,-0.06190945720122774
64,22,-0.054187690537533334,-0.056565780305197294,-0.052305404752405214
64,23,-0.03850658638017389,0.052180716183150955,0.04240597673918383
64,24,-0.010885846685925142,-0.004622717434131569,0.03051496743550282
64,25,-0.01680066840644274,0.06722730279707304,0.07757813762999621
64,26,0.008111389556141883,-0.014080854666499774,-0.011834229350434551
64,27,0.014627037277234006,0.022240853104164536,0.044742486821392896
64,28,0.08251240427344685,-0.017143769775527864,0.0032086308845072466
64,29,-0.08695978143110955,-0.04235786824569587,-0.05888392717749979
64,30,0.08254376735015038,-0.03501591717193747,-0.010556211712538703
65,1,0.014003161752970728,-0.018746568501519414,-0.003916473440394459
65,2,-0.04438441442496737,-0.03780937527855938,-0.0024334268734946657
65,3,-0.060985082495868946,-0.014204274091606945,0.004757205081154133
65,4,0.0706071870583067,0.042923448289986246,-0.004433788126035379
65,5,0.019690959380244594,-0.05568607122763613,-0.0338133705233645
65,6,0.04276521648458496,0.06926908931639918,0.08573271830141332
65,7,0.032390426560639334,0.07653581032218085,0.03293600874948477
65,8,0.040860094085946964,0.017811883099177375,0.04962346232061233
65,9,-0.023397644460990182,-0.0794199514492802,-0.033929754196324095
65,10,-0.021629766439217685,0.06142896541348919,0.05266006773945388
65,11,-0.03154512679961107,0.1028772241731611,0.04983163084616965
65,12,-0.04428883684348931,0.05791989330876684,0.04021351455392493
65,13,0.02191265047402978,0.026046615880536892,0.035931364717433675
65,14,-0.05395693029940092,0.0385491984562209,0.058592737402931604
65,15,0.034803142077472114,-0.09711661142351834,-0.08342391959819265
65,16,-0.0061419272221743685,0.04802116914002821,0.04580130462481035
65,17,-0.04961738134560957,-0.0030496111350479006,-0.015377643892509797
65,18,-0.006182093233720531,0.035852900481695135,-0.012576891867388543
65,19,-0.07268807846969774,0.04241146484467123,0.04336459372252451
65,20,0.07665022040537396,0.007336441541018937,-0.020895109656129642
65,21,0.012502596244272805,0.02590888786593256,0.02899140627432008
65,22,-0.0209687289870205,0.06000734496162979,0.06621384222570763
65,23,-0.001562557919543963,-0.042215892768491955,-0.056844233359821736
65,24,-0.02531532951141425,0.05036694936573498,0.06952292485194787
65,25,-0.10976125484811751,-0.013831955435139733,0.010260978246870955
65,26,-0.025542878592223917,-0.04161529876707792,-0.04039647452075509
65,27,0.04475009874649401,0.02550762157285753,0.013838476510989071
65,28,0.049795940914262295,-0.02854398312114932,-0.03059435554414656
65,29,-0.05858196311572685,-0.051583794197843376,-0.03618341272860979
65,30,0.011662526465544444,-0.04775486334455692,0.04849322160315923
66,1,0.0349952380030112,0.01857658728836791,-0.01473762324957044
66,2,-0.026561923738182624,0.035282656817168565,0.061735316132296235
66,3,0.05258882007756542,-0.07672996285955089,-0.05703212159035932
66,4,-0.06372392835236244,-0.027297405889513494,-0.023212729729409062
66,5,0.021530511497771514,-0.034177065323661424,-0.05092263099836919
66,6,0.13320331089821894,0.025231745887260834,0.06117264777766244
66,7,-0.04154219135550039,0.00039581658757301445,-0.018651036013752165
66,8,-0.04739688355059385,-0.007983011475622005,-0.008499180254162774
66,9,-0.0331005884290528,0.025664543196060288,0.01944882369902692
66,10,-0.0018906562394594617,-0.011929162042892436,-0.05608399668668909
66,11,0.017781723702938002,0.01790777189601206,0.03465081041656012
66,12,-0.017927442979975474,-0.07954017211843406,-0.08866957751324603
66,13,-0.006696996837944142,-0.04979066910135862,-0.07049034856015392
66,14,0.11389537458987556,0.02703944417581673,0.04683007922631341
66,15,-0.0062357322149582395,0.005243900118098262,-0.017834234518644552
66,16,0.03927992682670571,0.01029321739305853,0.03218955142336121
66,17,0.035977510928885806,0.07452030921666371,0.11215957183649852
66,18,0.004258130719632129,-0.029765447767780485,-0.026887856785130594
66,19,-0.05333323898611837,0.014259622425426735,0.021724915939572435
66,20,0.0691987767856614,0.047591006467495096,0.03890660754985347
66,21,0.03912587684305202,-0.01843610946122154,-0.03259178829554153
66,22,0.0037637847146511244,-0.0443984931747504,-0.047211202708979605
66,23,0.09943203436966158,0.02430056027343115,-0.003102932497834897
66,24,0.0005937058392331853,-0.024995384612911745,-0.04658201163177978
66,25,-0.0811645493911967,-0.03959396589766537,0.02216070763007419
66,26,0.06615108893772016,-0.008610244749090366,0.0005152112532092883
66,27,0.017456305021411028,0.033521785290907095,0.028868451460559087
66,28,-0.006629835139373598,0.09731451051242357,0.08731955969808369
66,29,0.05813725945733613,-0.01614667356006012,-0.03539598961757277
66,30,0.007861484780582368,-0.03957593103779438,-0.02477946502799511
67,1,0.0024711898617493185,-0.0830673120604646,-0.0414580092552957
67,2,0.04137481441087756,-0.04424041584875576,-0.03038137375129053
67,3,0.023852028143804462,-0.06124952856742772,-0.0537813501511645
67,4,0.07142882665641608,0.04648272178894553,0.03164422947208984
67,5,0.07761399433457854,0.1090645389661362,0.16762227621873127
67,6,0.020605902263051187,-0.03829842957599973,-0.025123118984958785
67,7,-0.04142439497807004,0.01644507268790668,0.03165999568953736
67,8,0.12662206194051454,0.031028463723560246,0.03758503029363178
67,9,0.0013080767539646605,0.09353973030490638,0.07054315565575778
67,10,-0.03388915181080998,0.06050918544038227,0.08969571398752244
67,11,-0.014426734487222207,-0.06643347697052865,-0.07334867393417874
67,12,0.008319985089027834,-0.002669971913809667,0.013334127611369396
67,13,0.018874646327839226,0.00820990346873794,-9.565556013407585e-05
67,14,-0.0010059451327993072,-0.05375193914384309,-0.0564327943572997
67,15,-0.027977983491005057,0.0035962848713572645,-0.013819776826854773
67,16,-0.013022384836795766,-0.04108279702082794,-0.040975477647425915
67,17,0.0541067811341538,-0.01984050717564988,-0.010481922890506146
67,18,-0.03478962999744364,0.013966967604755241,0.00028557132652416565
67,19,-0.014920442173324399,-0.04565524282168805,-0.02842612186635797
67,20,-0.02885704826238125,-0.005933885873966131,-0.024142980661284882
67,21,0.003155184151891893,-0.06581565034279228,-0.023514363614407726
67,22,-0.04607200126299839,-0.046253614549726145,-0.05220004331132374
67,23,-0.012912753688790392,0.008030764131030032,0.010683178213638607
67,24,-0.013933187928859456,-0.035776131491878554,-0.048140888604006185
67,25,-0.023473527915623692,-0.06634088337286378,-0.06742171138508331
67,26,0.07009101000391964,-0.0041058395140348355,-0.030355358347230313
67,27,-0.032558270912514446,-0.029063373188895528,0.0030222962483897925
67,28,-0.008122156019556612,-0.025102924315994767,-0.007993302206019433
67,29,-0.030817650105461274,-0.0035213104108188817,-0.005328075949155542
67,30,-0.020694725523390196,-0.05504684349639681,-0.0422426586289171
68,1,0.021737660479324548,-0.010617517684163864,-0.020869293453854125
68,2,0.0368457329793167,-0.018223495456950997,-0.010988034151448722
68,3,-0.06900948182749767,-0.0117993806357964,-0.013233920996078188
68,4,-0.043590328763207724,0.040101991409639874,0.03634608967894541
68,5,-0.11613615131548069,0.019242410765621838,0.013426062842466639
68,6,0.026097647905327665,-0.04492567049539644,-0.03881028590584523
68,7,-0.013144582171686686,-0.021638979440188676,-0.03332904620903577
68,8,0.04278169077740074,0.07481485358269967,0.07994109815449223
68,9,0.11516463112406791,0.029173188732026338,0.007646493161138604
68,10,-0.028972279043260347,-0.022100920579868875,-0.030190845461334614
68,11,0.04438091984351702,-0.013659531161230103,-0.0048670082858454505
68,12,0.005531596053910146,-0.05030191449226769,-0.06289892704694977
68,13,-0.12480039488776516,0.006117775991770145,-0.009875692782571029
68,14,0.03684122669153005,0.012431695884145343,0.02461747476264138
68,15,-0.004420932238843604,0.027115763085350197,0.05152849588825545
68,16,-0.025562968560031957,0.08614491346870531,0.08937188330208659
68,17,0.06980355642804864,-0.08475162325207054,-0.07153434717269956
68,18,0.08707061469800342,0.03104492593992442,0.0014654260290976723
68,19,-0.062433561516604535,0.08628075877222911,0.09532014401223664
68,20,-0.011941184506573606,-0.039357223928997084,-0.04569866561304076
68,21,-0.028477776048173174,-0.01962329441768654,-0.013723720026260508
68,22,-0.030059965453682242,0.04467902396464156,0.014284544237457952
68,23,0.058266588217737426,0.08059744507951494,0.03410916546878582
68,24,0.020351026950102307,0.08891905036763288,0.10898247213144241
68,25,0.02087179329846335,-0.0943634225158022,-0.07843167668236985
68,26,0.08482017586006574,0.008754595493857575,0.008350169392039041
68,27,-0.006218267316536836,0.008387237788967526,0.017596456643642216
68,28,-0.04423612914761205,-0.01639051184492617,-0.025868640319230713
68,29,-0.0033829480677719515,-0.011580899501596693,-0.020451157162670982
68,30,-0.09438517687108323,0.03687146177678594,0.027329872131410134
69,1,-0.07610124828102843,-0.014126455590699624,-0.021330272329097486
69,2,-0.0022137930096782854,-0.0222938009391188,-0.014954105293287794
69,3,0.014286537979087235,-0.046710358285742284,-0.0646826014846934
69,4,-0.04225343915226235,0.01635160442347817,0.012157749871400239
69,5,0.0046662951601899386,0.0029790680643797403,-0.02239354836649116
69,6,-0.03279346716353722,0.022545762742599562,0.03390286408107193
69,7,-0.04349237623932906,0.0155652457941424,0.023239197398293956
69,8,-0.0067195430745395435,-0.03209107972570715,-0.04708263672455389
69,9,-0.0004350850806334747,0.01771084471958298,0.006468765786292289
69,10,-0.0030383325244358102,0.08034382949611243,0.05771503632071731
69,11,-0.014776980900149972,-0.0024403001808993843,-0.006518392117484127
69,12,-0.0032591867491470654,0.07257918486022087,0.04549527737601552
69,13,0.05037446549476468,0.011131582031059944,0.020558367820056506
69,14,-0.012912932199551377,-0.014619997348604643,0.003316822803380789
69,15,0.03777206154315656,-0.022359436704422725,-0.021445219530160643
69,16,0.030604493338903502,0.045175188764570995,0.02312560587355996
69,17,-0.044615269962566234,0.025658094307074865,-0.005876772631691333
69,18,0.035352894730871234,-0.015923958382578957,-0.045623251313248424
69,19,0.012340488288759823,-0.020938548107363154,-0.04267949881591889
69,20,-0.04593522249649232,0.012997044458665672,0.030407130711133105
69,21,0.012745433551935043,0.06981889064394357,0.033685118056062495
69,22,-0.14958069988066353,-0.02336155676115097,-0.049597049204573924
69,23,0.032758882182672706,-0.06144937515287351,-0.03156108768281392
69,24,-0.014092183942330116,0.02121500421775863,0.05964959893276706
69,25,-0.03441932113461357,-0.06957838256332398,-0.05840153959019435
69,26,0.1536601191393996,0.054694631083872375,0.07259818982251079
69,27,-0.029948589054799465,0.0651331152459484,0.040782733828134424
69,28,0.020211332195809294,0.018037723916007612,0.026174620246884633
69,29,-0.02568845583605161,0.02198820769936903,0.054704505484687346
69,30,0.019891987881143106,0.09991563986506746,0.0848328657759286
70,1,-0.0412162227391223,-0.07169670070880177,-0.0758665574110644
70,2,0.04478643569684096,-0.05283552250677702,-0.05536969501346773
70,3,0.0237429820953537,-0.049619152619578936,-0.05589234024251386
70,4,0.06436958917618092,0.006427330161711705,-0.026507119188610467
70,5,-0.08848830192736686,-0.012651187159748431,-0.02905268711422892
70,6,-0.04942641830247391,-0.040678056968307306,-0.041760396444833855
70,7,-0.08972224845370848,0.10274405529960881,0.16313897312926243
70,8,-0.01575021959770106,0.040047774215849194,0.011311010192959301
70,9,-0.08917020281247509,0.06937258354845131,0.08539073705009678
70,10,-0.024174062719962103,-0.004706318791424151,0.0006220245340880439
70,11,-0.03356803333444004,0.05282057828791081,0.009046500137899866
70,12,0.13286047283703148,-0.01993873339396081,-0.03176998205179501
70,13,0.017492353744541177,-0.015005124860027856,-0.036519213433039675
70,14,0.0471153733734426,0.03964232469526787,0.011397903727767517
70,15,-0.023026936077526046,-0.07286598266666426,-0.049965232222556874
70,16,0.11052882580251727,0.10955919981215728,0.11721914276442731
70,17,-0.012875707056149774,-0.010070553258161455,0.001142761403875811
70,18,0.023100645410426536,-0.029499862565813426,-0.04758628798543252
70,19,-0.07681534687928246,-0.06705879472501611,-0.040590315968223746
70,20,0.003880229703936701,0.01174856278171381,0.0171422009653924
70,21,-0.027186870159939005,0.011052197268322041,0.026699808538244177
70,22,-0.07023551536968174,0.015397662704396011,0.006289278901452399
70,23,0.009823402326254168,-0.019707542064175878,-0.010495398518546426
70,24,0.05932045680244605,-0.056188936735924795,-0.08400470924457396
70,25,-0.02129635685642315,0.0078033469197997035,0.03086464265238119
70,26,0.013429144055200262,-0.04347805504115033,-0.0004306203086625934
70,27,-0.0042548136168009875,0.04773692762231565,0.02435917685795502
70,28,0.07169091782299448,-0.035071088387025454,-0.027529326341561314
70,29,-0.011470145100129933,0.0742354403148953,0.039346865023998194
70,30,-0.03299174737177693,-0.08011824815988695,-0.07711493220700147
71,1,0.05189097475825747,0.010630552821068024,0.042198466424592115
71,2,-0.04523691454956466,0.003955674988721533,0.013638720743775798
71,3,0.030977990050728328,0.053057628837771355,0.016648702571851904
71,4,-0.0030661509522088948,0.0037507352564312172,-0.02601705694548034
71,5,0.01821524211218689,0.04896909903738489,0.05890176540566682
71,6,-0.01117508855324396,-0.07139821926554209,-0.05208569736392389
71,7,0.016567428797748217,-0.011131752467739247,-0.00010492414763980429
71,8,-0.025334464886158148,-0.01833174484368193,-0.003800465354983772
71,9,-0.025058446021301868,0.051845699054686785,0.06449031443913093
71,10,0.03552529050231594,0.007875652566737201,-0.005178810441743028
71,11,-0.04823186162655617,-0.051119525241997234,-0.022670305996438152
71,12,-0.010717612965030768,-0.08102125420085295,-0.06220501780291877
71,13,0.04383850704361198,0.008837178911174309,0.002509436504180356
71,14,-0.052660242919793106,0.013223377066218784,-0.03126833292974166
71,15,-0.01606575539918798,-0.04879210165087073,-0.03839728758497879
71,16,-0.06079712511069019,0.04410466019413953,0.061534528649498745
71,17,-0.06872619528515328,0.058936931722211955,0.036138476316252194
71,18,-0.0075539640218198305,0.07605495255265264,0.10071630400456112
71,19,-0.053146296364635845,0.046926939551803985,0.02049796460662591
71,20,0.13480499863786968,0.0527720229800889,0.03100629416853563
71,21,-0.06057993036411303,-0.022783198129836337,0.006596801030146322
71,22,-0.02035894634008311,-0.06216001171147296,-0.09022886687304334
71,23,0.018926674905970414,0.05579200801966292,0.030175477928643397
71,24,0.06351414785332425,-0.05598942675130163,-0.04535703165466651
71,25,0.07029151853118412,-0.07721158500154254,-0.06735471832529863
71,26,-0.05097559391757261,0.029931714400895704,0.01633624021986132
71,27,-0.0614660858786529,0.022244994162526063,0.014813550042690148
71,28,0.02260076371357789,-0.015390526483072878,-0.020180855829036715
71,29,-0.03961218360729668,-0.08507851199247587,-0.08396139751113951
71,30,-0.01917869172775183,-0.09342460585323571,-0.0763545929001837
72,1,-0.014258955589194561,0.030662705143764585,0.021080334760016698
72,2,0.016894973058401604,0.014943185759696205,0.01673457290354674
72,3,0.06306727270867492,0.06842620147696098,0.05084383906112391
72,4,-0.0685775896217053,0.009456740538208273,-0.00373846091355858
72,5,-0.03865310474017391,-0.05984795819360393,-0.029552281073872783
72,6,-0.06109369635101395,-0.06870739063783657,-0.058830581943685754
72,7,0.038536506157211624,0.013597067937879449,0.02145915300371441
72,8,-0.09816411981038634,-0.03628267574082628,-0.02642348786247903
72,9,-0.008575978947523483,0.06401257769798267,0.0710102418238486
72,10,0.07483299725269046,0.04932821187467377,0.03798166031517547
72,11,-0.018697748706406017,-0.01709232995491505,-0.006125498210458089
72,12,0.004702440727292475,0.059241793090547286,0.02020921426257242
72,13,-0.01899201249491284,-0.004665808529798724,0.01183630004484191
72,14,-0.028847129349201764,0.0033580612569339995,0.01720681086132116
72,15,-0.06992168148296081,0.031819156098692035,0.005095732260988936
72,16,0.047393313641407364,0.056321596876887994,0.03298382949735158
72,17,0.05261738765308059,0.021439369929501323,0.016357243346706508
72,18,-0.03694061132945427,-0.03615628754290678,-0.0197241594612414
72,19,0.11254533847532477,-0.03404858430042535,-0.022195825987941706
72,20,0.013081759518305846,-0.030191344646205303,-0.04369319859279456
72,21,0.07750166292798596,-0.011168374218720857,0.004776189877767922
72,22,-0.02922086481213172,0.03405493650642547,0.006934452200084532
72,23,0.04278162185110075,-0.05697511715367828,-0.048025750559409996
72,24,-0.04586498854960471,0.009423289218999245,0.0716289135958933
72,25,-0.049110379081369636,0.11767216325921702,0.08726854101630621
72,26,-0.008948970626498071,-0.05320037963254153,-0.030049051241244126
72,27,-0.13331108761799013,-0.025675504278717703,0.014133542770921298
72,28,-0.002501886629963064,-0.057697886767823205,-0.08611876950668064
72,29,0.05031343506809684,0.08782997016110793,0.0887954539871822
72,30,0.011680818908104485,-0.015162529085826862,0.019199650650906536
73,1,-0.031699915696024844,-0.010728577221789288,-0.021299007279993593
73,2,-0.03933981564357268,-0.06342942007599447,-0.030563805175664413
73,3,0.06137757604556369,0.021513826947643297,0.007001123200008777
73,4,0.0012048397208434143,0.006516686845824761,-0.015666585754653736
73,5,-0.05807268505213013,0.09181673143057681,0.11489394928850657
73,6,-0.10314695429230632,0.024904240153523872,0.014924678451122792
73,7,-0.036173484547835234,-0.016482766532815163,-0.03904637337814777
73,8,-0.002309586916420009,-0.0001862511172407779,-0.0267187475118448
73,9,-0.041992415123480106,-0.04276623238310989,-0.03168757352902259
73,10,0.036193103618002403,0.08516835130745465,0.09525753309961603
73,11,0.046654789386235525,-0.002953841325974191,-0.014528844482276638
73,12,0.029515027316138524,-0.12883203341022725,-0.10513657830613256
73,13,-0.07912344717312689,0.1316544560069209,0.11038274776816132
73,14,0.014883334021959203,0.02786591829466079,0.011070465765362919
73,15,0.0035774446596610362,0.08486919053127392,0.06684282362106138
73,16,0.008419418082119231,0.04672421090485679,0.038239940488571024
73,17,-0.0049454975627173416,-0.011238829810456282,-0.022796966875059884
73,18,-0.06057190660823634,-0.06328322895172578,-0.05562971766822762
73,19,-0.020825228320837382,0.02876414724302637,0.02826983449554784
73,20,-0.028084612001889345,0.0067550248821294226,-0.013971576864587271
73,21,0.08635176160042893,0.006479315402509387,-0.021708623499074868
73,22,-0.050453929086159914,0.02567706393809501,0.014892629187588808
73,23,-0.019020741809838756,-0.0580542435165537,-0.04888351929714085
73,24,0.085615934337829,0.02977984384758244,0.059011569521485674
73,25,-0.004094695101616496,-0.05440778041467346,-0.035271202812165725
73,26,0.09592687388099463,-0.011986154129396624,-0.01803920438739201
73,27,-0.019611188433149455,0.01720029991732798,0.016475362648897224
73,28,0.08388782726099211,0.005891860801528532,0.0467936930020922
73,29,0.006191414464774551,-0.04629157684883093,-0.04084719711366589
73,30,-0.12929039327455238,0.025003695528700236,0.027541177449458543
74,1,0.08395532301357252,0.08296960521165135,0.07598491176846497
74,2,-0.004396177769164331,0.0813417492212238,0.08691290230666206
74,3,-0.002820184872323232,-0.034666175880488634,-0.04788241288697085
74,4,0.0015265306748171888,-0.028662761861435945,-0.019701583788986166
74,5,-0.057895091415200425,0.0373376419183658,0.014256355574621814
74,6,-0.03246168993593892,-0.06050846212111767,-0.0303539772951709
74,7,-0.03698168771176992,0.0755975969470856,0.07051725257449627
74,8,0.008143288423878691,0.018114548673604926,0.04528112011192355
74,9,-0.02717178095304934,0.08368589791591288,0.1362069510385131
74,10,-0.043075881618371295,0.0095019872237932,0.00776530128567397
74,11,0.018782864111049836,-0.01601267735948968,-0.016643091439857285
74,12,-7.946818484719785e-06,-0.004825545998774414,-0.012854669689501877
74,13,0.06461626169976896,0.03146511807523383,0.012154541841540075
74,14,0.0469639482398852,-0.019324360688580986,-0.04257943857503225
74,15,-0.0012711463650659227,0.013510246052840675,-0.0003711334641486186
74,16,0.008100128567459187,-0.02133326994107507,-0.0007671276439784896
74,17,0.07612744787653379,0.04922157031188052,0.0832695400664724
74,18,-0.024471024036258317,-0.008582749813716858,0.02504008052966799
74,19,0.004782215813132981,0.04825132993584286,0.05352677191457941
74,20,0.0420994290671748,0.08196533641548878,0.052510663799858755
74,21,-0.0775898751304731,-0.012792620994497806,-0.024597949888680828
74,22,-0.11846630876619606,0.016757696973216236,0.0011346017486021244
74,23,-0.026758958889887646,-0.037706972140085865,-0.0423272136073268
74,24,-0.03999255677179036,-0.014967392225034898,-0.03622852010944735
74,25,0.035764795191733235,-0.00283074045648985,-0.004429445496259174
74,26,0.08117964357372774,0.014388208576446347,0.03871050739407723
74,27,-0.07817593138754635,0.05548212116940593,0.038523437794422646
74,28,0.09834671708024488,0.017280053967006756,0.01902306995771665
74,29,0.025455794453274148,-0.021413399366174063,-0.02207719944386948
74,30,0.028468619927136254,0.027213883823439134,0.04123056128848102
75,1,-0.03994894298826426,-0.09048990381346453,-0.06418981048006445
75,2,-0.0938528627977,0.06947888124964934,0.018218274107999113
75,3,0.06282258928922678,-0.048094821479840726,-0.04569198693393918
75,4,-0.018897732266801883,0.06116394066889251,0.04453134865831204
75,5,-0.05764681443794686,-0.01713009923016424,-0.032937721390767095
75,6,0.040717616557502265,-0.0038625400313814363,0.011685186711149315
75,7,-0.03999223903960284,0.03610932096694421,0.05758864467657903
75,8,-0.038961824281441154,0.009386673826271974,-0.0013345329455226474
75,9,0.02384940040759541,-0.046709073474472604,-0.048605432288813914
75,10,-0.030871195694455296,-0.02961020346582982,-0.02918375422708408
75,11,-0.07026359804370577,-0.013754501543092223,-0.014699609706214173
75,12,0.08545731496923642,0.03145802747317508,0.03400671156972636
75,13,-0.029917946815212686,-0.05526236237826907,-0.07071366446161353
75,14,-0.008501967115423791,-0.030710062861877906,0.001347477262833954
75,15,0.012173601353856766,-0.000543860066653451,-0.025490629966017617
75,16,0.05751094517653223,0.0075083592534182725,0.003146500999746564
75,17,-0.00599362751624757,0.02982350940348838,0.0067266145316543105
75,18,0.12078706351532509,0.017129060093249267,0.009146708645874992
75,19,0.07162265674215952,0.0356638790011095,0.023671993673083775
75,20,-0.06586786428400161,-0.005445576122391085,-0.018630153932364644
75,21,-0.04269490368037749,-0.041211504946471245,-0.04781382894878812
75,22,-0.048368329280916264,-0.01657784974573187,-0.0008643461898998561
75,23,-0.042954239476270153,-0.006759280845533029,-0.01241728739778486
75,24,-0.008724015518574142,-0.032797621746335874,-0.025918886600717467
75,25,-0.020756299372144307,0.060872585431105485,0.07116614023135959
75,26,-0.020087319050407657,-0.016524000135367752,-0.012358504694401298
75,27,-0.01810168684708535,0.02383370779141763,-0.0033100175439697045
75,28,0.06354058053243483,-0.06168644571025084,-0.03626542864336299
75,29,0.026072127926972735,-0.0014861174618930931,-0.02168219286457032
75,30,0.02888083369666634,-0.040790821926747205,-0.05035314362146352
76,1,0.008739438891886893,0.025333002287361493,0.025758846051065584
76,2,-0.0032090829085932096,-0.0671757985296406,-0.04271079647635466
76,3,-0.032721157684717755,-0.0002817894410295739,-0.030442270118991834
76,4,-0.0480988815984346,-0.0233824979741558,-0.014959447146459085
76,5,-0.006710163952375267,-0.01873617469072268,-0.0016354203815048525
76,6,0.08045081220843235,0.08714034502527218,0.07460633673770367
76,7,-0.030941823436573368,-0.01662866783074832,-0.03085318921993314
76,8,0.007159202083343949,0.024859627978761404,0.035708397440067804
76,9,-0.05361390680386811,0.11157250934732547,0.12716102495288736
76,10,-0.03606874858710595,-0.007983219323433143,-0.005744343402182128
76,11,-0.03695007007335071,0.01024420371185496,0.040954961208743194
76,12,0.00024219423171840813,-0.036443137398379524,-0.0562827085486796
76,13,-0.049002877079473,-0.0584859714546988,-0.0641482900790854
76,14,-0.0016770688690124537,0.09464202992603223,0.11022310257747225
76,15,0.04229318534208649,0.029944570529344718,-0.005399029114754478
76,16,0.016977671870218043,-0.006964199264547277,-0.02172165661158608
76,17,-0.07365644019820182,-0.09814246179157969,-0.08706254303796267
76,18,0.014352839588389737,-0.029744673570552337,-0.014579419684212353
76,19,0.0252481304707055,0.055675132524138506,0.07719839967274951
76,20,0.040714805103795694,0.06280168585511517,0.07636152818044888
76,21,0.038239364895217,-0.04306065795320464,-0.03383171683670473
76,22,0.010569443719547014,-0.048056421078858456,-0.04667631535473991
76,23,0.03216365361194393,0.02036899649763111,-0.01272653108317599
76,24,-0.024795979451248347,-0.06661545885650381,-0.041759611956064834
76,25,-0.07921255908807749,0.04619963318030727,0.03664510899596354
76,26,0.01091985587225709,-0.10736132908099513,-0.08813418685294629
76,27,-0.023243263836896212,-0.010532760712828763,-0.022535997216906325
76,28,-0.03177937414036267,0.008823486286377188,0.0019346528527202978
76,29,-0.007887063189251111,-0.011297849122203734,-0.02494915432516564
76,30,-0.1157591296325133,-0.05437478300740449,-0.06775402647428772
77,1,-0.06431548434330794,0.06559769707948358,0.06282296774640772
77,2,0.027259252492930992,0.02212322163630498,-0.018488605808621113
77,3,0.008544040778405955,0.024773131306333702,0.007680541538108506
77,4,-0.11490403799978803,-0.10357208739760236,-0.11627766027118885
77,5,-0.017644608254185665,0.007324343075991206,0.0038836762682005663
77,6,-0.027424664210007027,0.05578600702611703,0.05942286475158955
77,7,0.02062855989544433,0.027158034621519642,0.04308084670495412
77,8,0.004135764942154574,0.01622739041598734,0.013594722205137981
77,9,0.030266481199561802,-0.01276274249170574,-0.014355805297007957
77,10,-0.0070283904309599255,-0.008495766281374287,0.013623752526855932
77,11,0.00011277933746071047,-0.019920898558257467,0.004641564802808782
77,12,-0.05378926339244658,0.04539313029685395,0.038137657217055664
77,13,-0.03014716480483952,0.01841227584350685,0.04115926423251332
77,14,0.032572093771834544,0.005086917434615863,0.0011894076017433218
77,15,-0.0654904821224288,-0.0059825523259744535,0.021160140417112203
77,16,0.028264632952368727,-0.007067256648010318,-0.025563720759370873
77,17,0.01408967757991779,0.025139155601713682,0.04738436130169462
77,18,-0.006610639992229806,0.05031953570192627,0.04823901847446336
77,19,0.06068654299724996,0.03929665351261536,0.004913399863522736
77,20,-0.09274046880597367,0.060690789123210624,0.04281742353423738
77,21,-0.06469353896721054,0.07078904265098084,0.07651570478971735
77,22,0.04081811340436397,-0.030801726395204822,0.009107597766391936
77,23,-0.03671975920931636,-0.004517595581015268,-0.009194874073795692
77,24,0.08586449895707898,-0.062371039951266034,-0.05624438654476525
77,25,0.01914424587237221,0.0783980746063194,0.05516678224106747
77,26,-0.054978711491362665,-0.06853551503058183,-0.0395532755637719
77,27,0.006279547844390249,0.023846430070723124,0.029534044082883893
77,28,-0.05008744428097477,0.02636121345409981,0.017830652151478152
77,29,-0.06549321738145479,0.03538177927809142,-0.005296838426006938
77,30,-0.027619759029173668,0.04427332112588822,0.04009746105553512
78,1,-0.025603040244614496,-0.038801931314162215,-0.04440323390506731
78,2,-0.029256183468815828,0.04093843580030417,0.03427663870695279
78,3,0.015175863932751563,-0.047776333142502535,-0.039499157520041926
78,4,-0.019478851436698925,-0.029793219818414363,-0.0459044275768712
78,5,-0.01676229414674197,-0.02535346259352455,-0.04012271596215812
78,6,-0.014276081828455816,0.01627737584257311,0.0005164791385960412
78,7,0.03883648111420686,0.0383978718041226,0.04416512871054471
78,8,-0.006462776702666016,0.032436750573468495,0.048657578788776044
78,9,0.05041917076245935,0.004441024628202698,0.042633981837903775
78,10,-0.09302346320166531,0.0371691565563818,0.03359217020877385
78,11,0.12581326863723394,-0.03670961866435141,-0.04029071268287077
78,12,0.017092501132367786,-0.0172839956000025,-0.010784495005801278
78,13,-0.03424398901237753,0.08263046309338114,0.08080056594435528
78,14,0.0009444992711219135,-0.033750418778713626,-0.04152865781855175
78,15,0.06009364879897293,0.04690295280837557,0.04945520175366167
78,16,-0.10148279004389811,-0.04461979087916343,-0.04065639810763824
78,17,-0.11732263383086464,0.10463233300338731,0.1103356147532072
78,18,-0.015002984642804723,0.0283762637043912,-0.01240907526362241
78,19,-0.06901696918682147,0.08666936962948749,0.07752233837539649
78,20,0.07218109036464679,-0.015814573547639273,0.03793880473860444
78,21,0.003382286843014069,0.025555909907528398,0.05843535628843349
78,22,0.012249729714081066,0.009409566761472475,0.01990580684440053
78,23,-0.037678386555273856,0.0011545281458271062,0.0011287057291739701
78,24,0.00017273442811797666,-0.051771374533190126,-0.06806563723313884
78,25,-0.11307837836435349,0.006991439899616759,0.0012705116656371541
78,26,0.016538565654919065,-0.03433865477263664,-0.036792564310120894
78,27,0.08666848298327937,-0.03571882293664071,-0.021167471773008907
78,28,-0.12366231599895822,0.08731365410416272,0.07339628958694841
78,29,-0.017196194098344122,-0.013457932973362893,-0.015352000581042502
78,30,0.012936549637548384,0.03364237889883836,0.04015738637645484
79,1,0.01800419063521145,-0.034522477252630974,-0.03613846953669518
79,2,0.019281390619091513,0.057811622304186495,0.061011252931520994
79,3,-0.07491992093121977,-0.03731922567655095,-0.04461789372251335
79,4,-0.043450104391516926,0.010444919086482762,0.008615661064470724
79,5,0.008222347710190925,0.04168318050698983,0.010744950102248567
79,6,-0.048518265290273054,0.04214140618275086,-0.005155762735976937
79,7,0.037736750106128064,-0.032448785466652766,-0.017328941385067104
79,8,-0.04259214241768882,0.07082594061911085,0.030835006927357498
79,9,0.05820433195108268,0.06731608406053351,0.06352858954930284
79,10,-0.029197268912519555,0.015628737538482724,-0.0013613178345651326
79,11,0.09170490078958046,0.06711950444347897,0.04457295525950521
79,12,-0.007310214775937042,0.0013835009024042214,0.018146042028407618
79,13,-0.009909587004293154,-0.0029454775992393,-0.035811226954242936
79,14,-0.005418171052722174,-0.016112864981825202,0.021167063949080592
79,15,0.031381614295972096,-0.07773286719493934,-0.08222108450694196
79,16,0.02287913244794629,-0.002984761744761123,-0.014369888329182864
79,17,0.024086034675869963,0.08175067006501982,0.06327911716497617
79,18,0.09020125412538874,0.042974024859692914,0.05436655014576046
79,19,-0.03525765333230738,0.05437342764706798,0.09131388024680913
79,20,0.03612122867124229,-0.052852319395903444,-0.0487132298541367
79,21,-0.03424227261318356,0.020772734189636426,-0.00744937570608396
79,22,0.04832066949027603,0.09809573637509557,0.06581085137458746
79,23,-0.03468876322516694,-0.02818904327900542,-0.0371920921548806
79,24,0.015996653192753542,-0.07708426023361359,-0.0908322931372445
79,25,-0.005595753586922462,0.04697125090212907,0.05143980388825559
79,26,0.023635735782016158,-0.019182558519789738,-0.018027382829401143
79,27,-0.038343933000349086,0.014621026805440307,0.024540497618364555
79,28,0.04172510179230902,-0.02122517918368147,-4.450311611297354e-06
79,29,0.06637893576021482,-0.032450084473520865,-0.00376032631163125
79,30,0.01419798489838004,0.12412169066968863,0.08510987223917864
80,1,0.025535912394980816,0.006479753680705901,0.017490822253974962
80,2,-0.041075986011109435,-0.04299194805337377,-0.02900442024211201
80,3,-0.00939061508209052,0.05882383295024312,0.048567757193059474
80,4,0.01975748463974266,-0.051955161194615025,-0.04118409117622855
80,5,-0.06391126818563576,0.008464173879016042,0.018803956671805577
80,6,-0.03137803986798371,0.010548374306579709,0.013482819530623502
80,7,-0.00890678399401443,0.03593273279757945,0.02171969722527302
80,8,0.019445277834847702,0.053584196303301954,0.06169831025278292
80,9,-0.06876737618205034,-0.018113185796312173,-0.003150197547581074
80,10,-0.038741576766687304,-0.034450554226702984,0.00563446185649825
80,11,-0.05964429921547481,-0.052714190039590644,-0.059381344796947504
80,12,0.013561139210817435,-0.04726907040735056,-0.04743800590448091
80,13,0.024148719689367937,0.033651386247374744,-0.00234233119782493
80,14,0.05587664022846304,-0.03409294210884777,-0.01028598654467032
80,15,-0.018587739604284902,0.03354630558271708,0.044172579700356145
80,16,-0.009366617458584494,-0.04702958722722402,-0.05200354491735657
80,17,0.05675400270360081,0.021536213394615263,0.030794090075469554
80,18,-0.009998943944374778,0.013863235170378853,-0.0025390316419873498
80,19,-0.03770273670026542,-0.012025302737549558,-0.0020120246660895683
80,20,0.06930927549825348,0.011666265558007328,0.046789326723657085
80,21,0.02413173644865741,-0.029082652323242038,-0.04262340464688215
80,22,0.014423386065260186,-0.06209617021413376,-0.07276821984676606
80,23,-0.02784764735918442,-0.0756414068871453,-0.05171766430410809
80,24,0.0356249394955014,-0.02247110124661776,-0.030687583925921677
80,25,-0.02958168169485581,-0.03161719738824792,-0.038279582913181565
80,26,0.01973053982983452,0.03546697851926946,0.0331140396832577
80,27,0.048634595944897344,8.705359793124486e-05,0.00013775920994360172
80,28,-0.05198831021193404,0.06935285266290109,0.08492161599042045
80,29,-0.09271998192748201,-0.05832801369883113,-0.06094299644376194
80,30,0.10924377473332804,0.02575246797935154,0.007980331446883489
81,1,-0.06815162521239336,-0.021759809623590625,-0.029479014859855285
81,2,0.0070254647078219585,-0.08801810967331568,-0.07671222317465423
81,3,0.009613528608940224,-0.023219511091484898,-0.0017900761457466268
81,4,-0.020088616054732753,0.0370301236862473,0.06557332251864353
81,5,0.027516882842444922,0.06821006735849662,0.06048140842265811
81,6,0.05334010805540078,-0.032282204828477185,-0.04664642835134121
81,7,-0.00807097627588299,-0.0349533005899727,-0.037143909515324466
81,8,0.06935904540651708,-0.07798876638225212,-0.07451190300667415
81,9,0.01489185041327186,0.040578621539111535,0.043610463136710104
81,10,-0.05327238861139558,0.007003739402863176,0.006593060581639388
81,11,0.07418981823188836,-0.029049374008187155,-0.053961071313996384
81,12,-0.012265825289728695,-0.0007394658498169454,0.016691128097570805
81,13,0.059615909146852435,-0.08654321527359607,-0.08745329004996093
81,14,0.035886978289298495,0.021596120731505533,-0.008226069464262305
81,15,-0.04447020590675716,0.022987973223283314,0.019595723883781987
81,16,0.05245285204959339,-0.01513767761506946,0.015796940337628945
81,17,-0.013518600341601818,0.07347128858924536,0.044407227237868496
81,18,0.023701984582929898,-0.027800179862898452,-0.04065205967251814
81,19,-0.007882005434511515,-0.06658655263554178,-0.023031984245987683
81,20,0.006242217077390748,0.00942510158673941,0.007638474047042724
81,21,0.025658697924007993,0.029914060111218978,0.03736111554715287
81,22,0.028690330218462307,0.0029082671657014994,0.006834867404123829
81,23,-0.03127829958033084,-0.042406993522840095,-0.05492585414314679
81,24,-0.008491450446110414,0.0707095791128076,0.03040473705763868
81,25,0.06081600834136398,-0.0850167742027004,-0.07048068196811905
81,26,0.04474852043259153,-0.015148264587341462,-0.013528822173488216
81,27,-0.0644020276797985,-0.03461512447965499,-0.017563348063876286
81,28,0.03310342722568818,-0.005190359222862525,-0.0227344828957442
81,29,-0.04747198204088332,0.07575642919976248,0.031238522673227773
81,30,0.0406332105371645,-0.07278874375645898,-0.07053014768741978
82,1,0.032524778279311856,-0.06747826253021079,-0.04712465051928506
82,2,-0.03905422872979538,0.04289089677914825,0.04078273447234269
82,3,-0.01020032944046089,-0.015800932173427974,-0.0255366984006544
82,4,-0.03831822000889629,-0.03349103185232782,-0.062032404744605335
82,5,0.08067983130260892,-0.09016375813480543,-0.0594341716157147
82,6,0.06316558071596524,0.08107151479781938,0.051243408657650785
82,7,0.0631478782737352,-0.07478300171408298,-0.0605138734346108
82,8,-0.04112891195104679,0.0030042960218199773,-0.005427659386915655
82,9,-0.07224357497741556,-0.044635210283846996,-0.023983604264574354
82,10,0.006349713146939027,-0.014115307914011515,-0.01461850473077282
82,11,0.12329481546628492,0.019159681616842825,0.0023679563993606635
82,12,-0.00985198732825267,0.0628801574029323,0.06994658172785717
82,13,0.006095047136057058,-0.009085643941454028,-0.0117507549751781
82,14,-0.025294791901365212,-0.004114585892286365,-0.025401836002904826
82,15,-0.008987436739410382,0.020804872517238896,0.002422599683398031
82,16,0.04617851790950604,-0.07374846029725918,-0.06641577441670364
82,17,0.007173389535004028,0.05336634250449778,0.054411863497800333
82,18,-0.024123331958731137,-0.006044701758930473,-0.012876038463265776
82,19,-0.016148729246762222,0.042823053837537255,0.05601909262430769
82,20,0.0533003060116063,0.010848688411110504,0.041383234922497285
82,21,0.02076551837344571,0.0660612652815271,0.02721284315686649
82,22,-0.04935046891103182,0.09111382116266148,0.11833969912992034
82,23,-0.030465535069064284,-0.03650079248669356,0.0265971762943835
82,24,-0.04889387923855851,0.010098850453930983,-0.0008002634811679032
82,25,-0.016189360924387414,0.008818571396557565,-0.01501962024332128
82,26,0.006163907201997137,0.07708073103294405,0.036936072471465235
82,27,0.004828540435003419,0.03379522406225587,0.0028976061113883535
82,28,0.05199696464951908,-0.0017985904283508054,-0.04056385912796188
82,29,-0.061496462323933805,-0.008339657088788458,0.023405642944972594
82,30,-0.0782765956119652,0.0407989418338139,0.012823061158385987
83,1,0.06227626129177914,-0.05949920715150541,-0.01672268482755115
83,2,-0.024688642502510943,-0.04764559239640794,-0.028727245843074616
83,3,-0.06727631005211249,0.03319036627597886,0.03479129204580029
83,4,-0.0433432199976401,-0.05444984675514257,-0.04420067482499774
83,5,0.03892964840271523,-0.032657388809075934,-0.054176939891419536
83,6,0.053814629838977654,-0.029871161827064053,-0.04981453114491466
83,7,-0.016743661117871796,-0.02953833965595843,-0.02879722852363798
83,8,-0.020468060730471627,0.011749988656107466,0.016822473071335033
83,9,0.004670141678669655,0.0011635602344244455,0.0197534115741393
83,10,0.002851396597867488,-0.006321232611876999,-0.008280721772702341
83,11,-0.028761534595567947,0.05048747639628812,0.03479117779615961
83,12,0.0013400430143347666,-0.026739979157704895,0.013883748853990822
83,13,0.005862720869043031,-0.025611064757309426,-0.03957814956608782
83,14,0.08313214134522888,0.01255139015086818,0.020106498841160003
83,15,-0.029039291547829707,0.022389963595841042,0.035141594062514166
83,16,-0.09198514047593269,0.04244892793331746,0.0005459085300739629
83,17,-0.05200230255289126,-0.02072021047189473,-0.04911379197821964
83,18,0.06788537370372098,-0.0034223611776265563,0.0025185374064915812
83,19,0.03156176273656784,0.004506693100469925,-0.0043770650372862855
83,20,0.024036235158099082,-0.02713744910741882,-0.03297589303092887
83,21,0.12418032219542609,0.01382495562199055,0.008321109459560397
83,22,-0.0897751064436243,-0.03368091853131471,-0.02173007435523073
83,23,0.014540647255958543,-0.029303873635298315,-0.01494381765441349
83,24,0.0014813434861473105,0.0043814414931704114,0.01852015041224008
83,25,0.0352632093071716,-0.0664625888641204,-0.04455934935915016
83,26,0.0023551662014076762,0.04534510627486249,0.06532450813928745
83,27,0.04219246365701823,-0.056085960670352035,-0.04876094107646857
83,28,0.058633610969622656,0.005377111067928245,0.011552771872949145
83,29,0.054582423591515335,0.0044025305316839035,0.004634106986794187
83,30,-0.03521802237915503,-0.029233478659422336,-0.04937941977532155
84,1,0.04021675950389686,-0.10709139977913497,-0.0939451134931963
84,2,-0.012090402025879934,0.007284274411477367,-0.015585601996442718
84,3,0.005326756900462128,-0.0033129724055582233,0.029997265291503473
84,4,-0.03863988995374593,0.03477287136503141,-0.024657943658881198
84,5,0.0020041025203213166,0.046735167578578506,0.04433774281159888
84,6,-0.038238107769632955,0.03738831657896843,0.019010838294458085
84,7,0.02709512880472554,-0.0002876045425845009,0.008366738244414126
84,8,0.018102383907141556,0.07300468486057199,0.08804915918268996
84,9,-0.027811427550957824,-0.02576600228527377,-0.0425176240103192
84,10,0.02191607169686294,-0.03828212964372711,-0.02717219517763855
84,11,-0.03549761552405834,0.040851242026251816,0.014571065983861528
84,12,-0.02618359111256211,-0.06403098744184367,-0.05526278060784085
84,13,-0.014312236141754444,-0.05738624568432373,-0.04262139902345403
84,14,0.022358512890790647,0.035004138723462974,0.0635630937157366
84,15,-0.04558700583513155,-0.00920405992483146,-0.014765077526101912
84,16,-0.07698538062872658,0.00973695171987967,0.01383615767266113
84,17,-0.03486102918299579,-0.034387444561985406,-0.040554931408512275
84,18,0.01314552939964458,-0.07796389457807705,-0.045410891200399726
84,19,-0.009078899343486766,0.0461815851597777,0.022338053248586343
84,20,0.030909074380923985,-0.022725738371821482,-0.024603145960835023
84,21,-0.007954752362955576,-0.04783090642038839,-0.04366966877129485
84,22,0.016812369522307507,0.03104461335421798,0.061820101720565714
84,23,-0.029680180640648857,-0.08758580394592745,-0.09062006388448446
84,24,0.04290228321492415,-0.019549598596649325,-0.047367760802611195
84,25,-0.044158445863265755,0.036805395065684025,0.04548116009750684
84,26,0.030316250114454994,-0.00872373582827999,-0.021564779810291236
84,27,0.06904461252113335,-0.025077131974880037,-0.025112584397556748
84,28,0.042624254992336075,-0.00430350542830757,-0.011649661105760406
84,29,0.05005260434155271,-0.07868323539506601,-0.06591670550245166
84,30,-0.10706939674926591,0.09456073909251293,0.0930794423458333
85,1,-0.047629509131536275,0.011861728801767571,-0.015636435116745857
85,2,0.020169915666569813,-0.026114306657529205,-0.02822347002493337
85,3,-0.0204546173702209,0.09551438478210633,0.05057956790681021
85,4,0.0341972826515511,0.012316061940141296,0.025168220224915452
85,5,0.05611930358555741,-0.006928316429984619,-0.027073306225874522
85,6,-0.01054764809206032,-0.00017610424489206673,0.0040766090240652265
85,7,-0.009558040043188915,0.02136825565799427,0.03681892257459427
85,8,0.0662969913081173,-0.024401971158010544,-0.017755935705688695
85,9,-0.07371622003505732,0.05649030987252487,0.012106965621622577
85,10,-0.0195818600260056,0.0317298414366948,0.03848254985610413
85,11,-0.1002597225556589,0.00625477694151933,0.009085024453368052
85,12,0.09222429649925093,0.0765843373499697,0.0486457667048835
85,13,-0.0016662880740063502,-0.05894887147411316,-0.08875892141634692
85,14,0.01027747874524953,0.010321379451853355,-0.001737720460775849
85,15,-0.05153886725722315,0.03758592382371991,0.06125351753353154
85,16,0.006381424498538137,-0.05789462145745053,-0.03798166136708411
85,17,0.02056663413499818,-0.004532348488474621,-0.02353307339264099
85,18,0.01811402586702574,-0.09319379716345245,-0.07039787762505033
85,19,0.09170843468858052,-0.09313119619822713,-0.09652755242646915
85,20,-0.02334021821434052,-0.10075209804184641,-0.09752198931060825
85,21,-0.030519747563888262,-0.047240067381220045,-0.04022717532522484
85,22,-0.02166766007407401,0.020190499862880167,0.015043960761156768
85,23,-0.05175905723156962,-0.048925946619601014,-0.029269328502562045
85,24,0.059798799950551346,0.009134570669080425,0.033570772906813845
85,25,0.0013723125250085016,0.017084919657058856,0.03412159267627848
85,26,-0.07349578177008681,-0.037335962880540745,-0.0029600418397126844
85,27,0.03420988200438945,-0.03493056226618935,-0.05017153363759807
85,28,-0.025985444236737508,0.0074067413155717654,-0.024348520033267616
85,29,-0.06748499656621999,0.02863519932410326,0.009647974813568218
85,30,-0.021175582465213984,-0.06409618866577656,-0.045140102991536465
86,1,-0.046884377793332946,-0.01594259966828461,-0.05500370629319654
86,2,-0.00788399429649274,-0.059895108285908515,-0.06260157824707926
86,3,-0.001544523946015174,0.09730429580075618,0.06531081342885568
86,4,0.05028057310308848,-0.004548227031079537,0.00945769143747029
86,5,0.034669631302293766,0.026823202563105254,0.023624694445842347
86,6,0.005773054753757445,0.10082881420442807,0.09055426021956496
86,7,-0.007372314873002382,0.0154636885999109,0.025023430239663313
86,8,-0.023570291529817412,0.01672038555851469,0.005782029314159403
86,9,0.06860419016166965,-0.03889843889584815,-0.0466349355194948
86,10,0.018377566066794217,-0.04261413212247851,0.021792281332814373
86,11,0.007184331507673068,0.012142594069028772,0.010037545750194528
86,12,-0.01813244690136562,0.034458870844474965,0.05388650711799643
86,13,0.006213587151766075,-0.06032016317877153,-0.05150487313141171
86,14,-0.06798917752408934,-0.07242403586832877,-0.07129241796595284
86,15,0.03821714351027267,-0.024898693822333326,-0.00696982510852745
86,16,0.019429270367135425,-0.01963853153159573,-0.024221489725404974
86,17,-0.031229731590211463,0.07933125514902566,0.09171644230814881
86,18,-0.03400030401560996,-0.017191906469239245,0.01788731549135041
86,19,-0.050228844574804574,0.013760734941400943,-0.011700414185745784
86,20,0.05501122344516977,-0.013483533829024981,0.023235078229263507
86,21,0.01678300778191837,-0.017656408409935896,-0.01715260870860707
86,22,-0.02236513228519524,-0.03314295136761617,-0.045815709357635015
86,23,-0.04049494131064767,0.07205952481952363,0.08397114319665439
86,24,-0.07548300227741904,0.08791592794761496,0.06614423954565823
86,25,0.010496957375475778,-0.02836701471175446,-0.007861722781043242
86,26,0.04721374966115029,-0.13871552174140697,-0.12028808573778929
86,27,-0.1083602133340489,0.04897503376655718,0.032023320832740516
86,28,-0.05602618293280491,0.033004127764222235,0.023539156100416556
86,29,3.494421699466058e-05,0.0018261018474754521,-0.027027072163449704
86,30,0.02881236487577646,0.06585805250994547,0.06280442327240614
87,1,-0.019202391393565874,-0.018072169275916445,-0.027473627579583198
87,2,-0.026233193723708192,0.014253924439295693,0.01784962295091801
87,3,0.05534230217940537,-0.016312822290575887,-0.0170444591304526
87,4,0.010820711394066816,-0.0559165054598189,-0.03560587094301712
87,5,-0.023483871649027783,-0.0068675351348556745,-0.018853013317031417
87,6,0.015292025604969724,0.042122595823246956,0.03363585437631039
87,7,-0.020459203795090395,0.01605258940240945,0.03224738913771365
87,8,0.022441734558419475,-0.027227360531152166,-0.03317831587177026
87,9,-0.017078512588538177,-0.04251359534010432,-0.02598780993586924
87,10,-0.03449495694832388,-0.023027606371707095,-0.010461178345703105
87,11,0.06049502603663822,-0.07354998090071152,-0.03671895612361586
87,12,-0.013331754512680241,0.0008488305002246318,0.002079987563287524
87,13,-0.08154193713870204,0.04718564175665804,0.08642700139024846
87,14,-0.008593107842165106,-0.04902790978013991,-0.06883478173199799
87,15,-0.13286007607115588,-0.0362105395880779,-0.0014034868289491784
87,16,-0.004765767893500713,0.006992768672421842,0.005999920818721624
87,17,-0.04919031864435161,0.010044484473079533,0.04071020352726809
87,18,0.02121386143865692,0.04357977478162739,0.045251232870934285
87,19,-0.019387970642921408,0.03302497797616397,-0.0003200414433409316
87,20,-0.017006520486237124,-0.02529899721431293,0.001277703275948462
87,21,0.07676590265456538,-0.03618479867843706,-0.04733345635981522
87,22,-0.019492706681548042,0.021190353927678107,0.05256132956136441
87,23,0.051711673680097305,-0.06632475830966433,-0.05036537387812996
87,24,0.06801508366996838,0.03241915913675308,0.02600325865916692
87,25,0.009518079441881534,-0.016505009503221115,-0.02055442197383902
87,26,-0.03168845904129949,-0.09618113288113482,-0.08512191664398923
87,27,0.053199514242315483,-0.003391166176486935,-0.024178384279954362
87,28,0.0929262162367395,-0.006574438817550108,-0.006353858755807222
87,29,0.01697276079040315,0.0440791385365228,0.01199764280808504
87,30,0.0020465228520830715,0.05906836607580758,0.08425320281698297
88,1,0.0037234474775940216,-0.058975296277013624,-0.032655665708801754
88,2,0.05605145435050783,-0.04986369412299018,-0.05925198035076821
88,3,-0.0020309971603674863,0.028294926015567885,0.01606646743868904
88,4,0.04179633405424026,0.017194725392482877,0.06423172807294494
88,5,0.007678589956323407,0.08033699947774692,0.09007334395722369
88,6,-0.06899948648887345,0.055773603496818785,0.06194951265854506
88,7,0.03609753893686295,-0.05650294544023054,-0.0537236336508349
88,8,0.05431945278164275,0.09887198405212587,0.07456213998267809
88,9,0.020456325581901753,0.019291699224387227,0.027598273249204934
88,10,-0.03499167791026946,-0.0051153871444886995,-0.028494632824856092
88,11,-0.0018079960881620706,0.026709754121433407,0.053968929101727146
88,12,-0.010183182082155802,0.024762796329224353,-0.0010346636812196563
88,13,0.06401128429814895,0.009908779813716479,0.023697895735072513
88,14,-0.0349400029449023,-0.08824349980521143,-0.07251248036452725
88,15,0.05984038116791124,0.0328801992719561,-0.020017776657020096
88,16,0.012836195583685915,-0.0009699715912828434,-0.025194417111012193
88,17,0.02568895016265642,0.018642636184351007,0.031753304664383794
88,18,0.04390828469278116,-0.059718672115256576,-0.04927470021132753
88,19,-0.055347478993506755,-0.050905375852892724,-0.028099138536340624
88,20,-0.047715926493002526,0.001474594645831961,-0.0342497965347895
88,21,0.014419553624970683,0.057749328210348436,0.04152455294038197
88,22,0.03243482549359526,-0.04071214849576216,-0.04844931930435311
88,23,-0.043025669819484545,-0.04923032584957182,-0.06664464929129385
88,24,0.05874423934381905,-0.019406984300212645,-0.04058538335649451
88,25,0.08900744385486523,0.01780458572188869,0.011891168114774331
88,26,0.021793423946279068,-0.02874218436288206,-0.002037961027799377
88,27,0.05296570507452891,-0.00035314681438527843,-0.030063431512796293
88,28,-0.040517061974220836,-0.024648262939349904,-0.021347325626318376
88,29,-0.017479837095864904,0.0350974655518775,0.05210972377043782
88,30,-0.01033632538376122,-0.03816522917644906,-0.029264411303205794
89,1,-0.06669589526281124,-0.013457977613458818,-0.03401860282142826
89,2,0.03215659493766727,0.01626248668453504,0.010939855801410235
89,3,0.00585383620344044,0.08574624546242432,0.05508871051960904
89,4,-0.06005602556604832,0.04072811962099211,0.029024575961591248
89,5,-0.030039653279520587,0.06962537854864097,0.04572474160265785
89,6,0.030641826809872683,-0.04731188343791602,-0.05012647460676321
89,7,0.011332598124962468,0.013784422684142449,0.01652125823024464
89,8,0.08206709581451853,0.049344906162904954,0.036828756103254756
89,9,0.027023361350550484,-0.0024406583836025404,0.00900619858622329
89,10,-0.047019620036200534,0.025662453849445353,0.017475015627004185
89,11,-0.07374405325462652,0.02821643624992232,0.006471926256148317
89,12,0.03434415936358995,-0.05212849191115859,-0.018543162700130556
89,13,0.01472066180885622,0.005856995367734568,-0.014430264988559486
89,14,-0.015255890119498587,-0.018594662272702782,-0.015358401259642543
89,15,0.07398983305034557,-0.04023573331708687,-0.04436837215884189
89,16,0.020738715817612524,0.0599986158669645,0.03752358964786577
89,17,-0.0031461142741685292,0.07404267517322274,0.08222776447024012
89,18,0.021003199022848803,-0.018397568067304415,-0.03881125647582005
89,19,0.0015889960094448475,0.008521667986571434,-0.014030246692663487
89,20,0.04798634257526608,-0.020204146977618055,0.06956064670990747
89,21,0.009606495586517303,0.07287960633261205,0.06896583376479361
89,22,-0.05828334068383529,-0.02424205357216981,-0.03480507126943965
89,23,0.007430832823965382,0.06715580971817808,-0.0006535664165180954
89,24,-0.06446038696550972,0.005297340792989325,-0.01240099635024494
89,25,0.003388299921286174,-0.03146003112162642,-0.031058729394214054
89,26,0.04841820899428376,0.08138515417266523,0.018440409792933543
89,27,0.07105425104865934,0.03855170367465446,0.016419959407513035
89,28,0.017927830404261873,0.004668272606234606,0.011679367535977805
89,29,-0.051544390527108665,-0.024169775276590408,-0.0018323897449586206
89,30,-0.0321869150728574,0.02919477974133554,0.053572723069166855
90,1,0.03392557863715556,-0.004261226360795232,-0.0038251449169856106
90,2,-0.035039567306090966,0.023687753521343224,-0.006971924746978423
90,3,0.020409819245095967,0.06575205094002888,0.0649265119180383
90,4,0.04024497271858252,-0.018542767390608065,-0.006972502066251683
90,5,0.0715374746669791,0.048611197785550134,0.07202573934979005
90,6,0.03686781924777324,-0.028817047945489494,0.041740856104014845
90,7,0.023116443407080633,0.01654703712108343,-0.024145413886617305
90,8,0.08358861021152854,-0.0024165434255328396,-0.0022476398642412667
90,9,-0.1388193459543692,0.03063198992260287,0.008695585559303613
90,10,-0.017361732408226603,-0.01785773344718551,-0.002170859863978639
90,11,-0.005845631743254805,0.02928131777968966,0.029730963194513828
90,12,-0.07037379235225745,0.034467484418095204,0.0003135110118278313
90,13,-0.010946392232222156,-0.13292666801892827,-0.0988783311922838
90,14,0.0648724560185321,0.04866624779825642,0.04595071867928482
90,15,0.06154896136995474,0.020488981538985748,-0.0001745051872761384
90,16,-0.00030424209494156387,0.012151229933769589,0.016535786892001452
90,17,-0.1401828104119179,-0.05066272149977779,-0.06260169047447703
90,18,0.019106382490791062,0.058845701601465315,0.08219704321627937
90,19,0.0034583882935538992,-0.010041120658985526,0.012711847842943191
90,20,0.09510598317469325,-0.011683454149735234,-0.008454913759131318
90,21,-0.008396331756488698,0.00935272380498614,0.015689259008707983
90,22,-0.010982368912206535,-0.03600247858424973,-0.02904177245068718
90,23,-0.018608978792662937,0.01792143227507796,0.00853146689488454
90,24,0.021464895109823336,0.009815962968956248,0.020048497607300046
90,25,0.0231211480053352,-0.0011581155323976643,0.03478919089840494
90,26,-0.025042040647568674,-0.021072247286443472,-0.034777446215174486
90,27,0.04452996691595271,-0.032451222263060533,-0.02340012802033828
90,28,-0.007891463378584082,-0.02516886552651806,-0.01973213913546263
90,29,-0.005673362649946066,0.001049418689850198,-0.03588044557923178
90,30,0.009646927437517123,-0.026432110699310136,-0.005706976446627862
91,1,-0.0070292105461873715,-0.011103289978893802,-0.005040838939480525
91,2,-0.01324350321582405,0.04933744310698411,0.026697195173890596
91,3,0.008299973668281734,0.023983689898638902,0.014527690999531167
91,4,0.11481506845956199,0.033482110163822465,0.03351467346634475
91,5,0.006191950820507172,-0.0367831059953789,-0.04479823506244282
91,6,0.04259168288700891,-0.027563952647700583,-0.0072135730045135345
91,7,0.05028869421461063,-0.018841986725060298,0.015958761393718296
91,8,0.05116182921283981,-0.0008181054088644473,-0.0013847385227966963
91,9,0.05464951014465615,-0.02653072046501003,-0.016299953843098586
91,10,-0.02640843064409014,0.0635800218072381,0.0666292731832233
91,11,-0.04787098809493941,-0.025679569706314024,-0.010302590654345092
91,12,0.04335026472183426,0.004447237439021334,0.029687155072987394
91,13,0.007436259922977527,-0.0329961816905368,-0.019253602569827714
91,14,-0.004678964371138861,-0.03089925117502116,-0.013678258667662594
91,15,0.009368603510718193,0.0076846241677182,-0.01780139139658223
91,16,-0.018244399964132203,0.0031157328863845135,0.04492178169067406
91,17,-0.03249158754540498,0.010942251520852833,0.031081540303477366
91,18,0.04371746633841968,0.039502841932363364,0.04290898440389642
91,19,0.005778943404766412,-0.010383626140523369,-0.0005703758538644287
91,20,-0.03028139665811186,-0.024320222246988526,-0.050871580427429966
91,21,-0.040491321140493225,-0.059569259807893016,-0.058943451545936255
91,22,0.05738834292124989,-0.03938771569411644,-0.01903861405553347
91,23,0.0067128799713625014,-0.05908178817030208,-0.05637005226531413
91,24,0.0013526823015143075,-0.027758553780722683,-0.04436787975202164
91,25,-0.013856959146307886,0.03802902570684474,0.033680222897604015
91,26,0.03951618284705885,-0.0024258690635443315,0.014337830019305475
91,27,0.034814212592864734,-0.01817651753059536,-0.017344571739027186
91,28,-0.0331159524021013,-0.04543590724772577,-0.03218261598887291
91,29,0.06172714944894614,-0.004918614945568191,0.0037545796909342496
91,30,0.016929617230496696,0.014610453343059262,0.045537081195173565
92,1,-0.018933427350089387,-0.028347226133722956,-0.024343223124780385
92,2,0.029155903774144776,0.04083670030275075,0.006124312091539056
92,3,0.031073427425457614,0.008240106325712928,0.009936184528373852
92,4,0.061269860926316436,-0.008968789781987046,-0.01896995035616329
92,5,0.0795979203409708,0.061999594878148476,0.06394265536414236
92,6,-0.0055466647242572616,-0.050639184589397236,-0.04802074045384789
92,7,0.062216256680214604,0.02221558088272334,0.022870206824569337
92,8,0.051781118951687286,-0.014229490289662418,-0.027697359542423944
92,9,0.04097292735972146,0.048363878422515,0.026598932976157234
92,10,-0.11526879150446628,-0.0020662041446450085,0.0055956793712196905
92,11,0.0043223449849821485,-0.019403672726875428,-0.011396585746858583
92,12,-0.017715836180298875,-0.002075188054557391,-0.00550117963407181
92,13,-0.008377943196628539,0.06628260795452362,0.05558144138807244
92,14,-0.05033654202195877,-0.03753687360645743,-0.02824532629085701
92,15,0.008713748520079305,-0.05463622464480456,-0.05842300924909192
92,16,0.04041894870223429,-0.017115832786795813,-0.01648313323901158
92,17,-0.01750531207490194,0.016416167252983987,-0.010881614619425214
92,18,0.006566316744671859,-0.08463691639069032,-0.09968317236539447
92,19,0.004922093866118457,-0.0787279257500678,-0.06350067264355642
92,20,0.03914227658155099,-0.03219731541020196,-0.031400211418911125
92,21,-0.023386155666480623,-0.08520978033689,-0.10611387033958189
92,22,0.03269018411453025,0.00916586000670878,0.011626797010516495
92,23,0.0025677330008297204,-0.04207936538790956,-0.015980810301569823
92,24,-0.05988434468178521,-0.0658202645490389,-0.05346840105192682
92,25,0.07307296522092994,0.08539102724992345,0.06804100089353438
92,26,-0.06779138383913287,0.02767258094737531,0.006746359115480474
92,27,0.036274793335290614,-0.0207328636146602,-0.025718757861027754
92,28,0.02353548760565447,-0.04887827308757907,-0.02517553268143961
92,29,-0.025784420728131457,0.01771687469898909,-0.0027114281300233997
92,30,0.062051527616111025,0.03724051329073266,0.049841883259698246
93,1,0.07066761539271003,0.03469160700270372,0.08417543759761215
93,2,0.09056346577627594,0.0157824552515539,0.0038230898352929156
93,3,0.047957332184342026,0.02816781123193574,0.015635156383431863
93,4,-0.07783632912017716,0.014557925769977425,0.017471004447809104
93,5,-0.034182589693207206,-0.015008252957849884,-0.005230569613765972
93,6,0.005350397561498799,-0.033042332201921876,-0.03495668040975048
93,7,-0.014672571017578849,-0.032377301672732166,-0.0309679397062587
93,8,0.02594787671059031,0.03549692237463181,0.07086964014948444
93,9,-0.0553884870796549,-0.019544237321232116,-0.014102654633549276
93,10,-0.04533867686263486,-0.04095587986248818,-0.015105579426747917
93,11,0.0005948407924123466,0.013899739608813548,0.004116090417699518
93,12,0.0315156927127129,-0.040288180380746205,-0.030609211708505047
93,13,0.019623845452602314,-0.09521919202262863,-0.07043303930498779
93,14,0.012143796722186552,-0.023296010679422,-0.03347290714385339
93,15,-0.029541930731246547,-0.05146425135382348,-0.05976714393043944
93,16,0.006820744653816755,-0.050457546800322696,-0.03976136577119477
93,17,0.059559469858274906,-0.052116920566639253,-0.04954951839837142
93,18,-0.018983069745736478,0.06746468332628686,0.08147736839784757
93,19,0.15575454982582074,0.04300257323165226,0.0478434492618413
93,20,-0.01481483517462132,-0.032608439066542365,-0.07735338201879188
93,21,-0.04065374958982721,-0.021654254625150398,-0.028060082661901256
93,22,-0.0721022000462222,-0.002968001955927331,-0.023697727441714292
93,23,-0.07659984756806068,0.024090561701351883,0.001818938429995576
93,24,-0.0005996844857634063,0.01404626797428838,-0.0019951567654576986
93,25,-0.03605857250201372,-0.01058375401255907,-0.021314202583868916
93,26,-0.016468062450002187,0.06795438565581843,0.06160282513517326
93,27,0.07088629160537453,0.01069457966177246,0.023520855622897935
93,28,-0.004677677063546009,0.05495608648265515,0.0385117972019433
93,29,0.030248666916157855,-0.06375306689561212,-0.05268254404160312
93,30,-0.02491929551952027,0.028369650643905606,0.03161254640353469
94,1,0.1493001881551656,-0.03434563053106062,-0.012421008271926938
94,2,0.05178930878127623,0.06643282515749557,0.1108623368160975
94,3,0.06742556003280288,0.033372854408909226,0.028504236881915532
94,4,0.003994839861877826,-0.031358502040839696,-0.028140073203257194
94,5,-0.018716359441111382,0.05681236609366966,0.07882863085981033
94,6,-0.02602423886626134,-0.12607694005878037,-0.11269070716938587
94,7,-0.07850029162009826,-0.027216177259452922,-0.0031393898516579033
94,8,0.01754425528046733,0.018378037200068902,0.007047375430285856
94,9,0.0729362170843922,-0.03622735154183264,-0.043584985022221474
94,10,0.014273703461663408,-0.037765143316845974,-0.0031275946274328657
94,11,-0.008183855089396041,-0.025538952191044774,-0.03795756919363558
94,12,-0.016704086692305754,0.030402739687657127,-0.010517684993520843
94,13,0.05329516383013663,0.06231448040262277,0.04160266523821303
94,14,-0.018700248734635577,-0.02497318810494263,-0.034203456746334626
94,15,0.010971540933493564,-0.0473902131094547,-0.04459210308446657
94,16,-0.013314153030685663,-0.025307917641611135,-0.049669947398608846
94,17,-0.012159127761650545,-0.04390912129253866,0.03583902069466719
94,18,0.005296615631080287,-0.0756702592431502,-0.057895857112586734
94,19,0.007211965563108828,0.006619517131768886,0.024303490479673423
94,20,0.004918891448159238,-0.060856445049850785,-0.04038087211745796
94,21,0.060478146256730335,0.025326724273810865,0.02195835722683137
94,22,0.05107583270692287,-0.07966818574583336,-0.08449523320020175
94,23,0.05443801320869077,0.00259279800507573,0.006364177868381394
94,24,0.015696089963174616,0.0744202753708751,0.049935511569162795
94,25,-0.004579880970891337,0.01994548645352416,0.025994421407911045
94,26,0.04266212751294931,0.03748382010546502,0.07089878782850717
94,27,-0.03948832795348921,0.06017359135597264,0.047675177161662426
94,28,0.027265699758966623,-0.0032571984451250217,0.0273322830225711
94,29,-0.019478056979192863,0.05494590764854844,0.038699059269486635
94,30,-0.02640384690757656,-0.027246726837241705,0.015197723925416167
95,1,0.016110416375979878,-0.043337872919747576,-0.010582252003362493
95,2,0.04698964179132294,0.03843229219349884,0.035903688634970114
95,3,0.017828073412089935,-0.006524409522691552,-0.015924333563610494
95,4,-0.008473461692727776,-0.018817859930382357,-0.029634311096632702
95,5,0.021308974049583828,0.019476227445158305,0.06248732555211404
95,6,0.03233039882885359,-0.04750046899950897,-0.038660191217790435
95,7,-0.02350091503140777,-0.03563021286722445,-0.017204871940372863
95,8,-0.02288264803454326,0.03797760879523867,0.03616880763480104
95,9,-0.03007143754585616,-0.0034920123405021123,-0.0187859524557284
95,10,0.08370479311495667,-0.006080577471170975,-0.010203181704115624
95,11,0.014297452954281312,0.006186271278956681,-0.008132953531827782
95,12,-0.0012599021626006732,-0.03488024117841793,-0.05652764354436358
95,13,0.05936777705326044,-0.03520186618846531,-0.017827146048369415
95,14,0.02296664425059564,0.004459784254000984,-0.029567440655757116
95,15,-0.01152225530303571,-0.040893848993677706,-0.053653797978132016
95,16,-0.05779176005836144,-0.019060054431268347,-0.023536181534784564
95,17,0.08971135464856729,-0.014624180507115796,-0.023175249681401708
95,18,-0.04582670432163329,0.018084186739759422,0.005131295451545147
95,19,-0.004898186254761038,0.03900906020303095,0.04979461044505465
95,20,0.005531647042142928,0.010903337524196996,0.01277384739887848
95,21,0.0011078457239920214,0.05069821266972034,0.025441371093011676
95,22,-0.022391524215770165,0.08071470196823954,0.07639830682134562
95,23,0.014754629730400405,-0.031203115113485166,-0.03070221032689688
95,24,-0.00778873946450956,0.09981218106870916,0.10890093830371429
95,25,0.045305931166053054,0.018862641471562892,0.03294214218748884
95,26,-0.04845435904457849,0.027444699486486424,0.025973638298114648
95,27,0.020413307626259983,0.05422939180599885,0.10192358367863523
95,28,-0.029888850913140065,-0.022678600186079183,-0.0017398438659975838
95,29,-0.013970773522736209,0.0012993130326397196,-0.008300338054925948
95,30,0.09776379297661784,-0.005019412041597216,0.0032029399811917235
96,1,0.06512154937278788,-0.04832107182931769,-0.027746843832009784
96,2,-0.02636158852371432,-0.04550381558257129,-0.04007974174286171
96,3,0.05372394607422539,-0.019730837300936332,-0.0076023810622032305
96,4,-0.008161088408754047,0.047994255001519194,0.029010892928390937
96,5,-0.000146983088709632,-0.05762182126201942,-0.07239996902693814
96,6,-0.020983750027393697,0.07152994343570958,0.06858579886446095
96,7,0.006997009874551501,-0.009498902749211443,0.006986012896613523
96,8,0.0017282572982052107,-0.0054570294477715294,-0.010315712338024627
96,9,0.061901648611618766,0.03328166461983146,0.03436737679311958
96,10,0.10089765353609875,-0.013699381048667872,-0.02180783762379526
96,11,0.06402430471770157,-0.10828726535387592,-0.11119888795007078
96,12,-0.027933829080990503,-0.04534006075550925,-0.017380592815057543
96,13,0.00727299713816291,0.10579347787169627,0.08191978340140692
96,14,-0.06453861783284633,0.04606415380707824,0.0728661829727876
96,15,0.034490376613075864,-0.005577681205479158,-0.04126735433422284
96,16,0.028678774947567903,-0.016823278706787233,-0.0038279731051689986
96,17,0.03932060260380417,-0.06721556803960917,-0.021364406537120764
96,18,0.02701297380392187,-0.014000982163268054,-0.013865606362504132
96,19,-0.024854442076106438,-0.03161673453445617,-0.047418115065305994
96,20,0.04235354327205448,0.013888359728330897,0.019013313576228805
96,21,0.04101215223091879,0.0033756747030824195,0.006625054074441365
96,22,-0.01045548650012738,0.010102880831107322,0.014355790231560112
96,23,0.01661813386429056,0.02575072797741887,0.04214483140055543
96,24,0.007918693999228076,0.0052060445532404204,-0.004267702180173534
96,25,0.005907041117892479,-0.04802531438588098,-0.06687705451691706
96,26,0.053787365878068746,0.013942931251499226,-0.003100249707391128
96,27,0.06787190120638102,0.06532345865520663,0.1112105679791104
96,28,-0.023521333881403005,-0.009299555621111356,-0.04880138814994565
96,29,-0.06234119779067108,0.01805161205336972,0.017903206203739214
96,30,-0.012651804487922837,-0.015145174525322054,-0.016898184310000206
97,1,0.06109220283866253,-0.029589911651239833,-0.02685607737964405
97,2,0.06753208657470026,-0.02394426363524195,-0.03318762903957145
97,3,0.029302597907548196,0.001761159207688985,-0.006707645002287781
97,4,0.021328188662123458,-0.09184412815109631,-0.09173093090027719
97,5,0.03609591553967992,-0.01556751401896828,0.02740921885630112
97,6,-0.09403593820475767,0.04611411839737808,0.0692822901161001
97,7,-0.058632645164563825,-0.06469183946966092,-0.057702023726894355
97,8,-0.04740533275245701,-0.036918111154235225,-0.02606917788163515
97,9,0.020638061735250807,-0.024994564672385724,-0.03220295163397157
97,10,0.046989888127956674,0.03236146604071726,0.0600571796435035
97,11,-0.015890460985764163,-0.012597061014494822,-0.01634506290133001
97,12,-0.034623197234667565,-0.05466962113044284,-0.034175866988961856
97,13,0.037156369853800955,0.024757548870156597,0.01510757808332454
97,14,-0.01057141531726659,-0.037332782581727626,-0.02617722592702898
97,15,0.02124450434182958,0.04830368118833443,0.03421390886631347
97,16,0.009327323915787732,-0.02274161980075855,-0.022962520610998204
97,17,0.049412545870025644,0.019272828373818104,-0.022354530916314095
97,18,0.044612414823324745,0.0011157257761085278,0.002450744457703514
97,19,0.048990930507237296,-0.11576266256762313,-0.1011746409315211
97,20,0.026411139122266104,-0.04401470517473183,-0.03291959180887155
97,21,0.018580998549228653,0.0034882116736333238,-0.0021649786780806885
97,22,-0.009234245699872088,-0.02452569823899782,-0.028033912820223453
97,23,-0.07396420511733237,0.004257167432668855,0.0014661978968109252
97,24,-0.012267915673811546,-0.028263433652753234,-0.006878610811809746
97,25,-0.039784938101264176,0.030106325713017055,0.013977427024191538
97,26,0.006851915630897548,0.04620361460548294,0.04711507959653958
97,27,-0.03893041899990575,-0.052761652244976705,-0.08405210996159161
97,28,-0.04501443820035429,-0.025523375398816828,-0.021426480974217652
97,29,-0.12757725637019066,0.04134356514721174,0.022394093901773982
97,30,-0.10904708392869936,0.013608502227258592,-0.000620833225260836
98,1,0.031428517485737384,0.010487611454317312,0.056407844982973035
98,2,0.0035906986943117017,-0.07375591772357437,-0.04990675733614011
98,3,-0.046767812843669536,0.06188591518728561,0.04284205573602519
98,4,-0.054121187139980716,0.019459354510653813,0.007149239092730207
98,5,0.0406887450814081,0.015509172966274331,-0.012678816501422984
98,6,-0.011280756765201108,0.01175608826009316,-0.0033113915794128973
98,7,-0.0023798757659914288,0.004885943150980406,0.044192150097965004
98,8,0.02009496264179135,0.051472055280962464,-0.0021091216037856324
98,9,0.005070737190145472,-0.08420592157761184,-0.08915255057208434
98,10,-0.01374650452745511,-0.02808134261132917,-0.0307920919997685
98,11,0.009686099123113297,-0.029072865188808254,-0.05750465564154912
98,12,0.015903872416959938,-0.01737408335900705,-0.022643382234813665
98,13,0.006944858279522256,-0.029558920844269698,-0.011506830109446082
98,14,-0.026531351937883297,-0.006026215111713365,0.0033044851813612726
98,15,0.07943199166065021,0.06090952164379082,0.06558228078026619
98,16,0.03965681478759732,0.04489028216770474,0.030671160545368573
98,17,-0.02925334432796546,-0.036788368838650026,-0.03979023024922067
98,18,-0.007718603418329815,0.03188346504372811,0.04905289968970557
98,19,-0.02137670741933905,-0.07059946776116857,-0.07001025589423147
98,20,0.03841359967190262,0.016675649651488555,0.019000032066809013
98,21,0.02466714393536624,0.0002502157424896102,0.006379973043815395
98,22,0.004881317335247638,0.003832517723869267,-0.0062615572405152475
98,23,0.056506648484398556,0.00713388512843539,-0.009614226929416308
98,24,0.05842997658574039,0.008898896491929646,0.009834904406121905
98,25,-0.0031462571116327126,0.04404612354823668,0.03757042771643227
98,26,0.0060544204152930695,-0.004941594558433802,0.01612364731037137
98,27,0.07175084915835907,-0.005189914812156541,0.007406974363155723
98,28,-0.02706370718535605,-0.05869687330270624,-0.03931870459570095
98,29,0.011102685897520882,-0.0037634101791893847,0.011404323249836205
98,30,-0.03616777619900461,0.020429714571146864,0.049673965443078234
99,1,0.053821471914321656,0.04994715005615905,0.046306479498733365
99,2,-0.055621154141270314,0.06695299004384267,0.06529857784489036
99,3,0.004413309396241546,0.0668052897808098,0.06402470351083625
99,4,-0.057145582443371236,-0.10763903872202131,-0.07765106063944947
99,5,0.01146569544835371,-0.0002843791821007738,0.06759337600098235
99,6,0.0007533545056580806,-0.08731362025221519,-0.0728550721746568
99,7,0.005485426067838227,-0.15123229166732902,-0.13577881135517697
99,8,-0.006342127602610216,0.027301892757436764,0.03595088644413262
99,9,0.012767002974527415,0.057920397920549205,0.014641179540261486
99,10,0.036838810497694614,0.009827534320222613,0.014844340596731452
99,11,-0.027850044379966073,0.013199840195906545,-0.027826163113747842
99,12,-0.005677663779921851,0.0891223431531842,0.05771510056393855
99,13,-0.04224531915832264,-0.02339327887748606,-0.037902738595609366
99,14,0.020418909951308076,0.050399210531199536,0.026517344645939127
99,15,0.057277972979606115,-0.04371016387442933,-0.04263922182028066
99,16,-0.002578210805680445,-0.05681791346488605,-0.04018308005145191
99,17,0.05389505101703462,0.04112920991725371,0.02451271497807826
99,18,0.051720419987650236,-0.034215974129980654,-0.02849141170948918
99,19,0.0801224991210085,0.06065083130529387,0.09817584294971858
99,20,-0.05686274180629906,0.022868473315170303,-0.011939029498497875
99,21,-0.0322555956725711,-0.09070226240612923,-0.08560092236948456
99,22,-0.046465709359889876,0.039250472466764594,0.042346402786379814
99,23,-0.0021383902937736742,-0.00035362184994728625,-0.025337808399481073
99,24,0.07190865357760343,0.021864180397775674,0.01623597149235946
99,25,-0.006650237687044353,0.022665046247531993,0.009660967352334708
99,26,-0.03271936250597667,0.0035640975345188116,0.009401602009806382
99,27,-0.0014357432584233695,0.03080111252099547,0.07631457788500325
99,28,-0.027195630859892933,0.09998274650285911,0.1205771107426179
99,29,-0.09567561351078159,0.04423807628455114,0.030878808037207953
99,30,-0.07691221299944326,-0.020442402855188932,-0.018727050439350745
100,1,0.04448816566202047,0.023354395676319802,0.004191117723553615
100,2,0.015550982763120632,-0.031818883472592215,-0.03452392225754804
100,3,-0.009511002723456355,-0.12108828037962151,-0.0906617767562523
100,4,0.02039729239782669,0.01188517628375397,0.004459825395429842
100,5,0.026044751734451865,-0.04908326150608273,-0.0546160615771787
100,6,-0.053119058606653224,-0.08286409736768795,-0.07216594667512481
100,7,0.014338811361577214,0.013311792923415826,-0.005924685634790573
100,8,-0.0312563910915849,0.035041589160484575,0.046279077234038235
100,9,-0.0797526328893716,-0.011514154639187792,0.0016061172131045427
100,10,0.059064308726611454,-0.020605558927538188,-0.04168299744121675
100,11,0.004543328707235719,-0.07039251114982405,-0.05127367941354672
100,12,0.02289299827594724,-0.06499832748088429,-0.06946527011526653
100,13,-0.004223978014745252,-0.02949933736740495,-0.03153941568115451
100,14,-0.033054058969932854,0.07259510093329644,0.003078924648492028
100,15,-0.00852767305054057,0.04226118659795339,0.036145666119270135
100,16,0.014406598231972084,-0.013532206251937575,0.017250435298240798
100,17,0.02281359531751153,-0.08001119394553231,-0.0700901373178246
100,18,0.07068333287880747,0.02976707158013443,0.06094202532024335
100,19,0.026437205661314724,0.007896750675511707,0.00984883323958854
100,20,-0.022926091735996933,0.022035374684550465,-0.0026182023633340517
100,21,-0.034704169855255776,-0.010183789081750882,-0.018892274099359722
100,22,0.048177012173183806,0.015893667914895777,0.016168462985388786
100,23,0.034118613011193365,-0.028609847931758872,-0.02120084614482146
100,24,0.026331889911737585,-0.008198491265238922,-0.0287834219719148
100,25,-0.005218731277897053,-0.021990490822931665,-0.029241920773523784
100,26,0.06052526930998075,-0.041597356874163494,-0.04354946759257746
100,27,0.00015400133545197053,0.027083200908757078,0.032835241868741816
100,28,0.03561447928994818,0.05185954146758669,0.05087695266015494
100,29,-0.004798864006563363,-0.031128745253998343,-0.015263478318377611
100,30,0.05925907660220045,0.022657633067391485,0.014946147137107832
101,1,0.0547725258925705,-0.05955521018042208,-0.04955934326511498
101,2,-0.0047398587515067175,-0.02420268475237297,-0.018590867823616533
101,3,0.006610803051672535,-0.07826553001490155,-0.037036076172776426
101,4,0.03469055660409666,0.05008799347481062,0.04690412759898427
101,5,0.0006410567052415269,-0.09477046645746891,-0.0761216998253413
101,6,0.03960787064234817,-0.011706270513324324,-0.0036424415856775305
101,7,0.04629414408550712,0.03764880450242331,0.08228236441255965
101,8,-0.017374409123488418,0.004174613192676585,-0.013636843258234855
101,9,0.009162888630570926,-0.005921390765536306,0.010748316631000088
101,10,0.033154926565075425,-0.010773871749186559,-0.035310397617057294
101,11,0.010572411373529586,-0.031044892621315837,-0.02239792103461745
101,12,-0.0428866153077518,-0.06857253721240916,-0.05410195659785505
101,13,-0.02905560569808621,0.05012011485582831,0.04764433774445175
101,14,-0.025653623195429867,-0.086845645346387,-0.07094338039081631
101,15,-0.02539453222356951,0.03267921193847236,0.028789688951688364
101,16,-0.006161887118638247,0.09953442359461982,0.10993458529287835
101,17,0.031548060534920104,-0.003936877060284643,0.0010417546942793933
101,18,-0.0583484229890338,0.016561369242106938,-0.019862394428009723
101,19,-0.008984809599741891,-0.028849404228779484,-0.05084333150555949
101,20,-0.04851343251468859,-0.0037503364000264707,0.0028464368382912215
101,21,-0.0552991414982404,-0.01619758376926219,-0.011701745136864313
101,22,-0.03655949990617232,0.02209029400871558,0.011684435388229518
101,23,-0.04309167798023623,0.0386349175367115,0.07200690826861472
101,24,0.039276503655251975,-0.0011282170339650102,-0.011129151198329008
101,25,0.017888386998556192,-0.02011440832565559,-0.027671720983354315
101,26,0.006280206601774958,-0.018170125391195092,-0.0032954690374448993
101,27,0.049594604238180004,-0.06559190411985306,-0.020971658585049915
101,28,-0.019706351888644825,0.019906494556601158,0.037076318764188564
101,29,-0.003185873544773109,-0.013214665355933974,-0.014863830933385865
101,30,0.04521042553864909,-0.07117834186890463,-0.04433341501629096
102,1,0.04135147065957635,-0.008405997566770226,-0.02383458667603554
102,2,0.04013932277761375,-0.03502838039420316,-0.030325343744533734
102,3,0.05553501591927111,-0.00011296106187762705,-0.0061664201533180585
102,4,0.020055935290632966,-0.008916070434642008,-0.020777362198470536
102,5,0.09322822064957359,0.004137036644135361,0.01673097331011658
102,6,-0.03962219508363266,-0.05351666984984031,-0.03702871778914813
102,7,-0.012662426137548777,-0.05756463739613481,-0.05588720642231906
102,8,-0.021557328644611958,-0.0260770337985257,-0.012601692789114844
102,9,0.05732918190296032,-0.03983670166885731,-0.06284532054610203
102,10,-0.020747182787069236,0.03970945259971303,0.020231032960392616
102,11,0.03484822089767854,0.008988423581347629,0.006287294202490995
102,12,-0.04822346159221824,0.009356577368969787,0.040463074389024314
102,13,-0.0011109460363295457,0.030740655717771185,0.11229949033203847
102,14,0.06180583520917603,0.0006041590309848882,0.018310988501048255
102,15,-0.016840717780628643,-0.04701042062652544,-0.02882082218430263
102,16,-0.01891132539676312,-0.04776905334917588,-0.06390721773310572
102,17,-0.03537599037144979,-0.027957169878176636,-0.014114547244750307
102,18,0.10712644947621533,0.09632773601785374,0.09715530755662906
102,19,-0.0074623979933737695,0.06690067043307522,0.029398035033228943
102,20,-0.05999120049168982,-0.034259884184591395,-0.02744123988357436
102,21,-0.05987689232441018,-0.07817746513170398,-0.05572564648458887
102,22,0.03813642082767913,-0.07099635124061596,-0.07985179127125094
102,23,0.006714687439016801,-0.003322311629092525,0.009395628026235609
102,24,-0.05078305660515318,0.04901177243553556,0.026727368484216106
102,25,-0.0292141246500687,-0.03438341191775454,-0.022393747191389198
102,26,0.0849962820433997,0.037150647036407795,0.021974563030039446
102,27,0.10502069297896999,0.020938118596465036,0.05105291596839214
102,28,0.014658761436148788,0.05136237770182532,0.0038053211165603442
102,29,0.05779571918963001,-0.04891677072025063,-0.07317454085260969
102,30,-0.04612250487439855,-0.01795318396666692,0.001573220899322163
103,1,-0.0696961260621586,0.03990557240244301,0.030907238450601802
103,2,0.02848069525313594,0.018204946299775617,0.03129595048380554
103,3,-0.0027836319973809924,-9.7235223672277e-05,-0.010197257596008962
103,4,0.06140696900965533,0.05120387287464554,0.0353681059503206
103,5,-0.09105546979584522,0.0376088089484205,-0.0003029872933912665
103,6,0.07977154015837826,0.021066119336077112,0.008752481415879934
103,7,-0.0006819597499160814,0.05194527809761445,0.056604894979513
103,8,0.0018087371757741484,0.05250845178505569,0.09086241392811382
103,9,0.01269170755077766,0.012508864230761021,0.0111813368745509
103,10,0.010349741446428137,-0.0026173746200117086,0.01904018540783379
103,11,-0.11087125125301031,0.06191669886297201,0.048273640705930494
103,12,0.014269343689145439,-0.005215260259946369,-0.011308453931518197
103,13,-0.03693890587362756,-0.010196306519306616,0.03363702346061679
103,14,0.07780103155337,-0.04498660228117024,-0.023825386710959393
103,15,-0.04892952527311955,0.03348591088139499,0.02759446784897627
103,16,-0.0077816703779689115,0.07692080797464651,0.060149365007903376
103,17,-0.04785759674013941,0.03143469544721324,0.04803117074650237
103,18,-0.01697748746707304,-0.055270456842947256,-0.00237952939190054
103,19,0.005410702427353027,0.01407308923395273,0.00034054593724116693
103,20,0.0036542265078181426,0.059393641547362645,0.05456986029883593
103,21,0.006561197535980971,-0.04992764417469892,-0.03808264182067574
103,22,-0.05744027463840147,0.02669383024476901,0.037260531283211704
103,23,-0.025218771290481154,0.014397238555693226,0.005422638555706663
103,24,0.08295706700859906,0.05227090842314808,0.05906983064758326
103,25,-0.07771565460171513,-0.03127000224293956,-0.0020348058739564872
103,26,-0.07145677696890129,-0.01759695518455742,0.005990363339016756
103,27,-0.031174376208608776,-0.029715745775504194,-0.03238036661585135
103,28,0.009702696053849887,-0.010915386027826495,-0.009295538916935735
103,29,-0.044362047013737194,-0.06455675184056367,-0.039102407063774956
103,30,-0.008887264868259555,0.06778549874177253,0.03952045985770779
104,1,-0.04007148654237967,-0.0024243133448279643,-0.008386795741771242
104,2,-0.042662289977664435,0.10228853321621231,0.06636239141520855
104,3,-0.06237800400136912,-0.012144000913141885,-0.019475864290764647
104,4,-0.00960914362399587,-0.006979410852538362,-0.01285376382221784
104,5,0.05764245485042278,0.036271550955756376,0.01896147860574649
104,6,0.0025927759431786414,-0.02303061295754759,-0.0463262127584329
104,7,-0.03230944854447514,0.009620255150707385,-0.02371668239641345
104,8,-0.043723214840054966,-0.017519503394671357,0.01213559302414853
104,9,-0.046832368812127316,-0.06366568724155633,-0.049354547293293215
104,10,0.09747979255193152,-0.061576248245949566,-0.024937303773525675
104,11,-0.033024910420689974,-0.013507634217888313,-0.008707121938517045
104,12,-0.034429988066191165,-0.013526098961647238,0.01199286780918737
104,13,-0.049556232759650376,0.004738587407104246,0.014066340027446578
104,14,0.0038308015543955447,-0.03587097812098098,-0.0033238146237430503
104,15,0.045101834740819094,-0.051743694158152845,-0.030125673103003573
104,16,0.0507953339519081,-0.02195053875779606,-0.0035352265454485932
104,17,-0.025451865159019274,-0.028098050837096003,-0.02670234622346073
104,18,0.038342699968519064,0.028156198687142843,-0.008805832098529321
104,19,-0.029380819797423633,-0.019037859599676327,-0.010556806251967503
104,20,-0.0180730900482684,0.01974883831388141,0.023990175071578922
104,21,0.032705960074443666,0.07972852519462936,0.06085693633035952
104,22,-0.0670396799265555,-0.014872943626823,0.0036989522660851406
104,23,-0.007499637028558362,0.03003629401037667,0.002705715047515011
104,24,-0.042175869024052764,-0.0417579510562984,-0.023291573873358958
104,25,-0.04375325817986086,0.05712931662604353,0.03311493157289549
104,26,0.005539962560771935,-0.0381946323504735,-0.02814601121179845
104,27,-0.0072859282311018405,0.042837306798818975,-0.02581231188946116
104,28,-0.04871685778667006,0.004119518079923348,-0.030016014125101957
104,29,0.051000073862414674,-0.008908723955618323,0.026446080917735496
104,30,-0.03678543507869528,0.037912819421600595,0.09857152530327662
105,1,0.015957862502797977,-0.03477015725066558,-0.03163901641133313
105,2,-0.03827593490695041,-0.03252832976183301,-0.01618867405765464
105,3,0.0702975159820165,0.052345822932018546,0.1206452565577194
105,4,0.0033771958136396946,-0.057690577853903406,0.009261941712548422
105,5,0.0465840005285845,0.04646265669740357,0.0650247095232051
105,6,-0.04471644330721326,-0.021060204436180518,-0.010399487019259468
105,7,0.03440438735895549,0.04960293901646461,0.038265270220174
105,8,0.04759606831905281,0.0752414480046956,0.07963798808182895
105,9,-0.10753631172395822,0.010312467819388774,0.04788033871633207
105,10,-0.0017588936783751793,-0.008664826356139344,0.03467392548380801
105,11,-0.0015000265400315588,0.022786962308629914,-0.005561063380374203
105,12,-0.02753544317399043,-0.018357347045245956,-0.018159427392480734
105,13,-0.02824238194443168,0.04912553287222855,0.13235097018651887
105,14,0.0037330717701156706,-0.013079144178893764,-0.006264723968731333
105,15,0.14249359095669406,-0.0055128321886428,-0.0010133337547674644
105,16,6.112468030336177e-05,-0.0015608653914201177,0.02280366380355376
105,17,-0.03918621005825387,-0.03556461734903212,-0.032928647320592766
105,18,0.0729656316485336,0.006038222947542594,-0.008483307339165472
105,19,0.03939203569721468,0.06171506902393451,0.038966988409630955
105,20,0.0029387712836322706,-0.016364416993164144,-0.021086008832831498
105,21,-0.013346901066896637,-0.030361810754433307,-0.048204228171127614
105,22,0.07587270672670829,0.03490209623881896,0.03611793039054043
105,23,-0.03566832003979464,0.029363432848402773,0.01971288679699109
105,24,-0.03862740636367928,-0.02132731837120337,-0.0374682432090567
105,25,0.06451670220193258,0.09590485971511852,0.07175003160641032
105,26,0.004582799459518056,-0.06611013831515165,-0.06101605316681923
105,27,-0.048799973523190814,-0.0804467703043408,-0.046667245294061056
105,28,-0.03572425068328408,-0.02620770483781635,-0.03397799338570893
105,29,-0.05092193517822873,-0.010652763703132648,-0.0040225012454933205
105,30,0.048794694979577405,-0.024686525821802384,-0.007567486196611841
106,1,0.004716906753637226,-0.05532187272587714,-0.049225439434003114
106,2,0.023281569431930358,-0.007832669860608018,-0.037307160486837056
106,3,0.01648484687389376,-0.049144291215727415,-0.014264819968787985
106,4,-0.044897881028835254,0.06642527499941425,0.03218105581313537
106,5,-0.02067485197010294,-0.05421299090643763,-0.03419835606732688
106,6,-0.04119991311550372,0.011209312679490765,-0.005008254610681512
106,7,-0.009041922977216012,-0.07355119389003917,-0.06637699600260472
106,8,0.02791660015099145,-0.0024595481889598345,-0.000639865557041889
106,9,-0.010499112656968904,-0.017542422383032844,-0.037720409398932994
106,10,-0.09476582564695989,-0.007412658881932524,-0.038176881014377946
106,11,-0.047360318253773716,0.013032979805024814,0.004092604261643041
106,12,-0.09455645033001066,-0.04596565046481555,-0.045519904945533415
106,13,-0.058844127025289024,0.07435165596835377,0.054542722340668676
106,14,-0.045170983078801456,0.04216952121752543,0.0300089880893537
106,15,-0.006351535297639949,0.04002518360176414,0.07924837359270057
106,16,0.027240962487901407,-0.021355003554452148,-0.023447852431442345
106,17,0.04498661780216097,-0.018000718830998644,-0.02713890607311906
106,18,0.07540395583121347,-0.04238050673130765,-0.02341909287130284
106,19,-0.002896976262038204,0.025821218458034697,0.03725251066433022
106,20,0.013343258474658611,-0.05684792903044594,-0.01810035789166647
106,21,0.07623782175665002,0.0005752739415208798,0.023337227843477474
106,22,0.018676732503715678,-0.006612926154002842,0.0037935287165239626
106,23,0.05139985677698675,0.002758412295518007,-0.00503789866467446
106,24,0.0309465207719948,-0.0907260188040101,-0.0721781940537587
106,25,0.009411694085965166,-0.02031708189515412,-0.015788754636929248
106,26,0.01431229637889909,-0.019898275056818154,-0.06654117845341882
106,27,-0.06014851668077182,0.019596877654503103,0.021633612723116053
106,28,-0.04348822221912345,0.034613839328882026,0.050853076585708555
106,29,-0.06744579574098772,0.0843913082732121,0.07558001386443075
106,30,0.07006027283417852,0.06470820582016483,0.03731205792533708
107,1,-0.03176388343241391,0.0552064671318189,0.06452238966112595
107,2,0.0748422133510918,-0.03636977021737156,-0.0043163742513630905
107,3,0.032712964091840636,0.08291301249395616,0.07912210291207027
107,4,0.06657591801245381,-0.030099648866157912,-0.02540024093587245
107,5,0.05453683745900408,0.0036872976792483142,-0.02588518199994633
107,6,-0.015958016946243176,-0.0036915825646384017,-0.005298292185365928
107,7,-0.015751136131170913,0.06879126795329443,0.09990966082950482
107,8,0.053503204844067176,0.06410483093486742,0.06482700893105182
107,9,0.015758446075324718,-0.05346114142964399,-0.04478441217615398
107,10,0.002804201735674731,-0.03722601228760889,-0.004248378528079096
107,11,0.05166188864200106,0.09103361831444362,0.07920854485864125
107,12,0.0802847750408267,-0.03183927749080315,-0.049508277895264255
107,13,0.025070793633862436,-0.07242567881533235,-0.03458626235975393
107,14,-0.034019097768396754,0.0068059382126828575,-0.003586992961445332
107,15,0.05524832045087955,0.03337013424165405,0.037689918389241905
107,16,-0.06856590559530294,0.07057110030394077,0.08064177270517103
107,17,0.0587357341919743,-0.06334546408697014,-0.07521206764650482
107,18,-0.019673936650185388,-0.047975953206632865,-0.025687730145462603
107,19,-0.0021383729095682826,0.0393522728087498,0.008401182880102956
107,20,0.03681382571960414,-0.024851741228697957,-0.024996963988598853
107,21,0.047038540832060126,-0.0910070383977835,-0.06972209722038052
107,22,-0.03884963634379458,-0.045163802027374994,-0.06973285825587132
107,23,0.025953670676594123,0.004260804083680648,0.014977572590386576
107,24,-0.029044373220207136,-0.01867184360414749,-0.037880190050576835
107,25,0.038415188652249015,-0.016853205183485223,-0.010417156434605746
107,26,-0.02075122077412312,-0.018935571052559323,-0.021476454252658646
107,27,-0.08155017965132569,0.020637438550212384,0.03010356334838375
107,28,0.0053744516529098075,-0.046260790280216034,-0.0734056033252384
107,29,0.012556945061955312,-0.08078978899178038,-0.07258138347221467
107,30,-0.024162530993934294,-0.023340461907387988,-0.02135484481318644
108,1,0.028140141821774215,-0.0011943607014838653,0.011290537624541843
108,2,0.0023633770996064635,-0.050042089989781754,-0.04983567448318363
108,3,0.03683405302720742,0.06261475812579351,0.04832810978802923
108,4,0.08064735213588352,0.06685186630297095,0.03727398199570005
108,5,0.12663059121136855,0.09738235136129651,0.040238172975840314
108,6,-0.008171630643543332,-0.0612467060884039,-0.043084526721906616
108,7,-0.07944659831584544,0.08289920248669078,0.08355256839839335
108,8,-0.03299634271044614,0.06236194244935098,0.056748359034809084
108,9,-0.004985338930523705,0.00011153318842836889,-0.010836308538207676
108,10,0.04470485356699943,0.0341084406641199,0.043031791171090364
108,11,-0.02387913012595666,-0.06555002738145235,-0.01725952584657184
108,12,0.03043269513185913,-0.051169826954048196,-0.0745867563474513
108,13,0.014711439852573732,0.08668062358301494,0.03830039511844311
108,14,0.008017409353521696,0.05163484570007846,0.04615502133796883
108,15,-0.0013660268632687575,0.023125268010861583,0.03890413094027288
108,16,0.10503635912334794,-0.05948217784538939,-0.037321557111425326
108,17,-0.007596852720741402,0.09083996261890802,0.10891268006559632
108,18,0.01714571511069036,0.020463039709304902,0.05044301144392433
108,19,-0.0007724126622489727,-0.025994010426146425,-0.009667860476402326
108,20,0.008050836029300533,-0.0082383878336224,-0.02454494099130626
108,21,-0.008537462474997898,0.02353504961860619,0.027671456064503205
108,22,-0.009860240116420785,0.006501904274429517,-0.009787949810884388
108,23,0.01859959759141876,-0.02836076438877864,-0.044367625803221955
108,24,-0.01826693504377643,-0.019523615290803258,-0.0045418486394550334
108,25,0.053901095085132834,0.053952041916614436,0.060288811499451596
108,26,-0.06588430165831677,-0.005567206021311842,-0.00380016461189357
108,27,-0.08975043234393505,-0.06361228988726524,-0.07585239092340683
108,28,-0.013047208852197234,-0.017081919815051916,-0.025016637431569892
108,29,-0.019213408574226237,-0.03888389831057491,-0.014408164927729696
108,30,-0.013416278660869252,0.02902583178569119,0.016179137690936846
109,1,0.04416578832869168,0.00852901557950477,-0.022843288697647724
109,2,-0.01919375842131935,-0.05198468093074055,-0.061268967745564125
109,3,-0.008810412651938607,0.005620297398422173,0.007050059217215208
109,4,-0.07732854486177171,0.01942007266423085,0.009266111818817377
109,5,-0.04619738917347472,0.10400911903100375,0.040368836861810524
109,6,-0.0014690805954257098,0.11800680621478155,0.07398809068688943
109,7,-0.0648924177511114,0.08639580631112313,0.06671933594201312
109,8,-0.026284317557963906,-0.05310800635545922,-0.030490993274519207
109,9,0.04802199637315111,0.006918770997444626,0.003176370570089857
109,10,-0.041341595958741116,0.04306408043304348,0.0005983226237893768
109,11,0.000756761368316334,0.02171179476149251,-0.0021911201718713014
109,12,-0.003971276581171501,0.1091942151074491,0.10746859220610248
109,13,0.08699048231447909,-0.010170798929279929,-0.02398012344430411
109,14,0.032704601772337305,-0.012299098470082351,0.02218275136536842
109,15,0.038330057963530825,-0.03021639989190378,-0.01289018630532555
109,16,-0.04310729707854285,0.023768395000702217,0.014175891636194838
109,17,-0.03408603439607004,-0.008066206879630685,-0.030603819862578385
109,18,-0.06267725580943355,0.030172555553195333,0.04261341151934894
109,19,-0.03003103251919714,-0.02526022428443845,0.002755419039801468
109,20,0.023219645333007195,-0.009841410347022744,-0.026972031415349682
109,21,-0.05453996444197424,0.008304732886378006,0.033886299538518974
109,22,0.04273841694942693,0.020955483402784792,0.014045818136716851
109,23,-0.023314104113298952,0.02590508349285929,0.0030463543255888083
109,24,0.03356602485071062,-0.012282571613773982,-0.04927137316661658
109,25,-0.01657730372153024,-0.14419351729916535,-0.12212051018709665
109,26,-0.03626421569916543,0.025489711641576724,0.000944365722908518
109,27,-0.024755651559158025,-0.08126632802093363,-0.06273675267020956
109,28,0.07207052833898805,-0.00048193638481719783,-0.01795172776613892
109,29,0.045261394024750976,0.0021416817846298735,0.009803854513155434
109,30,-0.013196576982580721,-0.08089895573759104,-0.06728281395904985
110,1,-0.006207673348405683,0.015859899018819464,0.012853593260545464
110,2,-0.011540758230669818,0.02896337570678765,0.0033662101770254855
110,3,-0.03166104801468929,0.014291756725783766,0.01377300423963452
110,4,-0.02513740158282117,0.027774986833024085,0.030870640154746744
110,5,-0.04788630987409571,-0.012836736596216826,0.014542245958411018
110,6,0.0021170496994288275,0.051119958215357184,0.06813696423111144
110,7,0.02432722931934362,0.032094297853811495,0.05683676993423474
110,8,-0.024130917264902976,-0.04773662609191883,-0.06168325658495088
110,9,0.0016146182792155237,-0.029815745318087675,-0.03896990255771891
110,10,-0.0380126113896469,0.04525190779165015,0.014288524336615677
110,11,0.042017961263902406,0.04944397315288627,0.0739118377138012
110,12,-0.02016565846649329,-0.0068634042315799315,0.023977631155276215
110,13,-0.009225761949034787,0.008427790329375098,-0.01264039687742783
110,14,-0.03428250276051084,-0.012149388596127473,0.03768141836848734
110,15,-0.05922305647177905,-0.09565034967660414,-0.08441113008120828
110,16,0.07733882914212056,-0.07792014013840565,-0.053735933743194485
110,17,0.05183570014527101,-0.05661716337096694,-0.051077119743720756
110,18,-0.023663746177048004,-0.038269694034684505,-0.03713675545506272
110,19,0.008080600177965615,-0.0388572126488251,-0.021365646561703363
110,20,0.038721672603475234,0.0009034803281518201,-0.004347549418127955
110,21,0.06585174787647848,-0.09935714473910627,-0.1059678491471108
110,22,-0.0032003131748636186,-0.07480576314938904,-0.018468945669706915
110,23,0.026826219895924184,-0.0323233270280206,0.014686202709868567
110,24,-0.003848288711989262,0.04675841293888138,0.04455193245650565
110,25,0.02760753243569842,0.024648195606434425,0.028814850165598656
110,26,-0.023465613040237154,0.02535684668268964,-0.010996296382936832
110,27,0.003536001067162187,-0.04576877172924842,-0.07224868283549746
110,28,0.006774143221242866,0.011517836975718017,0.014740502437654455
110,29,0.016277695447758873,-0.014509372339365499,-0.025423142028631995
110,30,-0.028823937624149518,0.04892946788804502,0.05741783468736932
111,1,-0.04219046209436218,0.0056022944238992185,0.038077455413785
111,2,-0.08083369855235475,0.05081973624751744,0.047960262266205464
111,3,0.010078016556474037,0.028455756398216424,0.00016039717730191783
111,4,-0.027483386839053835,0.03587187188232319,-0.0005660438583943009
111,5,-0.0002693907029223334,0.032214208291714855,0.06841499382068866
111,6,0.020851832976864076,0.0543696422061356,0.03629854507947236
111,7,-0.05635387878414028,0.01432716936430748,0.03195718808079504
111,8,-0.022488110000545264,0.04392031215352173,0.006520362963662135
111,9,-0.047344179585722984,0.043013606947925796,0.023732964603506795
111,10,0.08267050923495095,0.07809546753070425,0.11446585026185875
111,11,-0.037353022012433436,0.07680728549776039,0.07314165190891901
111,12,-0.05810444341854595,0.003795029715303021,0.06828097094134573
111,13,0.002958311850551795,-0.027238446941941327,-0.029630934674481493
111,14,-0.012575624607268817,0.056264926259714784,0.04351282780026945
111,15,0.03212011120585534,0.06783814644310363,0.09772469515214101
111,16,3.7430210122846856e-05,-0.01751635797018519,-0.027553760980024457
111,17,0.04629442390109105,0.0631894822702674,0.07488851267836324
111,18,0.004320193123922907,-0.012334702012771584,-0.03133010005443341
111,19,-0.04721624818783432,0.06497118197313766,0.05899593086409887
111,20,0.058179367645439004,0.04786085804394019,0.027777057428383226
111,21,0.05871696383654223,0.07183476640114433,0.07438837914379647
111,22,-0.002288370267274343,-0.004499626084281139,-0.04960747481787077
111,23,0.050253420262226636,-0.01848878251379651,0.020646085576837524
111,24,-0.06153705937804692,0.0006119316374373773,0.029234236043440612
111,25,-0.04293439844717999,0.095465818782906,0.06895450084086532
111,26,-0.006608782837754648,0.009373176025354629,0.014081390488164782
111,27,0.05834359535191937,0.0375625644373506,0.006308948115417026
111,28,-0.04185040939191899,0.03917275114850851,0.03210685792751754
111,29,-0.09694060615105599,0.10038101584719598,0.09589093073154452
111,30,0.043593127355767904,-0.05418708711460685,-0.043614655726994384
112,1,0.03413433450304,-0.02456207622463603,0.03220283404459205
112,2,0.015379191283489071,0.00782067031318425,0.0011787236079839449
112,3,-0.016583738495370134,-0.026272238501087845,0.0043812589919432
112,4,-0.0505131289946578,-0.008470405351972266,-0.00795036590322111
112,5,-0.008024296131192815,-0.003320624104976508,-0.02474550563471311
112,6,-0.03151158005703735,-0.05186596918116813,-0.06688762771993007
112,7,0.060074826154621216,-0.040803974388356194,-0.060941398111717233
112,8,-0.08602644055338085,-0.006254167885035734,0.02270527615363027
112,9,-0.02142960415739976,0.10111398205767504,0.1006394908693542
112,10,0.022431568351830397,0.0406504023954646,0.0419733057763948
112,11,-0.021918569869266435,-0.052373970913147154,-0.032809228269640854
112,12,-0.01726313439117861,0.05630999337753648,0.06745433822328417
112,13,-0.12756840685649165,-0.04020633810004479,-0.022699156206811295
112,14,-0.026293522679489388,0.060748016323450754,0.05580239317987437
112,15,-0.013854069445670055,-0.09468501027958132,-0.09405749021667788
112,16,0.016556979730519235,-0.04065355251344472,-0.028763289485419983
112,17,0.06493298641475277,0.019236164943122025,-0.0017872793227470113
112,18,0.0010484635165609964,-0.030464419326793325,-0.040415771418227074
112,19,-0.07359407880914244,-0.037293894783489816,-0.05988098871842659
112,20,0.003020187352671348,-0.03551825345996629,-0.04146764946269668
112,21,0.046119368197549915,-0.017225123611320926,-0.041062891459388046
112,22,0.058451342147369724,-0.011650811472399988,-0.006954709594846686
112,23,0.12674942165586575,0.11419666667590521,0.06783662101742033
112,24,-0.045573811026387794,0.0724188940917407,0.059902240832910604
112,25,-0.06580980633037634,-0.010571331691189073,-0.015343463323558914
112,26,0.03236749623623924,0.020910071737958908,0.009642533675626576
112,27,0.04422518241435457,-0.03277219049193969,-0.040161206791244033
112,28,0.02081157795876099,0.038248088611538764,0.03707403725704122
112,29,-0.07369835190496192,-0.05596040007432393,-0.018711434546873715
112,30,0.028486904740740886,0.028276049738229433,0.029029938701999415
113,1,-0.07457552002381507,0.024079576670375635,0.027458200127299513
113,2,-0.0408595014147061,-0.0573427165638586,-0.05668871698443133
113,3,0.08087419046037334,0.02487294089572276,-0.018441545718336835
113,4,0.046260423001901745,0.02710073792844529,0.024469360783821618
113,5,-0.039272890105994177,0.023488423550900306,0.09484675078418472
113,6,-0.055962256905889,-0.0055716940181133575,0.005697835251445511
113,7,0.03410810025924418,-0.024307975405086696,-0.046748936104092524
113,8,-0.04767213499486276,-0.09001891602425763,-0.0754862639577116
113,9,0.022516192784220894,0.008348440130279576,0.004491364017573171
113,10,-0.06624453141416431,0.136580457979757,0.16821354284278942
113,11,0.02791710716569186,-0.023728685744842836,-0.008659884068783296
113,12,-0.10311284170448605,-0.043265623753347464,-0.025066446783907712
113,13,0.07929153471128168,-0.023516167286598114,-0.0456231010395476
113,14,0.034805752798255436,-0.01724893570232421,-0.011577515041739253
113,15,0.04823338642655202,0.016931642077737778,0.03776759850056934
113,16,0.01587132758423555,-0.015804005420886794,-0.03724545655493105
113,17,-0.01823489979442205,0.027146827493648124,-0.006424830951507911
113,18,-0.0003986265175678505,-0.03567442160480013,-0.05759029070615284
113,19,-0.0029893552352811283,0.03801920922997115,0.043048676838958765
113,20,-0.014670913490011237,0.050218865970861115,0.062539863010911
113,21,-0.053082961046114714,-0.006888489142733579,-0.022795744018050623
113,22,0.05332441756254605,-0.06259055318970995,-0.05059882860246911
113,23,-0.08310762876806282,0.021722497362116976,-0.028203676319679953
113,24,-0.003828164413467275,0.030691513347022095,0.0317414181205614
113,25,0.013119801121174189,-0.02058006327657187,-0.0012994286947493297
113,26,0.015593592396035676,-0.006140884872259447,-0.020179978495756947
113,27,-0.08183513666964734,-0.017651717466605585,-0.037751172117952835
113,28,-0.004631359321742706,-0.06314433635062415,-0.06667657817942255
113,29,0.09688164479025443,0.018050756116491023,0.03724010291486065
113,30,-0.035286772462611915,0.049985867831751914,0.04038543133550228
114,1,0.10064902467196596,0.032205720307920974,0.02169940507852139
114,2,0.019712847082095693,0.004340763236414905,0.01609506861769852
114,3,-0.03148334766474259,-0.01983315518898109,-0.014984183674754598
114,4,-0.018098757889690852,-0.002996017054045816,0.03176596835591059
114,5,-0.003576130641890853,-0.13490496953489087,-0.12703558689560127
114,6,-0.07048472871602446,0.006854592361805846,0.007600659561279222
114,7,-0.02146767546998335,0.0160996275941034,0.004309001036668949
114,8,-0.05910313658047609,-0.03762667316009345,-0.07206018637442647
114,9,-0.10418772162366906,0.08634210077602135,0.03749433124877562
114,10,-0.0453472481583809,0.05817179710077763,0.04041155733674936
114,11,0.008932700872037954,-0.03250051560472833,-0.032171299021337106
114,12,-0.04300870227798224,0.012564335355601086,-0.017748255402547573
114,13,-0.021933120691839704,-0.0012668112920087944,0.0036494261278074438
114,14,0.024145077200853782,-0.09577365018403572,-0.08628931752776538
114,15,-0.013179168404479667,-0.06047648649566551,-0.011068934396427652
114,16,-0.021896022879129146,-0.025640161686714888,-0.039082032369003754
114,17,0.030215547437098273,0.01667244611090636,-0.007870725101260224
114,18,0.035158725275653134,-0.00826333482238175,-0.0011596830036316257
114,19,0.016491521184459602,0.08586828531103302,0.11846078975718063
114,20,-0.0025386923470584835,-0.0001744701571054494,-0.00968398891946482
114,21,0.0011687150938754496,0.03987485028861639,0.029801303291931047
114,22,-0.05842817571456167,-0.014532683731351423,-0.012467633954771734
114,23,0.027416246805009304,-0.017069797565955162,-0.011832593142446508
114,24,-0.0017780517780146305,-0.029324556036937854,0.004426323189051808
114,25,0.015458106689808895,0.018269304756490565,0.026810516865182533
114,26,-0.03913952035043921,0.06904312714974524,0.047940915879148664
114,27,-0.0872847698595486,0.04660396558372827,0.04207657124319638
114,28,-0.005876994211174987,0.02251296584874337,0.013214412068847698
114,29,0.029625986904973534,-0.00137493988595851,-0.0051180190111465565
114,30,0.015560493679228281,0.002453206973886886,0.0195004784339503
115,1,0.018018417587440758,0.024369320159032686,0.0008093618116892014
115,2,-0.03865550762102805,-0.02002083625929685,0.00035970347189949367
115,3,-0.0444428726663507,-0.04294870567966351,-0.052712811844524685
115,4,0.006808659706346538,-0.030309564119835538,-0.0383361988149519
115,5,-0.056690647578993274,0.062379116983025784,0.07889184176940908
115,6,-0.0008632497499470835,-0.019070236376340578,-0.003580474814004755
115,7,0.0755696132474156,-0.032364958665822334,-0.041356411819399315
115,8,-0.013069931500483056,-0.04391380056731204,-0.029048368640363188
115,9,-0.06605931694599924,-0.0663701438605055,-0.06485957249925302
115,10,-0.006546448428604718,-0.02195946716383506,-0.0230599165958006
115,11,0.05166712368714689,0.047128902121120864,0.057378566423088355
115,12,-0.048760638952986934,-0.00019341537534584442,-0.03972116579490707
115,13,0.040832525180491776,0.01842188083302609,0.006983225355888051
115,14,-0.012686164945187392,0.059991246409421335,0.07825037894217649
115,15,-0.06712365429692374,0.001882536393005909,-0.03198570066574793
115,16,-0.05490263914003397,0.07091413414452728,0.10624400747300534
115,17,-0.07770626165510601,0.04983820938830341,0.066472815092792
115,18,0.019893356461962896,-0.07361530786277716,-0.046806828938618594
115,19,0.008253949896060844,0.09071928477968741,0.06913792204255105
115,20,0.02105350330738394,0.05394565505853094,0.03704814846520395
115,21,0.04048056774268206,-0.04577460942185712,-0.06720706160254421
115,22,0.015141219052011623,0.011655376652284919,0.08700113096350308
115,23,-0.08056351828637176,-0.06319258419971732,-0.05249974227349322
115,24,-0.007033588404744412,-0.04267533528153375,-0.045232279480499855
115,25,0.10117632177826229,-0.03401116319697734,-0.08219439595534007
115,26,0.00747533210047856,0.020596937854368856,0.034370075194775467
115,27,0.012167539802850708,-0.0029014040649263193,-0.007660266282233787
115,28,-0.07336222769359982,-0.02242937359743389,-0.041318774950854883
115,29,-0.03563266267717405,-0.07281163357866205,-0.08093693617721051
115,30,-0.009480524613192796,0.11366294803238462,0.08065880111625648
116,1,-0.008369201728197034,0.020013374033839137,0.0061615554007194125
116,2,0.011064277536808111,-0.07902396075203087,-0.08126698300987027
116,3,-0.041062960109879795,-0.013165067226936262,-0.007446630700398087
116,4,0.0034304254266124797,0.008725821167714051,0.011667832484816908
116,5,-0.0142860280751411,0.020357215730071116,0.04565875341431269
116,6,0.06129815627641105,0.007188393153986175,-0.016114902074390848
116,7,0.04198880568022097,0.0009771977719720284,-0.030846600516650155
116,8,0.01881624373735338,0.0789281750840532,0.09110611017196532
116,9,0.001090181589406976,0.009417769639342424,0.018757650799535633
116,10,0.011275763556240813,-0.05140085641900154,-0.07006412139882359
116,11,-0.030333418890765036,-0.006480596621635894,-0.010185582455569123
116,12,0.043373720014883634,-0.08988821300706287,-0.04483835086276173
116,13,-0.10418991731387203,0.056098366284518905,0.08570974753432502
116,14,0.02889246905858048,-0.056308394140270335,-0.01245274910977465
116,15,-0.051172560242456096,-0.03537496766887916,-0.051345561923404795
116,16,-0.02789431846118948,0.02151695751769482,-0.015993100408059954
116,17,-0.08430267403725797,-0.022465792507003313,-0.025399665311356217
116,18,0.0145671641026696,0.01388891255615622,0.0019025849665249652
116,19,0.0038252181917751735,-0.0378955857902925,-0.016977345608080483
116,20,0.04483916388024676,-0.04374133842500288,-0.05800381273596707
116,21,-0.09734317657510716,0.05822836306782446,0.056657391000464824
116,22,0.05183884312101485,0.06843294515841208,0.06441474746663858
116,23,-0.010583054381505311,-0.027804888435872522,-0.03609804580351629
116,24,0.03463639438240957,0.006759235706437991,0.006050446658954193
116,25,-0.11497248146215583,0.03090119581586996,0.042848713337099144
116,26,0.06152209788097685,0.025851336459026573,0.013670662328441562
116,27,-0.04700888705172005,-0.02699090965378142,-0.04503674115778007
116,28,0.015118202288335611,-0.08721730147057549,-0.051288098737154585
116,29,0.06798633398389577,0.04999501971215012,0.07123699730237835
116,30,0.07626812818714228,0.03395169876854908,0.019265705401432087
117,1,-0.05183169525826449,0.02798195284797344,0.018776031987639826
117,2,0.05748382986206246,-0.03193730843050613,-0.019181390039999805
117,3,-0.02175641637416119,0.042538921138624224,0.06759164906664591
117,4,0.012770401130555374,-0.09003070097237903,-0.09424411400361533
117,5,0.0854400598431001,-0.005222735234498288,0.01214732468952671
117,6,0.04968300629663908,-0.019378982307323756,-0.022939507885607946
117,7,-0.016481741988423993,-0.026829664042407025,-0.03315666489212045
117,8,-0.03604610885598868,-0.02763492603193038,-0.06161932134744543
117,9,0.012423324444686431,0.0005571991073793956,-0.031826413967807124
117,10,-0.09007185649034681,0.011871599775352695,0.0032153391558470464
117,11,0.02552284301675022,0.01836232509198548,-0.004203770854438365
117,12,-0.08129717553516504,0.07052011986187227,0.0878943113433174
117,13,-0.01506067555008193,-0.04331108728882612,-0.02044271031249783
117,14,-0.050418149706693664,-0.04092693553131826,-0.06907151871530204
117,15,-0.04780286124938246,0.025298063924336433,0.02804145076733261
117,16,-0.01528237508413171,-0.024732497677358783,-0.026334535617980125
117,17,-0.03893196154787385,0.003022957652457506,0.02203059782430412
117,18,-0.03975127351728643,0.003278218127814181,0.0006690695856322788
117,19,-0.041789005462238356,-0.04053284491435766,-0.031028307369538776
117,20,-0.008537961963108,-0.05963810625762952,-0.06905466610704003
117,21,0.01622397408541903,0.06590681908347164,0.05920179199396803
117,22,0.03480405551810162,-0.027511569523065927,-0.014362140123388413
117,23,-0.02322564609161031,-0.018233445514056774,-0.025356868156604415
117,24,0.006807058607450561,-0.020274737703915916,-0.02267138309609313
117,25,-0.01844204194717317,-0.09145149945929477,-0.0829384279369654
117,26,-0.008197850950769619,-0.05302535283610362,-0.0450765616195144
117,27,0.11720187163217756,0.009321299994862479,0.026148483711200057
117,28,-0.05726994466464482,-0.014100129296983253,-0.0040752913481555825
117,29,0.023547253464996788,0.007029625593928108,0.03750333838404182
117,30,0.02136810326579365,0.02121126576566673,0.03243262295522802
118,1,-0.040263227014587656,-0.0012792613199910192,-0.019879496765834698
118,2,-0.0911817225021656,0.006503782285373218,-0.030366691000821965
118,3,0.0327325132853544,-0.0631227435592857,-0.06237032844317719
118,4,0.06223225977718802,0.01876458742863951,0.023982207467327668
118,5,0.0401948846368822,0.03247799224698652,0.03208837149439977
118,6,-0.005317006878376066,-0.012475297917867471,-0.020868036560725202
118,7,0.03674666681568352,-0.02784315758469774,-0.05527622789574783
118,8,0.0745143094450559,0.0046964484880555645,0.04540337165843942
118,9,-0.04169081091278894,0.05131068346522653,0.02727331947572801
118,10,-0.017446684506075238,-0.08215077580152491,-0.0369456513222416
118,11,0.027716176673151297,0.06133064667754459,0.08941858531418338
118,12,0.008719113290634038,-0.03025930014184817,-0.00549696973116412
118,13,0.0025657569716446564,-0.03899958149446187,-0.040750354485506
118,14,-0.007832073492595137,0.055113824635553026,0.025280494116694408
118,15,0.04191095734772483,-0.04369797381081272,-0.049684707792183584
118,16,0.028437118135106895,0.011361128925100121,-0.012199485551150371
118,17,-0.03808420040780835,-0.05740493567773273,-0.06608139178644566
118,18,0.004869027927486256,0.04377151656630274,0.02777943211735971
118,19,0.016672349464593623,0.016633222727321192,0.025043906530220768
118,20,-0.07143064467791206,-0.00683905572061383,0.004381617216856927
118,21,0.016308198177513993,-0.021244618367992584,-0.03334760813714903
118,22,0.03862389511318848,-0.0024775408672891995,0.0017676136986548127
118,23,-0.05528710767296118,0.03734542401676,0.04248943447612484
118,24,-0.05521495742238577,-0.01839840320938379,0.015337080274905634
118,25,-0.008215802053011529,-0.014060351401732202,-0.009215195863902865
118,26,0.021470663030425136,-0.06559523578954823,-0.07337311886461785
118,27,-0.0011707870597552831,-0.01017645939672565,-0.02580826726130964
118,28,-0.0173628142511753,-0.03468718804317168,-0.06457226363086732
118,29,-0.028398563614767464,0.06479242851250269,0.05491027000154413
118,30,-0.059739078959401094,-0.08346493909828703,-0.05284961442802948
119,1,0.08827398352312127,-0.007456066253922568,0.006877169171460243
119,2,0.01353449818324883,-0.07702931620439497,-0.08504357928516787
119,3,-0.03612596347279141,0.02872157937133198,-0.0006146607781289822
119,4,0.051637953221384765,-0.005605066773560704,0.012579226011418627
119,5,0.02772250098392196,-0.006683631390462116,0.030001299335100293
119,6,-0.04104780435264531,0.07525418236760699,0.10933786582904785
119,7,-0.014661686985646433,-0.03558727537101107,-0.02391771461801867
119,8,-0.010662416953474462,-0.06061485259667793,-0.038301195934771555
119,9,-0.03058874735049982,0.1256926795222998,0.17220253348505396
119,10,0.023115245360161404,-0.00401158498503831,-0.00775682799618795
119,11,0.048262287249094996,-0.07373002942079242,-0.05260347348744333
119,12,0.027793570789149298,0.01830749706965514,0.031197180272513052
119,13,0.04849885649484042,0.018306420283166546,0.009753085736911249
119,14,0.07349359069851641,0.049780532191074554,0.024040977397555625
119,15,-0.010382316118137974,0.05132813346393206,0.06916038455452296
119,16,-0.06343013905620114,0.09817629199613681,0.07552948964475087
119,17,-0.01944534776794623,-0.10272631282946194,-0.07650309506698001
119,18,-0.0580261555018689,-0.005243743715105143,0.058941355403750895
119,19,0.023700148952487513,-0.06536281457540286,-0.034472029715448285
119,20,0.00743522264627019,-0.00240362609338617,0.011723618950574739
119,21,0.08082204871888875,0.07350675475647826,0.07288486797920132
119,22,-0.04811225261838116,-0.0419382952992637,-0.04044325375639228
119,23,0.015492378080772631,-0.02901239851342401,0.006378202064804875
119,24,0.07431246201277687,0.01097612657711505,0.05159553564766938
119,25,0.03274187047897812,-0.05283464988868412,-0.03347796107729767
119,26,0.03865048729446188,-0.0012902396090310317,-0.03296801583657479
119,27,0.06346866247530364,-0.005100748795835734,0.006495805466902572
119,28,-0.06499481422446443,-0.01679900678353263,-0.007117299671366906
119,29,-0.016719463080919414,0.021007836109105893,0.007380259555558354
119,30,-0.0033640038323166643,0.04821478498825803,0.012458543896017065
120,1,-0.04660804960228997,-0.0036175347827251936,0.0025398247119286974
120,2,-0.06254877350829713,0.013052783364303164,-0.010828416670729965
120,3,0.07417955257095724,-0.0197187129009357,-0.017343471502870595
120,4,0.008585286895201846,0.05984881045497039,0.038131528484142384
120,5,-0.03277176058156496,-0.008601242825584844,-0.010959350892593488
120,6,0.0452764116216437,-0.016619041544619923,0.003918223531799771
120,7,0.04035085688358725,0.07646131984652439,0.04277461048598958
120,8,-0.069447682701625,0.04000868989401684,0.04175191483772938
120,9,-0.0064064208391549585,-0.003349927000980414,-0.04918195422370697
120,10,0.03982516266677791,-0.05532796919166734,-0.03859589275239793
120,11,-0.03278557782788789,0.026008699866588804,-0.005151970222077009
120,12,-0.05520437779458427,-0.050787073831582576,-0.037347248103817045
120,13,0.021910843963250434,0.015969262090145774,0.021057044506151822
120,14,0.03212018516746468,0.037434609157752236,0.010839704716241223
120,15,-0.020710971492697756,-0.024529723287213163,-0.06135386884637912
120,16,0.014974578062821481,0.008250133869658612,0.05427800492983227
120,17,0.052118644554441644,-0.031357704235392705,-0.02193221629991801
120,18,-0.008323631060251897,-0.07301405493171803,-0.0576786875770927
120,19,-0.018279515323853333,0.02607067415854752,0.020476778413122964
120,20,-0.018719029070579925,-0.011401588568048937,-0.0030272056446531276
120,21,0.07956369067719533,0.012997722202430308,0.002208607796019185
120,22,-0.06282696743148312,-0.05851428398681602,-0.03506169592862731
120,23,-0.00519265125466585,-0.015650246731094563,-0.026160302515809572
120,24,-0.0624682579703149,0.03944382132318352,-0.004051343897315497
120,25,-0.02833811760565113,-0.013931188205451792,0.015387195783040732
120,26,-0.05586783949647224,-0.03238718298959161,-0.0439863924649648
120,27,-0.04801693665730456,-0.02211380171774132,-0.00559617111031815
120,28,-0.035896981934696315,0.015495380180864705,0.014116362568173462
120,29,0.04432400604930486,-0.0886702759440944,-0.04943428904998748
120,30,0.02977888017543172,0.03775095764664357,0.04689486822461332
121,1,0.022394361293019163,-0.05735724966834734,-0.08379837957509895
121,2,-0.07144297905807166,0.0024947609825281985,0.03656036596749156
121,3,-0.00304894732796256,-0.08647029184043654,-0.08064914515009118
121,4,0.014055288453741951,-0.0527458936196934,-0.007476773104644925
121,5,0.01763160144058994,0.03514194202956298,0.02782484962851967
121,6,0.1453607534618722,0.03688009440940692,0.023564219111253965
121,7,0.015436289374398336,-0.041354939335688644,-0.06217964365304275
121,8,-0.030513560927681097,-0.004766855258488987,0.0005708683731527459
121,9,0.030872811057899525,-0.010221068064495097,0.006335799670773942
121,10,-0.07593985382969695,0.0028316512494752887,-0.007045277500875726
121,11,-0.0023161531397890025,-0.030415808221056176,-0.0304482515994175
121,12,0.058417235438773876,0.018969682609266455,-0.016938905917131708
121,13,0.003001907066223442,0.019162532040638013,0.03888146542320466
121,14,-0.0146566498254098,0.0494546040206057,0.04667872907942165
121,15,-0.03173837911356461,-0.02115526933524253,-0.040446002335250766
121,16,0.03693072031203103,-0.12897627845735282,-0.1141943046401711
121,17,0.08985649773923562,0.04250804166803539,0.04682903004497947
121,18,-0.03516405759347661,-0.01892649285834938,-0.03296581633015602
121,19,-0.06195435951669449,0.06540735242170119,0.07677768348540732
121,20,0.073833099731038,-0.002287862269143969,-0.022180349856965
121,21,0.04111528286653871,-0.03446084445469609,-0.06298796881105422
121,22,0.017527126276926222,-0.061913579222082696,-0.05588009405800778
121,23,0.07851986501248283,0.03456512680547207,0.030872720871579926
121,24,0.02579485196773236,0.005855174961749987,-0.0023118733268470007
121,25,-0.05142750924330577,-0.040619855856498716,-0.0522156966221995
121,26,0.0055513280030876294,0.04421441395429344,0.011787356575040792
121,27,0.025058763838080565,-0.004229816209853306,0.00622885837115641
121,28,0.0030463061225740233,0.023119834268265155,0.027190886354970464
121,29,0.04279642527498478,-0.024679247091623734,-0.0005332328470629115
121,30,0.008836547658074265,-0.013896551535637909,-0.0429094875670908
122,1,0.00372727051316312,-0.06536371268771753,-0.03438448937243461
122,2,0.011012370016626234,-0.05398685277049846,-0.056392437222572124
122,3,-0.07469626504921835,0.05441732047297994,0.04499951416900847
122,4,0.06998351521855037,0.027155093694867235,0.03862156257844543
122,5,-0.04535676865184396,-0.052360535539556954,-0.044670473075816494
122,6,-0.04464028780938417,0.043089262257208105,0.04936396345315538
122,7,-0.07261821388660096,-0.03423113080432875,-0.05054380666746352
122,8,0.02767345368679334,0.0004269285392466439,0.009102706151819772
122,9,-0.020480515629762507,0.02541342737800942,0.05208395004366618
122,10,-0.020588913450857813,0.02101621963535187,0.013559941042012502
122,11,0.011248426847324708,-0.05810086863274942,-0.041852200637642875
122,12,-0.010240118894936954,0.02726135666810664,0.06479464396430303
122,13,-0.062642602653623,0.004353516822975312,0.03253739868650694
122,14,0.0035021645274477898,0.016192604930423717,0.0025399655454267493
122,15,-0.010441470070329166,0.017784422260333173,0.04432091627170048
122,16,0.07509923342540228,0.029130975400179997,0.007383058330678564
122,17,-0.018441796659228953,0.07102299241110291,0.07458856563266417
122,18,0.038789276086618585,0.02861587723071824,0.049443391791630875
122,19,-0.04646354518076213,0.04936505628450686,0.057939597849371326
122,20,-0.036590734135785126,-0.027640296550218497,-0.048444020515408776
122,21,-0.06013197471009696,0.01021075739824386,0.06708632172971253
122,22,-0.07463153184983055,-0.013207126171384963,-0.006279556571239243
122,23,-0.07517885795171868,-0.059392822859725566,-0.05398876496398669
122,24,0.03927188946429778,0.029549195945723195,0.004087205655151506
122,25,-0.01867289844079384,-0.07234268283764851,-0.06935589331578537
122,26,0.10113958056087262,0.009535417286211576,0.0027418120594631793
122,27,0.023901699490011082,0.036978513386446005,0.03495954344036737
122,28,-0.03065417492487133,-0.026873606326701494,-0.04891060065100863
122,29,0.03750414114041558,0.019957249562856962,0.022414022791326278
122,30,0.04082506398416659,0.05043183314399691,0.07952558963302728
123,1,0.04980874562650721,-0.02154740835785891,-0.044914952658966244
123,2,-0.07877362311404303,0.04972120666244219,0.04137965123573745
123,3,0.011260457128793644,-0.012240995303203914,-0.04097444859723756
123,4,0.045405474071203863,0.0059223833692970415,-0.016414955907416443
123,5,0.0025259616634827954,-0.00572404465369453,-0.03186590878717849
123,6,-0.026425258584117577,0.05333160829931627,0.05307452734124682
123,7,0.009467808574532315,0.020968625725263666,0.05908598663069139
123,8,0.036047014722534854,0.027108689231118206,0.01972109241608603
123,9,-0.022464406236075995,-0.007150491945382682,-0.025456006349102535
123,10,0.016381215881229465,-0.008270574827720352,0.007546244266013471
123,11,-0.061483987921964495,-0.009967443857737651,-0.03304807703318719
123,12,0.0020139554872593644,-0.08871351339971545,-0.05496441819017534
123,13,0.024128212262609618,-0.016999325695221456,-0.008853394854502346
123,14,0.0766221757535068,-0.02834960899262436,-0.014118308618717056
123,15,0.004892344847006996,0.03052139036978776,0.024048702694598047
123,16,0.05149247010153521,-0.015646655669848932,-0.0315868499752077
123,17,0.0008904222371419624,0.018947102819184738,0.022071253883615003
123,18,-0.09605773600033354,-0.03307441664968908,-0.022435093907400987
123,19,-0.01692273703519923,0.013655788358353032,0.023065933516855663
123,20,0.012890678600458096,-0.06170458403409013,-0.07711340337486021
123,21,-0.001261766363585063,-0.03700117629404126,0.029691587575971214
123,22,0.0148471746035701,-0.01577053771754412,-0.02016675910239489
123,23,0.03124286810837444,-0.09694644257362163,-0.09709620414462865
123,24,-0.0046649151959319846,0.008853378034664844,0.011863970835141794
123,25,-0.12955720801641907,0.012428515306243953,0.006965225692816855
123,26,0.008822988635309054,-0.01957374215455771,-0.00820805339541857
123,27,0.0028399429189654617,-0.010436556147634191,-0.024327479591386997
123,28,-0.032423199358025595,0.007859521053038365,-0.013432650488671061
123,29,-0.0381587195902314,-0.008953459755836508,0.009352306645690362
123,30,-0.008507264997952733,0.016683408179115577,0.027794782041936916
124,1,-0.018424947671667313,0.017000379546695477,0.010516777585605904
124,2,-0.022218194794095193,0.04207378435381573,0.03957381694077152
124,3,0.025155640506828576,-0.059532929622497406,-0.04123053892156541
124,4,-0.024526898860750816,-0.048447894101973296,-0.0327727486894346
124,5,-0.08472581951967803,0.05536793804684915,0.0800200883886966
124,6,0.05221728000588813,-0.046207347334600184,-0.04331040811493484
124,7,-0.01707096463870915,-0.008045364800854531,-6.201902428348897e-05
124,8,-0.023118491534012874,0.02206159808160092,0.04187147193917478
124,9,0.03179508957774389,0.031082965799480083,0.0049266144515409515
124,10,-0.018020650411079257,0.03242569451531002,0.0354586497518277
124,11,0.018384674177089444,-0.05122737815974207,-0.05073521865579313
124,12,-0.01293857180167367,0.046359310182960585,0.06228080768996984
124,13,-0.08867801551287637,-0.003377711777857907,0.015974758785237898
124,14,-0.03295468190401545,-0.05740621801680541,-0.07365903876685893
124,15,0.03831660112839223,-0.038275970374019724,-0.02715736160289935
124,16,-0.05367755221694918,-0.09842902494601799,-0.06192727417401566
124,17,-0.06623204750644329,0.05242045364444705,0.05856838529164633
124,18,0.01172835355175438,0.028094282294257103,0.05518278287725027
124,19,-0.0016981005123347008,-0.007500752358456648,0.0002569185433565027
124,20,0.012797724999290829,-0.05479032994361554,-0.07019483802379685
124,21,-0.003313679910588165,-0.03384796530599449,-0.04677291245950706
124,22,-0.014127679006840706,0.06636284805633572,0.07577180177522438
124,23,-0.06742352226691141,0.03545025746549122,0.0331678817441921
124,24,0.022252172502874562,0.05127033376854651,0.03715559473351363
124,25,-0.09419996245952852,0.03448140477120153,0.01659995363563153
124,26,0.04426103171494852,-0.016789973015790285,-0.034941155736961084
124,27,0.005067390137565982,0.001361650198323734,0.0083623959531602
124,28,0.033684865706972905,-0.049104771037611385,-0.0675253820217431
124,29,0.05426083438817467,-0.03593184168751581,-0.022322458553940557
124,30,0.02887681485931128,0.04396964472525769,0.023870762740157096
125,1,-0.006033653124327247,0.07623986428268273,0.05284207513171579
125,2,-0.013869151843554533,-0.03156008316627385,-0.03603926879218439
125,3,0.05619578681820468,0.023226603779586866,0.03678697555491246
125,4,-0.05857368823309018,0.021139487981645083,-0.010015366012148438
125,5,-0.029752501362480175,0.03730869510740955,0.04131925987561644
125,6,0.012716964832919416,-0.05639177079134001,-0.04699127086803012
125,7,-0.009320675262059616,-0.023246484161663975,-0.019461895965404475
125,8,-0.021997640297269232,0.023854817043190663,-0.00030421040230607736
125,9,-0.06580863710442533,-0.10232808333787584,-0.08977787733639178
125,10,-0.03195900819827093,-0.005605980435796882,0.015043935512279399
125,11,-0.058003443642997296,0.03382374985364269,0.019853655530584786
125,12,-0.06537335584757663,-0.0257352224723347,-0.016886428921852575
125,13,-0.003071814261252724,0.04778346047151215,0.08329901666105895
125,14,0.06702792634244441,-0.0015386334970014228,0.0029541325956993947
125,15,0.07481890647559614,0.0037109870373209903,-0.014048894433112863
125,16,0.03140709654419536,0.005406496550430555,0.01631845705944545
125,17,0.06065070713447869,0.02070509430889918,-0.005911584663338901
125,18,-0.02868518917770271,0.04559402541711845,0.04253457213013888
125,19,0.006504443033506518,-0.02530378243998824,0.01966458097615216
125,20,-0.05065266122450664,-0.012057162350446569,-0.04025833231197926
125,21,-0.006429222023971865,0.10003326428955933,0.12933482685779116
125,22,0.007272539475149422,-0.022219095046569128,-0.022386046339577137
125,23,0.0027629317548797288,-0.07866016495072721,-0.02560911858032482
125,24,-0.053193435536621765,-0.0011356410415185659,-0.005617208476903661
125,25,-0.05531511675663746,-0.04212414615543219,-0.03372978119646339
125,26,-0.03097517819490769,-0.03546865753078939,-0.05643030330974842
125,27,-0.06632617482405193,-0.02525716560102602,-0.052902738642775414
125,28,0.006837630035125283,0.018066402913410624,0.0187942758154453
125,29,0.08934383969420556,0.08253074613031522,0.07615524214052712
125,30,0.01089211410744954,-0.025518209810402388,-0.052276472198151125
126,1,0.003462341683849588,-0.02998270910961278,-0.04214214743954129
126,2,0.04124257199292593,0.017784038416506207,0.02299550138342576
126,3,-0.02363309257616834,-0.006895900018431275,-0.011825361513216698
126,4,0.0014145769237476104,0.045959990998994726,0.04608257394655725
126,5,-0.0005296863813882237,-0.001003111404236345,-0.03150740089499634
126,6,-0.030276738860630117,-0.038624829329287576,-0.025714904111303824
126,7,-0.032918164115466074,-0.03415980799106791,-0.04042967495969253
126,8,0.019958919745127278,0.009846760052778054,-0.00513454888888124
126,9,0.032533976291093926,0.026463809060558847,0.03759488606553838
126,10,-0.0026539230415199315,0.018993724329166715,0.012778231947358507
126,11,-0.004817107148013367,-0.1034700088372329,-0.09806483201151431
126,12,-0.057639169968471175,0.09592183469364937,0.06896865227879577
126,13,0.0006448378824404906,8.641322633052439e-05,-0.007656163577190987
126,14,-0.012381939044951138,0.07952116992173543,0.06635075972025616
126,15,-0.08155611865917874,-0.0839833554548135,-0.08642143430758792
126,16,0.04245687476736699,0.03610208108010569,0.037355380326763096
126,17,0.014538572204694643,0.04415049997179362,0.04022095121454206
126,18,-0.050786426991190486,-0.03313146668753729,-0.04593513942629428
126,19,-0.0783011680600282,-0.03921687127689185,-0.04677484023516489
126,20,0.00984368864163029,-0.03387528324065061,-0.055186880313406336
126,21,0.017302399590656978,0.030242839827456992,0.02891451284034282
126,22,0.015698659602485815,-0.030377870663146633,-0.03293469080346463
126,23,0.03021812465559728,0.0012076146966202696,0.014469298879855081
126,24,0.035928609773665396,-0.027131063344509633,-0.015687038069369455
126,25,-0.09925944361243738,-0.03189016856398462,-0.04357429157686824
126,26,0.01941333646072839,0.022030757903596203,0.05541124441328121
126,27,-0.020107154566809924,0.04854534845214019,0.05313474694522147
126,28,0.03421993160584489,0.15698629652842994,0.1595481886237365
126,29,-0.0790023300868028,-0.0315629131409672,-0.040294904804566024
126,30,-0.04582104322032164,0.07468477322807274,0.0873144111309037
127,1,-0.06518816359422952,0.01143011858776124,-0.007341963457572202
127,2,-0.060301508381693465,-0.005721345404351176,-0.03485002520359719
127,3,-0.0242539886234406,0.021481573388237425,0.020087554042867547
127,4,-0.019039146941766887,0.07369690410251478,0.06073060118904718
127,5,0.04668100891472468,-0.0456629765302794,-0.03302218779517578
127,6,-0.02180169457401526,0.012689912978212085,-0.023684159324230406
127,7,0.01021915300839766,0.027326333914182866,0.04357288450341474
127,8,0.02042636312614254,0.07650614265097505,0.09198734119806494
127,9,0.008634413582178934,-0.026708969478178687,0.01735364337842929
127,10,-0.016340007688668327,0.010993410199416366,0.022189881563393556
127,11,-0.042740270055062354,-0.04893986804077334,0.00538286096274756
127,12,0.012306511493281358,0.02120784462189801,-0.008461068078264475
127,13,0.06700180075661917,-0.09218687543672444,-0.09293855295585074
127,14,-0.10993999366500247,-0.011047246323875241,-0.03845177976545318
127,15,0.00861338378293696,0.03404365283169576,0.0028584030999694115
127,16,-0.021552095330310328,0.054731757001132926,0.027269997477291627
127,17,-0.043127248091609484,0.05008482220245915,0.07382506255425338
127,18,0.06607085332350912,0.024800720529772884,0.031666106279567716
127,19,-0.054680625954580446,-0.033433307270166315,-0.022010290843291366
127,20,0.02522618690214201,0.004891099721184925,0.01587433814227791
127,21,-0.06841562514381394,-0.02966485585765598,-0.03286272824843084
127,22,0.042732700463340656,-0.015936915589343088,-0.02453825625603663
127,23,-0.02920131208768534,-0.001411812805127441,0.021354600477586513
127,24,0.0003464453546640759,0.07008753479725727,0.09452257530959698
127,25,0.0669740489134682,-0.020575195513622566,-0.01926432762952007
127,26,-0.058718701303768175,-0.020368977955025187,-0.0121099860834899
127,27,0.038483700189757185,-0.017054310811063258,-0.01592378575391162
127,28,-0.02828100210531701,-0.0102149043225169,0.009643349114047215
127,29,0.04963333772269295,-0.003463475136491908,-0.03840892789117316
127,30,-0.04095197360291876,0.0033976369370434713,0.019365031519325525
128,1,0.0734358884614306,-0.03857404335222277,-0.06315939309926107
128,2,-0.01376875603157777,-0.05065463571531933,-0.017865649500023756
128,3,-0.002839320667140856,-0.013868461792760018,-0.003718076778056654
128,4,0.08317376990532398,-0.0006861945507023809,-0.00814582761386823
128,5,0.042899158591016215,-0.08496227179725949,-0.06776411077470135
128,6,0.05287696261867173,-0.017293154847817262,0.010106814993069342
128,7,-0.039135900593510825,0.03143855394310036,0.014987542250227213
128,8,0.04838131927159148,0.010132393491350467,-0.014581906475793199
128,9,0.05565820224602822,0.023126820392490255,0.05972615933492256
128,10,0.018383507320546093,0.03140122889034078,0.040850562953679156
128,11,0.0029848806293793695,-0.004731236717839421,0.047468124906058104
128,12,0.06849767650612529,0.0031586211713690716,0.0026470381721721012
128,13,0.03756378556930888,-0.0038557494666866562,-0.003533188362660394
128,14,0.08434945461193073,0.021398293948033057,0.0526458030077713
128,15,0.003182076340729626,-0.00560598497464826,-0.01883264764390466
128,16,0.07231308730999277,0.02015148065387596,0.02088113172797871
128,17,0.08277097698719525,-0.007671263111082226,-0.0369141738039109
128,18,0.00971856422742843,0.0020191208761583214,0.0010198737601198556
128,19,0.000568026699475883,0.04937492128835575,0.05297212145868163
128,20,-0.00017204592326260326,0.0233910006280523,0.03181267452201855
128,21,0.04734132680838941,-0.029913445618029767,-0.01936810438954273
128,22,-0.029643086866689212,-0.04039293375536999,-0.02324027363410687
128,23,-0.04488747573068077,0.02312236755681751,0.009832324606240552
128,24,0.014826141743260766,-0.046693211104169685,-0.05912970613296309
128,25,0.0320573216607488,0.037234902808596225,0.023382361819914984
128,26,-0.06771946097333566,0.11682774089128903,0.12708741090377226
128,27,-0.01251291647578918,-0.06370900685159311,-0.05251951548343764
128,28,0.0008590508068110423,-0.0652896701302797,-0.034027086466986496
128,29,0.03925014196156919,-0.01369788452787974,-0.024034782032839458
128,30,0.06104200364166095,0.011739066669073279,0.024650047487545332
129,1,-0.062207628745728306,0.07911972160459387,0.11642202698512406
129,2,-0.014440064188141984,0.023055630896664882,-0.029094744749548446
129,3,-0.04650790242812282,-0.06870963293808267,-0.058648207088915785
129,4,0.0055592904587595735,-0.03342787960420868,-0.04829618976762388
129,5,-0.007623875779806445,0.04905717527584802,0.017749556498172052
129,6,0.0016710150535529094,-0.020091271664061893,-0.03963633934687734
129,7,0.030090939221528498,-0.0006829137692670553,0.00269055976997925
129,8,-0.07119293758529334,0.06324523474622688,0.10548210520358255
129,9,0.021464649585384455,0.04749195714722836,0.010408612749193205
129,10,0.050769976494096127,0.03205502939475482,0.022225583427576693
129,11,0.06970509729484796,0.047026040678872325,0.05268859824536224
129,12,-0.03436091742260783,-0.011337378059960925,-0.05196517056249272
129,13,-0.046009495730815066,0.03249289603096624,0.03231344921628364
129,14,0.07843751477260472,0.03862018396468898,0.013357931996397504
129,15,-0.06254608697909358,-0.036352832338539524,-0.037804343331855866
129,16,0.034203662241614856,0.012440598357298072,-0.018617908973877457
129,17,0.09323958469502566,-0.022155653498143246,-0.011524055630055822
129,18,0.03170563167838962,0.09433975699725906,0.09861053027678378
129,19,0.007550696733195037,0.018355261230310112,0.047835621921444395
129,20,0.03506112335078471,-0.03409411792171928,-0.021611224443592446
129,21,0.04202917023293391,0.019880508822446807,0.04365621681894441
129,22,-0.02836213672787701,-0.04104472297281414,-0.037302727129638634
129,23,-0.06699328265016499,0.012696754708153703,0.02241597195465649
129,24,0.09195545428859786,0.08202239247932658,0.09336621584477323
129,25,0.040509135892453814,-0.0003614347992260972,-0.030107813947246407
129,26,-0.04553235069157062,0.02415803882199457,0.012957111983594264
129,27,-0.048094748849445826,-0.029041897746958596,-0.045594999624101636
129,28,-0.008939850607994035,-0.04968107271213522,-0.046249139048078286
129,29,-0.09241930932589577,0.006919330069387963,-0.027288887891798463
129,30,0.02303802246658481,-0.022025471803769497,-0.04207419834564813
130,1,0.06474400095021157,-0.024007315762365512,0.019598607692717124
130,2,-0.1288331848142798,0.056997006440227906,0.06649905564202321
130,3,0.02662905656487268,0.08412392874993634,0.08997691916789666
130,4,-0.009729276530059044,0.07294366599362961,0.1288055337583669
130,5,0.014343618423040605,-0.040980589274565125,-0.039419725445034345
130,6,0.04051598288224476,0.02552888383559288,-0.02292327412806357
130,7,0.05829352719507422,0.0255691743838221,0.03472508980103395
130,8,-0.012018370261883347,-0.011570322809051991,-0.0077036093652632425
130,9,-0.027166727353223143,0.016195012465251367,0.0037158780382377356
130,10,0.07890796459388343,-0.02958571984646746,-0.04047831720899224
130,11,-0.06673856094528205,-0.06590330654390877,-0.05801092289639301
130,12,-0.09535436937627376,0.0008504966228944844,0.037621876753415266
130,13,0.09073436646546526,0.0269701943842269,0.005709589640665833
130,14,0.06558564727555277,-0.10007843370171064,-0.08386408846808939
130,15,-0.08236552207742959,-0.021267397086556325,-0.020367793204299493
130,16,-0.012450538311294265,0.052440393796072335,0.027216058911631664
130,17,-0.003859175980135428,-0.12300338958544073,-0.10085208508591534
130,18,-0.02984439958033442,-0.052906592960966566,-0.039796453090564475
130,19,0.03921717407162114,-0.016229205284501155,-0.02173151482595846
130,20,0.017853465732566687,0.07429987514351592,0.08605489146557146
130,21,-0.034228183927118815,0.015715922827020456,0.013663386163362257
130,22,-0.07370520103422017,-0.004871004452146177,-0.01924372898382654
130,23,0.0028473072932012735,-0.0742560237170533,-0.06439606318629916
130,24,-0.032582204508183304,-0.011688777290271738,0.005757866177816366
130,25,-0.05432090337079462,-0.1176428879214415,-0.09085130757949772
130,26,-0.05179951653642992,-0.05098805151014643,-0.06642383397247395
130,27,0.003081301217274544,-0.032005874619054506,-0.027743594558297294
130,28,0.05727939548546923,0.006839879515568563,0.005440495233355335
130,29,0.06732038287875505,-0.038659051936957047,-0.04444513275935931
130,30,0.006809521080901269,-0.04427721567190881,-0.04431386717295464
131,1,0.008037796545702339,-0.011780031338155696,0.01780041645136761
131,2,0.010845528345774798,-0.01655966412379711,-0.017287762369593444
131,3,0.059168756457906486,0.024795124296256396,0.029140836435269497
131,4,0.0829658327896816,-0.054796515444636776,-0.06335563630865904
131,5,0.026909694039886738,0.017052460824239852,0.005487189350207969
131,6,0.006197343707971756,-0.012496080708096513,-0.026783819296470307
131,7,0.028641958544957616,-0.07370970110232691,-0.07163621345302981
131,8,0.02550247914453986,-0.022561902411733677,-0.013481618606878893
131,9,-0.015206346746388173,-0.015923771406624865,0.020697190038607722
131,10,0.0008378062502169229,-0.016208124668401203,-0.010216263849066017
131,11,0.020954768697614493,0.07907200636778679,0.07183365731320315
131,12,-0.010377015053479802,-0.0394759051817997,-0.017549158368613715
131,13,0.062300051351713584,-0.01345404078105314,-0.016390174721205523
131,14,0.0896459881291529,0.08115542170389003,0.08655588569419496
131,15,-0.007858056141152911,0.003495220187474539,-0.020588139144901187
131,16,-0.013986745139076563,0.03323779218649009,0.039223847482106826
131,17,0.04900319131495075,-0.030575829618677892,-0.04944988246817747
131,18,-0.02462419356550018,-0.05671703667782673,-0.06424883132847387
131,19,-0.041388438600287236,-0.005782864967571563,-0.004298173094278707
131,20,-0.014557382719949687,0.013622483953377073,-0.01521992402070217
131,21,-0.00932655244200905,-0.007539895705695668,-0.01642001016108191
131,22,-0.03692062587309721,-0.033136305996890894,-0.025186186459129102
131,23,0.020942476413445654,0.033003266346481784,0.01555812396530324
131,24,0.005930979839927192,-0.039011586261618915,-0.03677640125623836
131,25,-0.13105211211616163,0.06997099822236942,0.07323669560119345
131,26,0.04469432331353903,0.032833536696707896,-0.005580628143248205
131,27,-0.011004380652324413,0.0428568137061429,0.023685574006331846
131,28,0.023214163081450568,0.03393284242973637,0.02817093356490128
131,29,0.051286633485928934,-0.017667566628675167,-0.029056393209549284
131,30,-0.06994378163573028,-0.038017640472287034,-0.018797104789092606
132,1,0.05081710784519302,-0.054245410975592455,-0.049635685914625166
132,2,-0.022543512590836822,0.026715757062936198,0.02573544450668718
132,3,-0.004668574460663008,-0.023593764178789608,-0.053116423556211184
132,4,-0.057216872675716984,-0.04095076046221757,-0.005920835849360725
132,5,-0.0874157949258034,0.06909283966843455,0.025635371609702366
132,6,-0.05853673367430664,-0.016418099965324198,-0.026098979223006323
132,7,0.0489328339358842,-0.09235340504422027,-0.11945661301035239
132,8,-0.11096903243578707,0.06609523165111789,0.11029859310377117
132,9,-0.02230432756846253,-0.05999698375951146,-0.04062055002252489
132,10,-0.004831576139522771,-0.02293564639381129,0.008530029937767953
132,11,-0.0261692720853624,0.01690419127935941,0.0036409435666124937
132,12,0.04372342036687497,-0.004468089837738611,0.0065578923476236695
132,13,0.038791848271858824,0.09135534744666536,0.08841456615279437
132,14,0.011266433919477715,-0.04341861389621997,-0.006621815326144836
132,15,0.009348721959901458,-0.04868789745590903,-0.05175882081805943
132,16,0.029492590414691426,-0.04186187836471452,-0.05511829462082655
132,17,0.03338602947771733,-0.0265505281784994,0.005555669205719519
132,18,0.011178551691203154,0.0019002112973702117,-0.011869239155528927
132,19,0.022826087314645478,-0.03062548067626403,-0.03946235074478689
132,20,0.08623343831620373,-0.025831544330855577,-0.04040650762662717
132,21,-0.03139928466614485,-0.04224626651177585,-0.050019480500964164
132,22,0.03404670040585891,0.012767683676412992,0.003746507493150852
132,23,0.04248728171213714,0.0009937035651352152,-0.012260737779585267
132,24,-0.04740698096291495,-0.022471337865587155,-0.022668474668178666
132,25,-0.020659372890792574,0.03844506972992752,0.03393839231437814
132,26,-0.07158778268350335,0.001475565908155964,0.012616639978531508
132,27,0.005677074707319717,0.034821962560855874,0.05699515417813592
132,28,-0.03493504770109189,-0.07812227799387995,-0.08355615319310752
132,29,-0.024054477601661732,-0.04704245814942786,-0.07938726965589715
132,30,0.035279098301848597,0.030148356492338914,0.012564403573227259
133,1,0.07560215881561808,0.030414709191864068,0.035825247292363874
133,2,0.007446906420995781,0.005531301849978576,-0.006151476179264628
133,3,-0.01812087150698056,-0.03675569689153574,-0.03530294223814958
133,4,0.11350212964675531,0.022966305206832523,0.016893014416826113
133,5,0.02782880112969721,0.01670686519400627,0.01858842420062126
133,6,0.036019591551959544,-0.04428022809934835,-0.05632055112150332
133,7,0.04000892252866948,0.057774857110923755,0.038982493197583554
133,8,0.07298207475454395,-0.07458560768094878,-0.07447827621532793
133,9,-0.04162057701177464,0.034986873732336256,0.014810889235780078
133,10,-0.005040097319743303,0.027882792694795863,-0.020499726713596872
133,11,0.02724806503905201,-0.04674515540335415,-0.0651683614575736
133,12,0.06565348663223701,-0.03850187971266314,0.011297836336183208
133,13,-0.01387095725058968,-0.008624515012632464,0.004895011958283317
133,14,0.06728474151072787,-0.05356943465097164,-0.056767667184942264
133,15,0.07067587556931976,-0.020147106951065526,-0.012685429975424484
133,16,-0.11634369877586599,-0.018342117790109285,-0.028641140839934683
133,17,-0.057932452826174305,-0.037217935152076,-0.026959775542582057
133,18,-0.04362745365638969,-0.014481786232375558,0.007671005879830185
133,19,-0.023464838894412317,-0.05464383744400656,-0.047422105901608155
133,20,-0.014964187846073432,-0.007895164561537946,-0.0285002388719429
133,21,-0.006916933187838057,-0.05766244862141168,-0.053189743642540144
133,22,0.04375778403151491,-0.02078781251155089,-0.0009960468431020133
133,23,0.030402986365859738,-0.011424820001584589,0.0001880422972592282
133,24,0.03841400416522854,0.061582550611638226,0.04402816297748435
133,25,0.031018177279378036,0.039056681351401216,0.035257729350704904
133,26,0.04311060738421351,-0.01588877628572749,-0.019079967768514394
133,27,0.0009494927541756178,-0.10055075174215394,-0.07507431415195737
133,28,0.08678298155392555,-0.025692041987867564,-0.01630229636487864
133,29,0.039806653406616044,0.10255697582430189,0.14500926991111868
133,30,0.03508302528040481,-0.02783786685868842,-0.007241436057001644
134,1,-0.03725708538813947,-0.070800601123767,-0.07357424270239239
134,2,0.0154464545249296,-0.008532834926859271,-0.011522924618548692
134,3,-0.07358698789829876,0.02840117906432924,0.04708536856090686
134,4,-0.02722185454687877,0.08379036884346572,0.07672239506299346
134,5,0.04647656966813605,0.028826883083121396,0.016007116489391918
134,6,0.016545620550041124,0.011203037293777227,0.018027188626455165
134,7,-0.07195599946178532,-0.01714977679048006,-0.019372017091893196
134,8,-0.006932738190407063,-0.022832600781008988,-0.03571164616691083
134,9,-0.006873321952793405,0.043122150816862784,0.0680652440561969
134,10,-0.03865684329110437,-0.047637978924818636,-0.04076876096079465
134,11,0.02120291247178109,0.06103272975193937,0.07128466127293794
134,12,-0.011912104937284913,0.04343420648661888,0.05458436832449777
134,13,-0.07362297329321774,-0.0246379152344417,-0.014768095699802813
134,14,-0.00657586542210377,-0.01665189856433935,-0.02781118268613342
134,15,0.003154578309958907,0.010979239003793214,0.05068607080128239
134,16,0.00716523477794259,0.046435256468258204,0.06111547017550287
134,17,0.01246622446575043,0.01885544689005181,-0.003621858506381416
134,18,0.012095272395688679,0.0037029639318232168,-0.03175329507990388
134,19,-0.052835472429094116,0.00844052191535801,-0.02603317022401781
134,20,0.016712899728542247,0.02861086048908865,0.038349584564510014
134,21,-0.07183906707797177,-0.04161936153691259,-0.045480497930937655
134,22,0.042170168691094516,-0.035222901161249036,-0.04768077163670757
134,23,0.03225373202065204,0.03288989336573258,-0.001626097185113646
134,24,0.01835870492292021,-0.03586261466019516,-0.05243235312908943
134,25,-0.06090428552989096,0.012749290687244416,-0.012568140808000639
134,26,-0.04855975794282849,0.018414269404363522,0.03613428203390599
134,27,0.024788167957949473,0.024522651091159156,0.011475840613983204
134,28,-0.019562695394569417,0.08549646331996566,0.08262574588502114
134,29,0.00231443549043542,0.06046868217182013,0.011411821490443744
134,30,-0.001427414595951103,-0.012237233949754829,-0.0030727775501698624
135,1,0.00915717868273095,-0.0251084028361126,-0.020411481850363542
135,2,-0.030315417507144518,-0.028072246798163236,-0.01531880754359806
135,3,0.08028333661493904,0.10062170460489668,0.06949576929234051
135,4,-0.009025330321891555,0.05657438046625802,0.026932413157480475
135,5,-0.061060009773811166,0.04694378692816203,0.049049854761502754
135,6,0.023968098437695186,-0.015251470647579961,-0.016956283821764506
135,7,-0.037396944894012435,-0.10040888129118944,-0.08470598485813005
135,8,0.025949287500147505,-0.027086290096885453,-0.004158594017627447
135,9,0.0423045737519102,-0.055680743034070196,-0.07815447442725741
135,10,-0.010787972803026428,-0.030408909281302347,-0.01100065376452012
135,11,-0.0724295440227151,0.010501897114834659,0.04716989546181479
135,12,0.03898651458764537,-0.03130565166188739,-0.060272098097887146
135,13,-0.012263318900810007,-0.10492546417725007,-0.07342894243658435
135,14,0.05022784286221303,0.020029655989921544,0.03505317567921792
135,15,-0.008885366360852246,-0.03108739436615412,-0.05535163546116029
135,16,-0.0019881425237628396,0.03244915798886739,0.017327006052584658
135,17,0.01388498019189941,-0.05089726131503711,-0.0393807960514477
135,18,0.016322053355923856,-0.03153884046383617,-0.02590530798493605
135,19,0.010302883295336556,-0.01168225787409222,-0.02872002903805032
135,20,0.0443383836035266,0.016813851638986115,0.0066705951023046835
135,21,-0.020007496323157035,0.006973153149868999,-0.0034291214470270055
135,22,0.004142562816666957,0.028929485480999412,0.03337677335244485
135,23,0.01653673482487649,-0.04209062061584119,-0.04700867402890361
135,24,-0.03937454190950333,-0.004419629179092543,-0.05717196402516405
135,25,-0.06734818723965702,-0.03476346022665421,-0.02360792688654005
135,26,-0.016001888029771538,0.032326318334066455,-0.0044619532902422905
135,27,-0.010409320464694869,0.0664366770723573,0.03404886929743001
135,28,-0.013315433087576833,-0.041777723725016494,-0.04421632248970638
135,29,-0.0018750107563601714,-0.0771199422306311,-0.069401317404052
135,30,-0.05963247924933388,0.03382248459348968,-0.01574250386038301
136,1,0.04819493169237307,0.07513698656160261,0.10298257920815354
136,2,0.0008115894183159342,0.02154534911502114,0.008913894148306801
136,3,0.06087691552055991,-0.012600635464481041,-0.012120512057943839
136,4,0.0010976048396637368,-0.011854985668002485,-0.01878785747618821
136,5,0.04598397849298452,-0.0015801486591786476,-0.010346262856618108
136,6,0.06906617460617097,0.016227372910540976,-0.004464005070115405
136,7,-0.05039881471332603,-0.01821215726548571,-0.06533304010705186
136,8,0.05419348293718155,-0.04523935013338845,-0.051582673543022296
136,9,-0.01440464812830346,-0.07100774646861761,-0.05989408607015048
136,10,-0.08941892131741178,-0.06371530360516332,-0.05174806298932796
136,11,-0.011294108534663389,0.016356592556580472,0.01299018836671489
136,12,0.052734712000760735,0.029001050013983825,0.004106862877978354
136,13,0.03631440351251996,0.10974606021316932,0.107770117824242
136,14,-0.03233213236127696,0.019159040520956107,0.01838982188512616
136,15,-0.10261741236946045,-0.014142147118517644,-0.0014075637480165746
136,16,0.005783940112117681,-0.002209287544269966,-0.012719441232630378
136,17,0.00273125653220246,0.028454233600952127,0.044946260142040374
136,18,0.00825608032654975,0.004008006338903893,0.0214346664313415
136,19,-0.031016217463555075,0.03153741898377106,0.03583525267805799
136,20,-0.023154118451628403,-0.009862208238146524,-0.002153959348272276
136,21,0.02507194316004739,0.043544492015663426,0.05860337934388136
136,22,-0.014690578993501756,-0.04640465972850696,-0.03938769627288597
136,23,-0.041056248253136425,-0.019861064043330632,-0.013830295935070583
136,24,0.05019819542868809,-0.033713447205526256,-0.05850206573289602
136,25,0.10552880088605676,-0.02296650632192946,-0.03759244590112127
136,26,0.027616910646781588,-0.13134104541832775,-0.11312479046307919
136,27,0.029303435019114952,-0.009390232926970018,-0.019967348748826053
136,28,-0.05504751316226181,-0.06798359959813698,-0.024264176361823427
136,29,-0.01595480584990963,-0.02226009310432082,-0.025687120798467744
136,30,0.037608045766731886,0.02529016937452098,-0.009925307534109263
137,1,0.0022883347458910923,-0.08700551958432631,-0.049228960210483695
137,2,-0.046651298591259216,0.042731215367449574,0.0733952475660292
137,3,-0.006635814433651398,0.07066664671406551,0.13893779660745476
137,4,-0.038404016702364686,-0.10250182559438747,-0.08514644746565891
137,5,0.07944156235597886,0.03834403607279649,0.11148975174954216
137,6,-0.058540669895859584,0.030909714044500047,0.04344304254636178
137,7,0.04102739030730813,-0.021108883133582328,-0.0028201135151612045
137,8,0.01589394901970525,0.0321893418215368,0.07837860077468103
137,9,-0.0006829601837550041,-0.00892360178681435,-0.03058103442455926
137,10,-0.06351745945426399,0.03540583629253332,0.02478497596408424
137,11,-0.014543046085247837,0.008278666427311608,-0.004148011782022181
137,12,0.025696843772317304,-0.04121716012696837,-0.02605475636322435
137,13,0.0015475106003633317,-0.0375202483868667,-0.028054183511047586
137,14,0.045151831189838516,-0.009339334649275713,0.020329362012419635
137,15,0.04094893771630507,-0.026079604656295812,-0.020619267884145254
137,16,-0.045780929281442444,-0.03396271881531154,-0.04713745429041043
137,17,0.03941888258712779,0.011587968895653881,0.04014270519684317
137,18,0.0397129920100934,-0.021162058042990314,0.006474203803075555
137,19,0.059463892231917226,0.003033779853930367,-0.0075743435584621184
137,20,0.04236694437133641,-0.007209504959095831,0.01610384085894277
137,21,-0.030992791072178304,0.0007581888869422536,0.0023698569406015646
137,22,0.005260769810126105,0.0049581833954447764,0.01820542287605544
137,23,-0.04748022146714159,0.014229342560408718,0.030241944573248553
137,24,0.007103166755727893,0.055921657209952236,0.05552785143985254
137,25,0.12329371147189731,0.04578775928062782,0.026058673052915118
137,26,-0.007152646365605161,-0.036512286582694176,-0.045135037722809905
137,27,-0.00589908191913029,-0.0013615848021281051,-0.008880352173919123
137,28,-0.03061573532526977,0.07080742834372337,0.0759281277218278
137,29,-0.07091227392628713,-0.06479125863953772,-0.04297982195615651
137,30,-0.048974560406977306,0.0686678008893577,0.08698903830663161
138,1,-0.03425919657615958,-0.002409118850867882,0.00714270502789579
138,2,-0.07621871395554579,0.03088321495790532,0.043576155161042025
138,3,0.04695320261906602,0.04278656678379471,0.04981435878001914
138,4,0.04332692500479494,0.05985208882607688,0.06569342662374479
138,5,-0.06752351755967745,0.030613203791678152,-0.00413689513132298
138,6,-0.06714801207483147,-0.07222777490598886,-0.0826880162425157
138,7,-0.005604335507781587,0.04897609878122616,0.02270811464214441
138,8,-0.03166439595319494,-0.0419904574710156,-0.054204399118524
138,9,-0.05493728821588913,-0.07275480730678034,-0.07481176399907372
138,10,0.003432151317299188,-0.022970066628704194,-0.04240599240629856
138,11,0.03764035546832761,0.057269609169801,0.017437515148635875
138,12,-0.10371982639492443,0.0467621044151298,0.035388701432187156
138,13,0.01965472803233043,-0.07457586472595577,-0.058715435460776205
138,14,-0.023238587026027182,0.046468957406732035,0.005719162833956074
138,15,0.036001486278485574,0.05197139995542713,0.052373355791828474
138,16,-0.016334342520875893,-0.08474492978919078,-0.07424269226960103
138,17,0.11161751114265547,0.07052951889706185,0.11018493863409604
138,18,0.061095094539584074,-0.050004873036331554,-0.03473322605037186
138,19,-0.01774688750612428,0.06923863770318522,0.05291609411551505
138,20,-0.029542894749688575,-0.09535496137816982,-0.0747483235620734
138,21,0.08159384387984456,0.05089809816540355,0.06077086191532628
138,22,0.0344867812760694,0.11089137549850202,0.09430169427274204
138,23,-0.006695410938151488,-0.0052637246609327755,-0.025702576836869065
138,24,0.0353962365300255,0.039270215691522746,0.0529302145630941
138,25,0.06903213491195274,0.03975493272479069,0.010860141000629259
138,26,-0.07327503836892765,0.048162053508049765,0.02509227407924108
138,27,-0.020509270473371595,0.023292603455726913,0.014975347572920992
138,28,-0.006070464333302736,0.018788976092916767,-0.014987071918708825
138,29,-0.020972129230766877,0.10783603477705496,0.11499687449051263
138,30,-0.0451690614047577,-0.07011290175081282,-0.09233764329409995
139,1,0.04425341271894103,-0.05118446327095093,-0.045446559999478525
139,2,-0.02803927414481792,0.009395337279337985,0.01653084584508873
139,3,0.05394954254323895,-0.014149021421781312,-0.014155053373877118
139,4,-0.006598643856628535,0.006774405667636349,0.04721205755056243
139,5,-0.032172385349134816,0.06317556760186115,0.0533206476116029
139,6,0.035527798055451976,-0.003746183563684825,-0.0028307925609214308
139,7,0.024688222462061576,-0.045019296424165856,-0.019883684936189475
139,8,0.06941920209862075,-0.020587775578669792,-0.02452963247102354
139,9,0.018879869387597954,-0.0412952141601894,-0.040852835033501796
139,10,0.08625310368974763,0.009730758834299831,0.0015895944706168042
139,11,-0.046548399501124674,0.04519085239939412,0.002332829411315709
139,12,0.008195550257906708,-0.04127323853114623,-0.04084744056804953
139,13,0.036267886529132154,0.08456290477144508,0.0418801712045766
139,14,-0.06838461685882137,-0.06460398799163831,-0.05060366262436591
139,15,0.008355315495201304,-0.03174698924155121,-0.0343006358681025
139,16,-0.02617410151239739,-0.014070862547741774,-0.015631910527259575
139,17,0.027942303128684745,0.028776722093086658,0.01896292179039229
139,18,-0.07806074031506702,-0.0018948457060677772,-0.030725004734267737
139,19,-0.07039405332943519,0.01285536527605444,0.01371355612254472
139,20,0.0570001750645935,-0.05419558631752955,-0.06106066541022853
139,21,0.06992179132372818,0.024623065940751383,0.03384667685369938
139,22,0.04189024103525347,-0.07274203425286432,-0.06727438052265582
139,23,0.11081026580833381,-0.003417296386541633,-0.010884444575991987
139,24,0.041795054586588345,-0.027516193190005533,-0.013943153099370224
139,25,0.05845166903300231,-0.04242471735501676,-0.021268848613645832
139,26,-0.017675855236419836,-0.0026374377027688005,0.004678431958266067
139,27,0.025305724656223386,0.019771476524045182,0.05571352330631629
139,28,0.030684295077772223,-0.052914029991213536,-0.03272491561095475
139,29,-0.043384072691154824,0.006254770100045479,0.028054402220128134
139,30,0.023421171965596364,0.04487434739778305,0.03853135957281589
140,1,0.01882593955540723,-0.01567699376244574,-0.03337125673914425
140,2,0.013794277482281549,-0.05960969405234652,-0.06688799566131627
140,3,0.011980130779538732,0.03437394999395789,0.04053565795301887
140,4,-0.019668315178403915,0.03292308365363651,0.020223235793987035
140,5,0.03731821696106239,-0.041953125437359566,-0.049831087040757095
140,6,0.020339928654757363,-0.02984243148632656,0.002601221329695849
140,7,-0.019972329488531494,0.017729208400982105,0.011610221440257253
140,8,-0.019190543320677773,0.017229158751404624,0.02371495062417311
140,9,0.023492662302249015,-0.020160603847068494,0.0039657534911252575
140,10,-0.081647640224664,0.024674384661069918,0.025196391991631907
140,11,0.05789577123377981,0.04318606182099477,0.04287006721799498
140,12,0.01690314916229115,0.05208020844970025,0.034706825469437236
140,13,-0.04467462989503834,0.05165796188479333,0.016117873683188594
140,14,0.03255653813007257,0.0045044519172202716,-0.02529560577085434
140,15,2.2570710745738416e-05,0.005979784059959143,0.008768605228919268
140,16,0.0034733039999052854,0.009261921735361037,0.0032631315500823285
140,17,-0.01741763980968227,-0.0663708044098092,-0.06524814835391626
140,18,-0.06162094944746865,-0.07843239134076885,-0.08241231073845025
140,19,-0.04608994273313497,0.00953970698332254,0.017409657231117863
140,20,-0.017655800576572844,-0.07764541572899797,-0.07745625657771957
140,21,0.06368126889886792,0.06842974165977046,0.0623053969134896
140,22,-0.003911225358877442,-0.06414095011824704,-0.026649813458242147
140,23,-0.010551677547841073,-0.059610226612432385,-0.053644808099713434
140,24,0.011627380440688773,0.022909562428054055,0.008039187435695367
140,25,0.017630142448700637,-0.04863002375043956,-0.04889833649750558
140,26,-0.04139734549420846,0.021576206674165342,-0.019490888854961655
140,27,-0.05227022400835826,0.056520541422722816,0.08184322201465956
140,28,-0.04895112654088052,-0.07342056846642124,-0.07650142629327417
140,29,0.013971492736902598,0.025027992064293268,0.018371925811519446
140,30,-0.012667529789836275,-0.04255147066748961,0.007645561919855245
141,1,0.06304180294061269,0.02602758529163839,0.008466117296271865
141,2,-0.02860919116115123,-0.006741900501074076,-0.03698805890439068
141,3,0.01389277555650909,-0.02244442762665821,0.004456082259597761
141,4,-0.08021159027215582,0.017560929985466916,0.027254844128557314
141,5,0.006814588272601171,-0.021379730114521506,-0.04208315761907847
141,6,-0.058496877382147164,-0.005040506782632276,-0.03225441408054393
141,7,-0.0015671213881087718,-0.0357207189507616,-0.041571423099217665
141,8,0.06043872074356417,-0.1344284232354527,-0.1103086744770185
141,9,0.005896079987387918,-0.07266709599309527,-0.03289749892568146
141,10,0.018138048438990164,-0.10445124748532565,-0.08896004810769725
141,11,-0.026168094162257266,0.033276001037671046,0.03831842037789797
141,12,0.006941674134274905,-0.05222842500664478,-0.0744323303267701
141,13,0.015887186696088084,-0.008802934824090093,-0.01528703762864107
141,14,-0.03757602923402787,0.020569636969688842,0.02857778816042579
141,15,-0.010582214285267396,0.028590458335211608,0.023369582197120497
141,16,0.014778262156853711,0.010474330290467994,0.05839713266057221
141,17,0.030215275135470898,-0.05174517307587182,-0.04202147349255245
141,18,0.04993188726926531,0.039217951521959574,-0.0005243788748885776
141,19,-0.04348357933789558,0.0014795560236321426,-0.02759015795997067
141,20,-0.023765344561386795,0.003602943809363283,-0.003642687684793332
141,21,0.05270283791887613,0.007527430102459192,0.018208418849802687
141,22,-0.010928000723357204,-0.07101875641173387,-0.06046940846513633
141,23,-0.0054239296885275,-0.03379257024762738,-0.04762367582012591
141,24,0.03522278955264321,0.0067311340931739995,0.01627074785553923
141,25,-0.01843512104819418,0.05543547429911906,0.05196190401127277
141,26,-0.03565770192730189,-0.05526884791882048,-0.07391890568312821
141,27,-0.06783026008751307,-0.019191639266788452,-0.00877350955788903
141,28,0.0841819437775135,-0.014025386138755182,0.030488531624073438
141,29,-0.07333556324215622,0.026431641570065424,0.005645751344353995
141,30,-0.0251632310751982,-0.005960667625865405,-0.0013099356416521647
142,1,-0.0849527497754688,0.054214222362965886,0.04963291664634385
142,2,-0.0037626581190811476,-0.020119389933228534,-0.018955118680808757
142,3,0.013922453810671797,0.013133377238034032,-0.013875879846355941
142,4,0.037287798504355166,-0.009526640374580736,0.022432468625628
142,5,-0.05741626939463003,-0.016770890360000918,-0.02502711579717719
142,6,-0.024227231152987888,0.06913898379237647,0.0052370910661276235
142,7,-0.008790583724035027,0.06600224606994524,0.050639947679665995
142,8,0.02061391795293753,0.020583948593774718,0.007246765988989128
142,9,0.035295569813671206,-0.016015498542826877,0.01252881588909773
142,10,-0.02006401287534396,-0.00427134111909548,0.03091633381195604
142,11,-0.036647539506820925,-0.009704541389312414,-0.010689752979639916
142,12,-0.03783323620961888,0.04173262489373346,0.061303177683929545
142,13,-0.03658125441247177,-0.02908335198771132,-0.003540354200892601
142,14,-0.08159041553159141,0.034827576373647584,0.040687037329050726
142,15,0.013976291748186386,-0.042816436772009164,-0.05489623987114069
142,16,0.0021128024320286745,-0.03952176255089975,-0.008062758393053811
142,17,-0.02421753667778896,0.06409969226198299,0.03476092961345162
142,18,0.0165896165447575,0.018177854836791463,-0.007473327984169061
142,19,0.04417338779467171,-0.03414306582741347,-0.03676280548524155
142,20,-0.003644082637179649,0.05092968980385751,0.02283662113810655
142,21,0.02046811888243137,0.0709874632017987,0.05816855899082481
142,22,-0.08435573077329353,-0.02233444013209017,-0.04992617448732844
142,23,-0.002436933736522792,0.011721708687998374,0.0016479683978563898
142,24,0.11468716203820002,-0.06804734094042911,-0.0820611305622361
142,25,-0.0229963414624067,-0.010941524643710926,-0.0032239545158936635
142,26,-0.05044248471993069,0.027329709683355567,0.028211487286171705
142,27,-0.025983696237076286,0.03091519716325213,0.020205275658397873
142,28,0.07199867410758194,-0.04086849638396573,-0.025401005633791916
142,29,-0.06837390898502939,-0.0234493395792314,-0.00033543391732232324
142,30,0.029822795286500295,0.028417660591593785,0.07358932399635375
143,1,-0.012155924207413096,0.005069232680073746,0.03890882702735322
143,2,-0.014373224413937461,-0.01764678484881998,0.04334908390959837
143,3,0.0234753732300175,0.08210465792677271,0.10277005261164915
143,4,0.06068995739376543,-0.001380698676883718,0.013539000952976676
143,5,-0.02491656176320982,-0.06802544576331598,-0.0708624932326805
143,6,0.011770998734480209,-0.07897165339391858,-0.09617485887187534
143,7,-0.05088546370837668,-0.049659507111331644,-0.06254495587805595
143,8,0.02008589862915985,0.02837537237609997,0.009638899177111818
143,9,-0.020499986633537356,-0.032080372206009185,-0.05329044185062715
143,10,-0.04178969799000745,0.0636728621933732,0.00518593720479146
143,11,-0.010435758137054843,0.05314820731452072,0.04188594047206183
143,12,0.026183612182061625,-0.009790178585065583,-0.007273313144303514
143,13,0.027059383307837994,-0.03469326494843242,-0.015748417652479852
143,14,-0.08466105134505561,0.0423988392859899,0.04561002690324576
143,15,-0.07693012135280243,-0.02963375369710952,-0.0327826618437941
143,16,0.0019131293809432214,-0.009951649699759132,-0.030094596811941952
143,17,0.06645947724395963,-0.028776368712283958,0.023868263259715153
143,18,0.0023903332872360103,0.012381758307698353,-0.014812399076366618
143,19,0.05611662925218113,0.031697410019899785,0.03082689408028975
143,20,0.00428652775722387,4.48894255051352e-05,-0.002893125765431575
143,21,0.012395093016659517,0.04153017338798586,0.060536827224129904
143,22,0.029783636603823403,0.00023946140218341605,0.017066850377490703
143,23,0.023330634923939057,-0.026706288159367278,-0.02883784468461246
143,24,0.10613298212124547,0.012502522796210351,0.03078078830134544
143,25,-0.004965615890098983,-0.07239080091094463,-0.039947897281109146
143,26,-0.06384787415504868,0.06345590275831929,0.0608179820677107
143,27,-0.031016457109246554,0.06055454080353136,0.07916720235485654
143,28,-0.046867423561577234,-0.017019677773954286,-0.038129005206273034
143,29,-0.009773188111787094,-0.007176074412039101,-0.01595313906393152
143,30,-0.007603904288649578,-0.027563826393430964,-0.022950872969270147
144,1,0.016967033477636496,0.04696864951177735,0.01043495623577071
144,2,-0.019875616291150373,0.05319732200954405,0.03757362848166348
144,3,0.0267029179149598,-0.06025207489033428,-0.0813867847099749
144,4,0.013795837567533487,-0.05113773856286249,-0.047076044492733865
144,5,-0.04931101435142172,-0.027385817130771508,-0.04748154893860162
144,6,0.010653969455217963,0.027398870496612892,0.023660206252024314
144,7,-0.02708271746653858,0.03286524245372016,0.018043025635261452
144,8,0.044568826866423036,0.0012038127141395685,-0.0023987057664903435
144,9,-0.013673224190858856,-0.0442706720403221,-0.05923258853157869
144,10,-0.01100264260897253,-0.05879675484250057,-0.04194395134815322
144,11,-0.09315874601421056,8.09608815914582e-06,-0.019460561918279686
144,12,-0.021913232910848592,0.01672999699061184,0.016348646108923313
144,13,-0.011952319326158926,-0.018291765207841065,-0.03967595525402785
144,14,0.021706777573670365,-0.03483073997279497,-0.05583692763006043
144,15,-0.03303501939800224,0.028800949141787817,0.015887335435488037
144,16,0.034627945007013446,0.01756341620351913,-0.009207579219707197
144,17,0.053334629383810304,-0.0911349427562805,-0.07320287609190651
144,18,0.06276751059736095,-0.0747709410499606,-0.05838027628511912
144,19,0.06753183448073218,-0.07603697547871385,-0.0624400697748106
144,20,-0.0018166011901578287,0.012590324869034893,0.009969440995175457
144,21,-0.024481800635779493,0.000703757956065227,-0.0019260403263173926
144,22,0.03973509514015715,0.04155593681013975,0.030479300643596264
144,23,-0.0021099771307681206,-0.04197988370725287,-0.03081814076057585
144,24,-0.008854279072026997,-0.03970268046935043,-0.0006447371996628479
144,25,0.05700978670283459,-0.024206233143787243,-0.018823457009781212
144,26,-0.016983430715754314,0.03366299304237508,0.027963645252752467
144,27,-0.030308200097340678,0.08017888755968276,0.03693259904257556
144,28,-0.037175751025922965,0.07337509839775656,0.05447740139907561
144,29,0.015435447968976319,0.01623964618757444,0.022931025155254234
144,30,0.0530048474801832,-0.026636128400254803,-0.04626934105766924
145,1,0.01168693571725326,-0.016958499098771146,0.009562210004785245
145,2,0.02146772327941552,-0.036746408217032976,-0.05179088602243893
145,3,0.010515944173469943,0.04261935269276313,0.04194403067530907
145,4,0.03395429809467657,0.03254910385043454,0.016790423133488133
145,5,-0.017651213143161964,-0.03971079743779174,0.023282675298539744
145,6,0.04326974729894581,0.009935961271789038,-0.007489465840148118
145,7,0.015829798802865936,0.039711317722535375,0.045854487805604686
145,8,0.1544939518956419,0.07305940822314784,0.08598981813328965
145,9,0.008206876863121708,0.02113706999091893,0.012688357421417489
145,10,0.02862692657150618,-0.027506929319974203,0.00737799158418167
145,11,0.030450045794997414,-0.017691402114972256,-0.0078619427619955
145,12,-0.04563233909636927,-0.049435091184958334,-0.042594589492258285
145,13,0.08621002715063796,0.05598790125957666,0.04646924463217199
145,14,-0.01152744319219885,-0.057942403015696274,0.04164681482672594
145,15,0.030183563995451006,0.037460620151917645,0.05655318901949078
145,16,-0.05625672319883835,0.009511271693863453,-0.010625894317606062
145,17,0.011894065779677275,-0.023320183817981413,-0.04275539324692482
145,18,0.0346084822663845,0.03730039957569046,0.045507916165326165
145,19,0.005428458418396221,-0.010156539323316465,0.010819107156535335
145,20,-0.017355706852317687,-0.010100970320433009,-0.03361699581621796
145,21,0.028186014098125323,0.035316897382926725,0.029498637549074867
145,22,-0.06873209239262985,0.050849408094748264,0.047553183518391225
145,23,-0.03289466308974862,0.0018266129144883486,0.051504411126079494
145,24,0.02273164830658547,0.015309619769621212,0.012767516219834796
145,25,-0.057490284622754274,0.02984877823754558,0.06245938603738042
145,26,0.007319459308091919,0.078455422369204,0.08639832983500975
145,27,0.07216136728212239,-0.045971581508927044,-0.04422065695294241
145,28,-0.03687448117048323,0.011869715521790336,0.021687711153316098
145,29,-0.05999491588623163,0.012200075890781618,0.03995563847912644
145,30,0.005001388936890502,0.08757725998852992,0.12385417388682331
146,1,-0.07316201632802888,0.07611096421522226,0.09868894015520673
146,2,0.06420162398657903,0.00880716536357677,0.030509188804172596
146,3,0.0030733953758333506,0.036194634715013906,0.005128755835755201
146,4,0.010402791068580304,0.03703593212394912,-0.001987738964755123
146,5,-0.03731210392555655,-0.04815073040087314,-0.058796261667290746
146,6,0.019993820028571637,0.004804121994909574,-0.007832702107339138
146,7,0.030499519688628803,-0.044661320865644234,-0.02891710069898129
146,8,0.02558144281873441,-0.1278544029877251,-0.09417265991455302
146,9,-0.007916568144548526,0.017647296457379263,-0.00014570438493944731
146,10,0.025357206622940616,0.029301667521705425,0.037493429485834805
146,11,0.07294360259071421,0.03246450926938134,0.025130654561200158
146,12,0.06678793820523031,-1.826162390505397e-05,0.009071166013018963
146,13,0.03716415410561096,0.01111185696695444,0.05505862202384904
146,14,0.07041395843460814,0.06815476110531608,0.06302913949599055
146,15,-0.006631502624569528,0.02661569402307009,0.00845486327309124
146,16,-0.014558619833957348,0.03144162540882243,-0.003735459722675477
146,17,-0.03412113951926125,-0.09349194199024577,-0.10298194966661878
146,18,0.08197896718744138,-0.03443576465953053,-0.030353308114703388
146,19,0.049580101304651424,-0.021743664783058197,0.0023336602959784817
146,20,-0.07024610167966591,0.03399423117111122,0.004078548823810377
146,21,0.008514788106260301,-0.08775336120845001,-0.0634139277470135
146,22,-0.03301245694732919,-0.0653631541756572,-0.0784416798466465
146,23,0.010618359677588377,-0.027005857025818855,-0.027641811129829125
146,24,0.007799935628267725,0.022367917120000986,0.02586694260804882
146,25,0.03230005208852726,0.046663483693387804,0.11932272139400793
146,26,0.026523493302462203,0.002085688606333317,0.015370397166808103
146,27,-0.07180349216722288,-0.0016802378136428126,0.03496032835602456
146,28,-0.07897964253706458,0.020117836784967928,0.06275141722904548
146,29,-0.013768582591390474,-0.01078102775091881,0.0007716260540353356
146,30,-0.04591808824998703,0.0016813052188946417,-0.030600151707119123
147,1,0.030987409955640317,-0.05044808327013003,-0.05381602362097532
147,2,0.016291565286188893,-0.012751370354202773,-0.0007643073031781175
147,3,0.027453937305532212,0.004403510173323414,0.020814625929124298
147,4,0.007087116624070967,0.030922521439422958,0.07049317081307369
147,5,-0.06605150285668075,-0.05502394335128541,-0.06374445258871098
147,6,0.07871177348347773,-0.015731480176235713,-0.05047222199189912
147,7,-0.0260618508533411,-0.03031657763708439,-0.01541800866716362
147,8,0.011885381210545845,0.0007260689190544233,0.007817786837715139
147,9,-0.02934769311268387,-0.012184533181081298,-0.0015265970122755417
147,10,0.041958075508892655,0.0111123843580204,-0.017626648623339947
147,11,-0.09545516789082023,0.047471677620163716,0.019612532363972333
147,12,0.04704469358503837,0.0015696264702365769,-0.024597074173043996
147,13,-0.034184528001972206,0.0017225416920268058,0.02395896933765955
147,14,-0.016866947263712094,-0.08529494995812027,-0.06831027303859444
147,15,0.005940186415965911,0.04303394511894272,0.08743184428365658
147,16,-0.03801667408416361,-0.004075864600521884,-0.009148987350247315
147,17,-0.013665873003381276,0.06616002968701423,0.07016949811849778
147,18,-0.10378960678155094,-0.029947045743412302,-0.018542689590720033
147,19,-0.10827080168001973,0.066074409098708,0.03394186063865092
147,20,0.016084910151703696,-0.0036423299810904907,-0.007800009748512409
147,21,0.013170840369193767,-0.006030674075901942,-0.036679620282849615
147,22,-0.09481722632404974,-0.011283043603216584,-0.04836575470977704
147,23,0.019435923710184776,-0.06812865260982151,-0.06406641258104623
147,24,-0.026561180758864857,0.013534644649916765,0.08175838745163676
147,25,-0.004024598007317142,-0.006797525095047476,-0.032816615210651615
147,26,-0.08265229233737015,-0.11962409450326467,-0.10014605432969312
147,27,-0.04205936334231067,0.0006855563360268333,-0.002136539750366199
147,28,-0.004551145029166202,-0.06270481388683241,-0.07656539235623343
147,29,0.04117280117468781,-0.03126754813825747,-0.02261578230924201
147,30,0.026318583268919792,0.00720672312531171,-0.012631864518391852
148,1,0.05248403691190383,0.021635150795887025,0.024646459941319993
148,2,-0.015970792021457236,0.00636973477639192,0.007099734597162571
148,3,-0.021012785034283634,0.026233588575511665,0.03244472856203783
148,4,0.0746270256433181,-0.11054312500259333,-0.09116849982532413
148,5,0.060838292215126995,-0.03486594501244338,0.014599193846224942
148,6,0.024750060825460704,-0.0021502644966250907,0.03396017798087182
148,7,-0.018752113899109208,-0.0014614728158942269,-0.018437468081087954
148,8,-0.036370158516534856,-0.01846306806275921,0.0021501291468753727
148,9,0.031873660972177226,-0.07484421172798997,-0.07213227846126292
148,10,0.03148085985227547,0.03156923917905877,0.04924507631651207
148,11,-0.05741064881420169,0.020373080544972434,0.04915013986417124
148,12,-0.033701824451570245,-0.03994138118603268,-0.016437199854130474
148,13,-0.03202770623949977,0.040966497353869875,0.03314186063656615
148,14,0.018419106787979134,-0.06571614697238051,-0.05093996478762253
148,15,0.015099556024907927,-0.05288247629218729,-0.016226442242996506
148,16,0.014291698540240686,-0.03395961247298296,0.006235234004287871
148,17,-0.025577959260887035,-0.05521645919817611,-0.043237364445818736
148,18,0.07152632535664542,-0.050434287621398004,-0.045822440517817975
148,19,0.030498039749190207,-0.0010603279138304718,-0.01216597858827935
148,20,0.004119066939911066,0.06364787746410397,0.014019042719033583
148,21,-0.0038586809170370593,-0.008843738580814248,-0.019159607561578546
148,22,0.06525327230763363,0.005280197783953676,0.001552826623268921
148,23,-0.03520341473872193,0.017326477323455852,-0.009167830646614627
148,24,-0.04383862772113273,-0.013946579770784872,-0.0050466195701262
148,25,0.038256800659559324,-0.03465270888272685,-0.028421386531604625
148,26,-0.02495168043118311,-0.0003783899054981148,-0.023785605636830645
148,27,0.009308012271056104,0.04241325343015767,0.01794357883031147
148,28,-0.04477272106748527,0.08243680283410114,0.07422995425351482
148,29,-0.0024609156824751933,0.018287920164537185,0.012553981607882946
148,30,0.03773602816626661,-0.04033199781391416,-0.055714641826810705
149,1,-0.025722603686937868,-0.003448158399593895,0.029128989518745426
149,2,0.014040344974330293,0.031071033882617206,0.05162355274435065
149,3,0.037106546358079355,-0.05074491129711212,-0.07425598599627008
149,4,-0.02443971007365466,-0.09833285940232818,-0.08944298844594378
149,5,0.024452550914144614,0.02939433811520318,0.03161224205366951
149,6,0.056683926813179894,-0.03439112739799896,-0.03918226769533469
149,7,-0.024536659279910392,-0.028974295035691072,0.0031611741675711316
149,8,-0.024108218689374482,-0.042807799208746826,-0.040599738349696504
149,9,-0.008312974609963407,-0.05321817528831143,-0.020969133115185515
149,10,-0.04984653941172648,0.08489335056207405,0.09154295337560299
149,11,-0.011081910711836509,0.0432795792069048,0.03645642697638841
149,12,-0.0029738073884838768,0.019580408742138504,0.03646018391397867
149,13,-0.00812716269701484,-0.010737556989576912,-0.029123841804366214
149,14,0.011524173666646282,0.04754234995107757,0.027759048517363123
149,15,-0.02910656785222837,-0.07662998400797358,-0.03722141623669426
149,16,0.00035083416012778924,0.030677936930552065,0.007884716868317033
149,17,0.0031095963120904924,-0.045626336331117893,-0.031210346639792132
149,18,-0.0005174369706002194,-0.00862253280129954,-0.027203120486124537
149,19,-0.014547688306572108,-0.0379256195080821,-0.06715672582489081
149,20,-0.017131407013666902,-0.08343319166044012,-0.08780125091958228
149,21,0.011000517804723988,-0.0441786229419258,-0.06423939131566632
149,22,-0.060030880740757186,-0.021422893592718435,-0.03541252065622956
149,23,0.007618415780116001,-0.0019664721584195083,0.0074003674214241965
149,24,0.028100618826163628,-0.014126768249921312,0.004312155361919939
149,25,-0.0023027725573480247,0.022422841235910977,0.01705329027029838
149,26,0.009007134525372941,-0.06325339037309678,-0.06205778666637371
149,27,0.10609537868704709,-0.031196693035307154,-0.016820760073978536
149,28,-0.0671694239172899,0.04592326777049893,0.0774637962301664
149,29,0.003538834408845889,0.039645179798484434,0.051139306111541875
149,30,-0.04876884591672506,0.06050495403811614,0.031334537391701105
150,1,-0.015794436612515363,0.025013890436265077,0.029386183834775165
150,2,0.0636947547383466,-0.0432788280343096,-0.020828230153587382
150,3,-0.012228773403561627,-0.008817580677503092,-0.006806020954455473
150,4,0.02111111695367822,0.0750783140744023,0.05075575307297405
150,5,-0.02348140954056555,0.013701781371015992,-0.02273151073255409
150,6,0.04289631838497196,-0.014245882527540098,-0.03363055159204737
150,7,-0.039117503062324206,-0.006992025655659855,-0.006865540022980771
150,8,-0.07192433745976011,-0.014862889959929177,-0.02776102835226688
150,9,-0.054419377520528917,-0.004402585726986442,-0.020965481329987167
150,10,0.049139289844749384,-0.07124401205583988,-0.06609757813591828
150,11,-0.08613652368196958,-0.02278227189519154,-0.008058563081859595
150,12,-0.040022568004271925,0.02381140605962125,-0.0010565542693074528
150,13,-0.052206104280338415,0.09436356274482442,0.11357636002109948
150,14,0.016123798574037635,0.021271309970101675,-0.021996712579648366
150,15,-0.01878447831727456,-0.053189556613282604,-0.059572249757268526
150,16,0.05209839959236423,-0.08993440979187509,-0.08966813820351335
150,17,-0.04998352278986824,0.06729193180326405,0.058983575619543885
150,18,-0.0468614579977254,0.012330627072144338,0.024803247712818683
150,19,0.009639731362365768,-0.10973205441164843,-0.11042882120882609
150,20,-0.07638942692311892,0.0015159218826765921,0.001142721089196893
150,21,0.008605586553053803,0.037485222177030104,0.009815783192824766
150,22,-0.005370429090627017,-0.016953360602075102,-0.007325459401313585
150,23,0.08053523833551386,-0.038316194848618444,0.011058741391838876
150,24,0.003243983075345319,0.0063916714661486984,0.04268590763782767
150,25,-0.05049225132478361,-0.01757325663161584,-0.03954124592227143
150,26,-0.014053032513972918,0.07172488288209329,0.08462911999852592
150,27,-0.0072783710128929814,0.029436850172112738,-0.014392670076117348
150,28,0.022214342469623304,0.023334132357013957,0.03001843094489262
150,29,0.04325489616637283,-0.04187357989731828,-0.0494205608324455
150,30,0.05281062492956226,0.10118983872620867,0.10188689801131415
151,1,-0.05838928420101036,-0.03726815526455817,-0.0234584515420766
151,2,0.09708514051013332,0.0892792232871836,0.05758788520500024
151,3,-0.011987965883477053,-0.09122504531771532,-0.09286614972391581
151,4,0.016404862612455415,0.10415954284557008,0.07911824186825352
151,5,-0.039915759757521714,-0.08774410942396624,-0.04542570142555211
151,6,-0.012572758636004221,-0.02923992468998104,-0.04590476619194634
151,7,-0.029882436276424604,-0.01683056890960864,0.006040214060767425
151,8,-0.03567737306072433,0.061713519083427364,0.05354602578931292
151,9,-0.018086467466406256,-0.013073168315217884,-0.008318331561654643
151,10,0.03623262073716176,0.014624589120339372,-0.012955614305352671
151,11,0.09181017830067748,-0.027238115113315583,-0.01903065386918093
151,12,-0.03410637961262711,0.05573173407484203,0.05028314603344428
151,13,-0.010015355697087395,-0.038504559819644735,-0.04653391998752224
151,14,0.0073312130815792196,0.04240410577088879,0.029404435601592786
151,15,-0.01756673491690603,0.01039740861691563,0.028417788997864183
151,16,-0.006379335728735975,0.06924935792849446,0.0897316892897887
151,17,-0.05023973828664493,-0.06886903432889024,-0.03556261283916679
151,18,-0.05677293114354788,-0.006948654028344626,-0.01486877138300652
151,19,-0.016869278082007035,-0.0020283319335178372,-0.0399337021257964
151,20,-0.033147955527819954,-0.0654973791746633,-0.05063462001509078
151,21,-0.02438073153721659,-0.04584701877150472,-0.004072737983266518
151,22,0.07695706250494448,-0.13946571903112032,-0.11651117071615108
151,23,0.017897104695569408,0.12128366992354793,0.07531767080938051
151,24,-0.07249962017221856,-0.04270632058266063,-0.031783886441140344
151,25,0.02140979401585558,0.019941679230009828,0.018024424356349652
151,26,0.010896492517858307,-0.023035027874676862,-0.03730473186718574
151,27,0.008904063056618144,0.03242971137908015,0.017460698643329234
151,28,-0.05497515646006934,0.00903177066822482,0.06244069104535022
151,29,-0.08160255116533283,-0.03822618785369506,-0.04314949271953133
151,30,0.03586985432217169,-0.04837213709090336,-0.04170352207003227
152,1,0.010901725809503228,-0.007233965648066381,0.00865441886183669
152,2,0.008527671342646804,-0.016741580601196963,-0.024123797692236267
152,3,-0.011119680347976274,0.02093915396479404,0.037140321343906955
152,4,-0.036568686086546905,-0.050594119830649674,-0.07405152191097766
152,5,-0.037650124612004364,-0.06284538042723481,-0.08089917532130847
152,6,0.023684694332992536,-0.05346650282087459,-0.05904455402530157
152,7,-0.038316737260404715,0.005135653269508223,-0.01651398900773284
152,8,-0.0010724494157599003,-0.024485730739019808,-0.0052873730148519866
152,9,0.05288082272999726,-0.0773511126002693,-0.07825123314604383
152,10,-0.00867265557734527,-0.010444332454284003,-0.01638734390558147
152,11,-0.03578828860886792,0.07899046058853071,0.09630191314580865
152,12,-0.017165824706502433,0.020609963009680383,0.01058197118931302
152,13,0.01029454338034025,-0.020338359190369547,-0.0007827816547702457
152,14,-0.10575643859122118,-0.07967676675062478,-0.03725158643405513
152,15,-0.08300921771609032,0.04216831737599909,0.01854474688739092
152,16,-0.03805453236167228,-0.04421387761411235,-0.049162189880338374
152,17,0.04248224382037387,0.05105865265403592,0.01726716261052871
152,18,0.04507155052142779,-0.0448436914801977,-0.026630645488495183
152,19,0.010964871706188829,0.02908190284336066,0.05591086554370194
152,20,-0.014035562739371978,0.03503573131995457,0.05415038544323673
152,21,-0.01573941248814322,-0.06302023004300558,-0.06277102404059369
152,22,0.007236193853503602,0.03554455454004335,0.042927825743346686
152,23,-0.06459511158543857,-0.03997704275954297,-0.02628777879590341
152,24,-0.01227634393348395,-0.00903589218818017,-0.02846148655179653
152,25,0.12557096281898228,-0.024279654246325225,0.012781794751216794
152,26,0.04764232516833246,-0.0004630476436721359,0.007624163931974014
152,27,0.008512836617540601,-0.06520279607743375,-0.08537067608213059
152,28,-0.02262108749763764,0.07876074850342912,0.050715180028795166
152,29,0.014422350167249326,-0.07620902979709261,-0.08598524144682898
152,30,0.016370723373036085,0.010058823931846117,0.024434718883854394
153,1,0.031679925886996176,-0.02479153696672661,-0.06339788797266557
153,2,0.019744820881946814,0.034524803822748105,0.0472343325245878
153,3,-0.03355766512917888,-0.013641644928254657,0.01588017512501622
153,4,0.051145791483778145,0.04675958247763693,0.0165687057646564
153,5,-0.028887854375198776,-0.042630279575023015,-0.03951684417780949
153,6,-0.0015641855536094559,0.03754421749301339,0.025852987517099177
153,7,0.03353831011118548,0.03953106972632114,0.03670598899530541
153,8,-0.09467935120489637,0.07264087984532354,0.044512781448383505
153,9,0.03996845560678958,0.01414192003314252,0.012183940778627222
153,10,-0.05989284551727833,0.013000903408161133,0.008548107538992615
153,11,-0.005957344948378795,0.01330551495994349,0.0014557031635320235
153,12,0.01952316094724157,0.040953138107637656,0.032603872638545965
153,13,-0.002562499329366336,0.06592148347153841,0.0456010194173259
153,14,0.05023846924321364,-0.041899409122497434,-0.05886981562776626
153,15,-0.10897074714427944,-0.04461807535283578,-0.04273961452046095
153,16,0.01888566301699856,0.0538127854156965,0.050062848326035234
153,17,-0.046774772402781634,0.030707653851800666,0.034053616312307224
153,18,0.04467071787315352,-0.04099046580169344,-0.04426542300239505
153,19,-0.0005513817382231897,-0.08149522431378448,-0.09582537905680703
153,20,0.04313282018366499,-0.016260639412979148,-0.01101943192059421
153,21,0.06142036852392396,-0.054868990412606365,-0.05429757805020981
153,22,-0.00026074312329173063,0.019097692822010365,0.046530955442377925
153,23,0.07372666426877247,0.03518120534046759,0.06621774443748839
153,24,-0.03200506600944706,-0.010914297909464207,-0.0368241007816211
153,25,0.016007319177317597,0.0018906074886787397,-0.014921995513804989
153,26,-0.007863603409957008,-0.008059059565492549,0.036793947819603795
153,27,-0.07588725611357282,-0.07310340398232275,-0.057020821316968805
153,28,-0.022893192745385982,-0.15340655137230128,-0.12034427463309082
153,29,0.026048670673700224,0.019850850046697587,0.005018939030407258
153,30,-0.03160113556207759,-0.06485663236184594,-0.06814775985879915
154,1,-0.026938551815409297,-0.10740996325752106,-0.0742801331508138
154,2,-0.04230159818423177,0.0002037920168504722,-0.009999685234200723
154,3,0.010830640089454027,0.03311808265615705,0.07803536515777997
154,4,0.05058360343665392,-0.06527263130715573,-0.03177102554640294
154,5,0.10272635169122891,0.031699580054148864,0.009360775608036168
154,6,-0.06043187778202083,-0.035281614818157704,-0.002603740391347794
154,7,-0.039731519026000785,0.013072039114935432,-0.001076054233776075
154,8,0.022701565821691663,-0.04819612844156742,-0.016965034547795656
154,9,0.020205328394250866,0.016396432393219498,0.016566229781373898
154,10,0.01807655299036373,-0.006526840009425246,0.020260289645036123
154,11,-0.020804786385010956,0.007891979936345378,-0.036766256447005395
154,12,-0.0267577805638798,-0.04126793057037335,-0.03841564388032673
154,13,0.030315054355320246,-0.05497507896770804,-0.036716941162884945
154,14,-0.11708660911510274,-0.005078541995460336,-0.030031094135698735
154,15,0.0063691301285613965,0.02344482782746233,0.008467919229272987
154,16,0.017774319695508207,0.11610007927802225,0.09792688474989106
154,17,-0.025209516311889568,-0.009465585850022298,-0.040767123879463775
154,18,0.021032556140799262,-0.012271284092301547,-0.01192928955228767
154,19,-0.09790496500397368,0.03237300038428227,0.060834129039201615
154,20,0.02656589388864385,-0.022291039220753265,0.007319178116301144
154,21,-0.015320115929317868,0.012973868075247443,0.005066577704779431
154,22,0.02533574261982989,-0.05653076661325825,-0.004094709566983783
154,23,0.02613075276787405,0.0038085609532488153,0.009099200889144463
154,24,0.007356241312216735,-0.03127518400339323,-0.023053338531335774
154,25,0.030476575806503765,-0.03379218092214469,-0.03978066756865059
154,26,0.034820054815092205,0.016860793563268285,0.007836107242932655
154,27,-0.019765335892861453,-0.010325629273828308,0.0005157384141473302
154,28,-0.09684547989277159,0.06793321695898773,0.06685816997052825
154,29,0.12771640164950918,0.04624793051584983,0.03938779343444553
154,30,0.05242639864109439,-0.08663834919935116,-0.08723595988323478
155,1,-0.04151236806862365,-0.06236195973166755,-0.08443725077911692
155,2,-0.06459740626797748,-0.028904542387943793,-0.04073717410885942
155,3,0.04711151590240861,0.024015964582079274,0.01880188049178527
155,4,-0.004071019634216718,0.005173184810246694,-0.004938460645781348
155,5,0.05905605873915321,-0.05018092529422124,-0.07035948125761364
155,6,-0.10798089600727048,0.1275242999335141,0.1156390289132765
155,7,-0.0007861733975444733,-0.026601825736493476,-0.04131363733697297
155,8,0.07012871964195719,-0.0025215805954081605,0.010684394018440277
155,9,-0.0633942881720577,-0.04739543699520175,-0.03457664293398195
155,10,-0.05786213867466927,-0.07855476923204442,-0.06807824461014335
155,11,0.09233030157134128,0.024514107576937564,0.0262857947162579
155,12,-0.028706561572299758,0.09064574924160605,0.09449359064971119
155,13,0.015115923723690704,-0.09783759734399361,-0.07002134279725114
155,14,0.00893863887190558,0.028712729551124378,0.0190496911117624
155,15,-0.0644698914776689,0.010079214810978551,0.006810396404309064
155,16,0.00856561618404115,-0.019008552573734835,-0.02493410461437998
155,17,-0.0278251527201092,-0.06011452738897143,-0.07243172808137092
155,18,0.01647908191829466,0.06471200379947999,0.07488813106090664
155,19,0.032912596681179705,-0.06893887607266876,-0.05868804085034933
155,20,-0.1597580131655009,0.02783961723040512,0.01964625065069996
155,21,0.01959877126567154,-0.02417193475644181,-0.0014621819786391102
155,22,0.027309461853958807,-0.06756432109206491,-0.05166910236793241
155,23,0.016091463207418506,-0.08376798379160205,-0.09253670536693166
155,24,-0.03603551481448601,0.07121510475870024,0.06897164275657373
155,25,0.009585384955654776,-0.0471790429634049,-0.0542275051791301
155,26,0.04770882395041442,0.030793345355235962,0.0378221536578222
155,27,-0.008769543498098654,0.03188093249297613,0.04757442451284532
155,28,0.030351441906687808,0.00025932341740904775,0.03966194953149836
155,29,0.02287073616891803,0.07042294571537729,0.0354193235700964
155,30,0.017192953121537666,-0.011468811392396092,-0.019872452847302678
156,1,0.029926085069615995,0.029724650124553116,0.025889461596163062
156,2,0.02023490453280448,-0.07269920558233443,-0.05117981405705485
156,3,0.05208336450070717,0.06989823781698232,0.0754492728609405
156,4,-0.02216875955615685,-0.009155531138812583,0.007564761053560183
156,5,0.04574358896366392,-0.017422540915835803,-0.020289888105765572
156,6,0.09637317672161701,0.1090045226406899,0.11596636026196042
156,7,0.006838478202065114,0.0696522355082144,0.08721109961996126
156,8,-0.013332862567207537,-0.03202762819896501,-0.03586365330091564
156,9,0.04810869769153361,0.004945610612544253,0.025162890327175835
156,10,-0.009231256413653296,0.037303047233329334,0.04652648102424828
156,11,0.019345655209107637,-0.007904052286659748,0.023303942099676216
156,12,0.04522499864528823,0.03596222631488817,0.027838671711248823
156,13,0.014482019503661606,0.0032709450438621487,0.0070990668792866255
156,14,0.03176527730865034,-0.005239665995168981,0.012560301122954615
156,15,0.04160098163666143,0.03265224723552727,0.02994680956624581
156,16,-0.02907426014376285,0.06031436736148151,0.06330515149795218
156,17,0.09337254858485595,0.047836315986153094,0.029716462863000562
156,18,-0.029647049824408245,0.015820401559030476,0.023412704403902352
156,19,0.06069829902176082,-0.05448284354484064,-0.031238280195229933
156,20,-0.01606727022351114,0.03891012337530165,0.021154267732360683
156,21,-0.018356603876095775,0.0014171183018487528,-0.00199555721036237
156,22,0.013792588482726421,-0.006400739903945887,-0.019339692253303183
156,23,0.058714855713727775,0.020676096638590182,0.01110329402825946
156,24,-0.01638406908886655,-0.01021510438190279,-0.03036081724710706
156,25,-0.047947596120684534,0.03223047056410399,0.03744110956560015
156,26,0.014529549754932964,-0.03623397905890066,-0.04320357777164879
156,27,-0.07516732816830289,-0.03326448504942481,0.0026035896330019277
156,28,-0.042230862404125755,0.0060904886251158565,-0.030771339440786413
156,29,-0.07911571696506571,-0.036516500529014874,0.024934007479000493
156,30,-0.09746076929142976,0.01801400144180513,-0.006988954829901161
157,1,-0.034119692719723274,-0.039035517581420286,-0.051161100392291416
157,2,-0.14438830379633827,0.0438473960794459,0.05988128180783529
157,3,-0.005080271864879009,0.03350788814328751,0.0382556014800301
157,4,0.04575746617960133,-0.025038340574458928,-0.040123786704003093
157,5,0.03900062008321571,-0.008678277239584392,-0.02016915546311459
157,6,0.008880134219204234,-0.07720111620354515,-0.051885110314133065
157,7,-0.012706622407347733,0.03712378902661687,0.0065384889525191055
157,8,0.020391052965199136,0.08090867978399595,0.06733871826975446
157,9,0.05460618259945442,0.021868657642457344,0.02925857430888463
157,10,0.020533266414035117,-0.0005528705435249434,0.01488079394897922
157,11,0.024387571601789552,-0.06576309307631378,-0.04931090298489464
157,12,0.030578419841859574,0.038070822587687694,0.004417887731541442
157,13,0.03199304696400481,-0.06952978634544743,-0.050262481345525675
157,14,-0.01717891915943189,0.013257844425618144,0.009972524277215688
157,15,-0.0430788543889545,-0.040055581405810614,-0.040528313074531704
157,16,0.04289923805573875,0.03265057300142341,0.007388106564171534
157,17,0.044795899207139375,-0.045409435903493,-0.05380323651264499
157,18,0.03762442015530359,-0.02515375585862881,-0.03561477634367257
157,19,0.008603299637583434,-0.013503680327411742,-0.029641864895846973
157,20,0.08402182154753489,0.047745668638718236,0.0022482259578226736
157,21,0.02126040699549613,-0.007959555419214661,0.004882852153988341
157,22,-0.05390253327682546,-0.06486618383578666,-0.032221980754696206
157,23,-0.03850185927474824,0.029062048320381208,0.03221234793143808
157,24,-0.03315101445746159,0.023318553836967394,0.018527427672301137
157,25,0.006946155512088511,-0.024083661810007213,-0.004991017017562872
157,26,-0.03860411606914605,0.017214915753879626,0.020471100649749878
157,27,-0.005676543901348027,0.008244340266126377,0.024014890267698888
157,28,-0.039213983225857604,-0.04669017706083651,-0.03496150360851813
157,29,0.011196510977157759,0.003715454918905553,0.003245701347710003
157,30,0.06412942988274996,-0.05508254637029843,-0.07763022431801639
158,1,-0.025882907117567338,0.012646666774582187,-0.01942411856386205
158,2,-0.010330830971286177,0.044654154383223114,0.05761982785231182
158,3,0.017115856364672336,0.008280276119333298,-0.020828593494844175
158,4,-0.012644661015797275,0.03852300383032859,0.022208123856077996
158,5,0.00047234994737248737,0.03694553441947365,0.05579973408666486
158,6,-0.08435463140300063,0.00023252652584708199,0.03895257714657057
158,7,-0.04350306333610924,-0.013297685165936345,-0.045089959139330706
158,8,-0.05012750581248533,-0.0316048212252326,-0.015678805690253185
158,9,-0.050182487357155706,-0.05981120962006547,-0.05096985209783269
158,10,0.033995735775168165,-0.02638947910455108,-0.033260955608257856
158,11,0.014779923128054708,-0.04469810081314325,-0.04402671986028988
158,12,-0.01218651421990242,0.016768036600637082,0.018613056222032708
158,13,0.010572565600542153,0.016376544024027693,0.03237992026035939
158,14,-0.04762915929568344,0.03126592456079803,0.0378422707282938
158,15,0.035705136749082336,-0.00022608695456085486,-0.017614067458953272
158,16,-0.03829862438487127,-0.017301079851652478,-0.019955670151248564
158,17,-0.0030719586572123094,0.06086833889060127,0.07810598924281081
158,18,0.0863125855501717,-0.04278844219569067,-0.03708456686245216
158,19,0.015997915331537018,0.008244213956878974,0.054031351024399
158,20,0.012211926479537106,-0.018115738268490902,-0.003613977548156697
158,21,0.07567299813859048,0.019436922965834737,0.010585942065154575
158,22,0.014369118699460517,-0.08907460193990813,-0.0749184013236894
158,23,0.026123857684103656,0.04685623852003977,0.026427166575661895
158,24,0.06295546976832406,-0.07331768923992271,-0.08157131840130019
158,25,-0.08791750014877393,-0.07115072167945571,-0.06598280461704496
158,26,-0.03355842141988342,0.007048967385311546,0.011227783844913394
158,27,-0.006164474816628768,-0.07221955170712109,-0.057477935408479466
158,28,-0.0285522228412096,-0.04027754148733212,-0.033996701062873995
158,29,-0.08591172224217754,-0.027747229646487903,-0.02783887266849971
158,30,-0.029365749578994297,0.05374825016634582,0.019170869531876453
159,1,0.02706488446843146,-0.00966711414755275,-0.012570488413595668
159,2,-0.005496119590491642,0.02393647137105091,0.001154682702595017
159,3,-0.01857305943986212,-0.013120837061732832,-0.007597998937631215
159,4,0.0014932636386359847,0.07715394007124587,0.051703205258660685
159,5,0.05022081897692662,-0.005155803717066665,-0.024551527982534897
159,6,0.1059151903979916,-0.061656961298955204,-0.058619579966777566
159,7,0.06326590627389106,0.018134019658580747,0.016836806667685278
159,8,0.07511109353150773,-0.04491531199962697,-0.045796245800050664
159,9,0.07950473525633339,-0.0834562731040138,-0.08920377790671226
159,10,-0.023790294670056448,0.04676655409036205,0.06852424632891402
159,11,0.010690048080503375,-0.01985037500785757,-0.03320229689364793
159,12,-0.020110277260622516,-0.04870738257335277,-0.023809493293275082
159,13,0.022902501683015344,-0.005432051057436424,-0.0030381933734499656
159,14,0.055323243898832294,0.02497612026211285,0.060075010526174484
159,15,0.04409847363997973,0.019905825882846707,0.04529609913115845
159,16,0.07816955107391133,0.022884434019375084,0.0057327286966395805
159,17,-0.01295076045642487,-0.03729863508190119,-0.058594123985632025
159,18,0.0664961755458328,-0.07593839470014054,-0.06166290979162087
159,19,0.0435247845252127,0.04637839837774784,0.04444900746193652
159,20,-0.005074283579360924,-0.04430141301345176,-0.0672450353013669
159,21,-0.005066009149805478,0.003923953636600596,-0.0031131331016160508
159,22,0.041350022358004106,0.021838454487564465,0.0034300370180343574
159,23,0.04776977359721555,0.02300288640809294,0.05783531819802579
159,24,0.09409314157578054,0.012107299823604735,0.030533914327556852
159,25,0.10565325927270232,-0.07646611988248592,-0.030301098683744657
159,26,0.06990163098141425,0.1004270063397824,0.11045111730925729
159,27,0.046980145733900955,0.041620047702560316,0.036231375641402226
159,28,-0.02183809841975567,-0.0031125663658374872,-0.021966997074729894
159,29,0.14103173350369666,0.03635562837437719,0.03608221356740095
159,30,-0.003387811009126445,0.06486165215681762,0.08151975726290706
160,1,0.01133801274295846,-0.04244333035361377,-0.027690193041796814
160,2,0.052617425935903926,-0.006709292899513157,-0.04162416555299194
160,3,-0.04990787760140395,-0.030455214210143078,-0.02767782573075659
160,4,-0.061850153664603225,0.01642366955605204,0.018951291984077297
160,5,0.08875985732430121,0.01844366665901495,0.022872676576601195
160,6,0.024062546925817586,0.0663148607893053,0.06635576595682303
160,7,-0.06656584507869635,-0.011676897452892031,0.028557974863308497
160,8,0.06722251419565374,-0.02841960232200127,-0.00936799328442458
160,9,-0.05787974158365614,-0.09568340576341619,-0.07506299361003071
160,10,-0.009952337080296674,0.007525624828931011,0.012990749755203337
160,11,0.03517607836049318,6.440961308626879e-05,0.019641827677119562
160,12,-0.04210382106236292,-0.07749559299489536,-0.07761602716481791
160,13,0.013338447976839737,0.023757735559716164,0.02526890936191062
160,14,0.009418619296524372,-0.0063085407031735295,-0.02779384017807551
160,15,-0.08105332558293259,-0.03147384843966765,-0.030708110683485928
160,16,0.010467585806742138,-0.03838834747008927,-0.05648174308384207
160,17,-0.05026247897673436,-0.06619907142534061,-0.06839349750155133
160,18,-0.01943742763966822,0.026558955185015325,0.019718839649386883
160,19,0.02821101978562297,0.03170156445534656,0.05824209280119875
160,20,0.078942397635079,0.0041323246727358225,0.001106361209056696
160,21,-0.007990012667341877,0.0019340997088275731,-0.030715644357687966
160,22,0.07743930987372946,-0.01951686818033474,0.0250139318489433
160,23,-0.0003083175640749715,-0.0018295148714575916,-0.01617157424432386
160,24,0.01726524459205575,0.025906392829109223,0.04410091174026495
160,25,0.0504847290456356,-0.04934393605360912,-0.03192645004914795
160,26,0.023376900306331636,0.06672091449524731,0.05044031033440804
160,27,0.010382276729973371,-0.020316386723241767,-0.05720006055633413
160,28,-0.08192040619596686,0.08057327211365889,0.030699111159638137
160,29,-0.12371927684237513,-0.002772611609118164,0.018722398028304495
160,30,-0.011529348816424909,-0.02674409367933858,-0.03270199541859828
161,1,0.056486938462101684,0.004019843414126852,-0.021485943705367605
161,2,0.06071332171697497,0.09836471150916166,0.09754613473706354
161,3,-0.05431143480748897,-0.02181273644255534,-0.005303436760807041
161,4,-0.0019767037147687514,0.03229776833371066,-0.001577785865389514
161,5,-0.08275154450388565,-0.02407076282276246,-0.04000273079363221
161,6,0.0798985062023768,-0.055346369510812676,-0.04395634825433498
161,7,-0.03814119457590203,-0.003584897005436688,-0.0027994665948251193
161,8,-0.01476078800511846,0.02754206909928275,0.045032895270880384
161,9,-0.08429139946754621,0.06524416227964296,0.06641447040927295
161,10,0.061716584222430065,0.05160898302982206,0.05338127122760425
161,11,-0.019499286153307135,0.048803297611848845,0.04553008593327564
161,12,0.07393902809396481,0.07583592928792147,0.04994454342130289
161,13,-0.03871670753691786,0.008873573483614177,0.003652335834967237
161,14,0.09796093422393919,-0.04717947126841012,-0.04749456053159493
161,15,-0.0767352403897604,-0.08714723011568297,-0.07962089737448033
161,16,0.11698192652968074,0.005612737261101646,-0.02801616143955025
161,17,-0.034622036093899945,-0.0894434172811785,-0.06546737994751956
161,18,0.005677461384810695,-0.034601411401498305,-0.016073291295296527
161,19,-0.026972289834022348,-0.030898641101614787,-0.001985254219426678
161,20,0.01839836469836789,-0.056840998354369225,-0.054294247384475164
161,21,-0.026757035684135646,-0.01481542841673832,0.0039623883437015445
161,22,0.0226640408230397,0.0048344308648799765,0.0029002513948536645
161,23,0.055333301769232235,0.023745209721426352,0.034157713932914655
161,24,0.004360667912170732,-0.04395018053123782,-0.06272563723491165
161,25,-0.014212274907175738,0.039543640045556806,0.04830274851453752
161,26,0.00781948492395636,-0.019225493678123793,-0.03902526343943875
161,27,-0.009669877375771584,0.05983943682187646,0.021143234449701967
161,28,0.0004113213282315774,-0.03792394925052449,-0.04106948442641627
161,29,-0.0322728830907048,0.012642658552011977,0.03178406561537079
161,30,0.03951966074680477,0.026703770067654273,0.029000099427295103
162,1,-0.06323923968727496,-0.001282645042293394,-0.024768191369740712
162,2,0.05676563722400185,-0.026693824111643744,-0.04276534625314968
162,3,-0.05481556665182849,-0.010809035270393421,0.034592151193670394
162,4,0.023460980372708322,-0.03383775152635454,-0.01352676401481505
162,5,0.0535800001691766,0.0258141756914682,0.04616547709586588
162,6,0.031412564426214075,-0.040759994240694146,-0.03620351608450216
162,7,-0.008012660679356489,0.052989420893275296,0.06140587051733117
162,8,-0.012499713332274775,0.015894679622430637,0.04626032112199171
162,9,-0.03544032672621679,0.047057211620353645,0.019986440981116543
162,10,0.0871048229788243,-0.06452003577446715,-0.04462187303942119
162,11,0.003634137822527941,0.010517320173530407,0.012234528754999549
162,12,0.023885463646610955,0.015070690366446605,-0.007252066704677435
162,13,-0.03570904972451725,-0.016546686138923777,-0.02112697846587574
162,14,0.0033667494691839175,0.09728483586096917,0.08357751203448634
162,15,-0.0039602912240571005,0.013303482172055965,0.03867758211262533
162,16,-0.025202826953249668,-0.06881487914694971,-0.08312343448873027
162,17,-0.002283268218827251,-0.08401488428486005,-0.06249557748958526
162,18,-0.02576930978077045,-0.027617981124933865,-0.06853675218750802
162,19,-0.09679402864750891,-0.0395007721217114,-0.04105864875543729
162,20,0.017012118206784194,0.04563730018664033,0.011535439662009789
162,21,0.06674382727705433,-0.02676116227816159,-0.040024222570958924
162,22,0.05066608866948327,-0.02770748733870345,0.018387472023166894
162,23,0.04557318110641165,-0.013033264955403337,-0.00977809435575373
162,24,0.05396590820644955,-0.06890173791675835,-0.07538417195570052
162,25,-0.055049920938694034,0.006581784220931839,0.017278641346417743
162,26,0.03832204825007192,-0.06734850809134686,-0.056361803678996035
162,27,0.049899879597565436,0.06392354762263044,0.05916759954291061
162,28,0.11909071442620055,0.029873787307768518,0.027923894876343974
162,29,-0.1226919278755709,-0.0012739005297421036,0.010236357519962387
162,30,0.02286245896246263,-0.0488507325780096,-0.030363869938672565
163,1,-0.016149417584524275,0.01318307389797016,-0.01937321912516462
163,2,0.053693570013201686,0.0008985476413359918,0.018633450783549593
163,3,-0.033296149036618615,0.03544723828729042,0.030265659535482776
163,4,0.010365290775039546,0.007376852788092309,0.003991956423298318
163,5,0.07611801670227171,-0.022923613792162043,-0.028608615075844675
163,6,-0.003741165218888299,0.044109221145959,0.04096114878216031
163,7,-0.04048278821030191,-0.022753533094346388,-0.039781308309589196
163,8,0.08371187564914805,-0.04684890443541174,-0.05053043919486162
163,9,-0.018497148756180713,-0.022622019000907982,0.018876917093095507
163,10,0.08786793245786749,-0.05077508654892091,-0.02786132096276008
163,11,0.031708057306219874,0.05304894223131373,0.050476951463704144
163,12,-0.04096999231441018,0.07480441901249629,0.04253450370272677
163,13,0.04947214932871528,0.028210488494483356,0.020828475575043758
163,14,-0.06694181767632168,0.08447199584285613,0.1052618745102335
163,15,0.010117755832889113,-0.019346337112139216,-0.039794540628059746
163,16,-0.06525094480728943,-0.06314732114208574,-0.061269685345757406
163,17,-0.06149100541356228,0.1262055006328107,0.14908220855652515
163,18,-0.012633643649013444,-0.0528204014711224,-0.0385993953946344
163,19,0.07499693760952834,0.06066266337936927,0.07422459669575587
163,20,0.0017387359296167366,0.06442318866113213,0.053418348182838166
163,21,0.058874656565747155,-0.04733484583356528,-0.05483565680048921
163,22,0.0028372536714434365,-0.00865313405674153,-0.021738016562594168
163,23,0.03286323094107673,0.05347304446357018,0.03357834926228822
163,24,0.013675877789312145,0.016827371122377376,0.0018331673866465354
163,25,-0.05904457231862796,-0.018565953750072844,-0.027075720720299644
163,26,-0.061423715585807385,0.06393911063309113,0.06848361291246725
163,27,-0.05157405629707224,-0.042044365760016925,-0.06286342981545136
163,28,0.03506293241772881,0.039022628121302264,0.051080925257403695
163,29,-0.04230445379446984,-0.030011810186885056,-0.017442929156066506
163,30,-0.05925996179762667,-0.02697506773737094,-0.03367352796500517
164,1,-0.027329445892365967,-0.020944254586781477,-0.03144423305653637
164,2,-0.02057094086875082,0.10017904554771012,0.12947273584500152
164,3,0.05404357139119664,-0.10623130958272742,-0.06573700555596594
164,4,-0.031573924292466436,-0.004283363713455676,0.018693557306784903
164,5,-0.05348916733008589,0.011963186889388782,0.007529741737722388
164,6,-0.023701683776540444,0.06468844139485451,0.056023031590769046
164,7,0.04234079273198695,0.06683859038037357,0.050162052067356806
164,8,-0.095641358092709,0.017563901298163924,0.054552209280192325
164,9,0.0838241835332162,0.048039831798575704,0.05117588546800361
164,10,0.008738243806858127,-0.05280940253629156,-0.01860823138512085
164,11,-0.08251030199386247,0.030294484848163345,0.01459909741929897
164,12,-0.05019320927068012,0.03275806394763844,-0.0030225607403512058
164,13,0.003967708285075317,0.02966038686539607,-0.0034221949617545323
164,14,-0.024478151645587788,0.060182831081069296,0.03381802030133725
164,15,0.005270707961938169,-0.04621667861952072,-0.04097077518217999
164,16,0.04295192645489239,0.04465036787922383,0.04241073277844982
164,17,-0.009786001425866964,0.02634917828097295,0.03274917701878701
164,18,-0.06563708477577476,-0.04232461478966702,-0.020156637258789262
164,19,0.0020696994124807548,0.03902029362922899,0.06513008125105131
164,20,-0.008731641807304348,-0.020995431350182694,0.0015859878244834599
164,21,-0.036516245076726746,0.0245240631135658,0.02463850351697219
164,22,-0.02973603724269217,-0.05407627407668734,-0.047554117674693086
164,23,-0.006666815127852316,0.03160667697221172,-0.012542080959947091
164,24,0.07250582017895539,-0.021614778052504422,-0.022113778373914032
164,25,-0.02892079715053139,0.004307058767768775,-0.02988226709224079
164,26,-0.047762827577585175,-0.022928381757759794,0.01929842641702956
164,27,0.019207099593717764,0.012370180621976631,-0.018768013972707016
164,28,-0.038232220531431445,0.047116623335208996,0.0578210828358705
164,29,-0.0312934054689175,-0.021816440793407207,-0.04459521486189702
164,30,-0.029554122644753513,0.03477008704361675,0.04350774605145049
165,1,0.0802336562501825,0.0794750653219222,0.046614658189694486
165,2,0.09581464156036712,-0.02382417095918887,-0.029171386316826416
165,3,-0.00540340324388928,-0.005440428266195295,0.005280929040619503
165,4,0.0040827586163661314,-0.0014495389001487901,0.008464461080402573
165,5,-0.03935082425641778,-0.017510066285656666,-0.002891513748097867
165,6,0.012684706431109846,-0.034625884766715985,-0.045824115488266565
165,7,-0.004952694456967014,0.03180232258436509,-0.0013966627971329947
165,8,-0.03890075543635496,0.0144399579105505,0.06687488474284016
165,9,0.03806866341773767,-0.03680537861919926,-0.022473819412425294
165,10,0.0045512404084737295,-0.05151782184898041,-0.026411999358522904
165,11,-0.03834264942367879,-0.06474622902387224,-0.04795636991775039
165,12,-0.038243512126219334,-0.07803927608867839,-0.03712251625778127
165,13,0.006684305003901191,-0.06754774043923314,-0.04634466756984546
165,14,-0.07365879697767988,-0.03974728494059403,-0.07841719778092257
165,15,0.004667551340089981,0.001509561259381952,0.007234793298168596
165,16,-0.07163913897690326,-0.02950757174479107,-0.017665709527531208
165,17,0.061281233171127845,0.0364558670139773,0.01307056537017385
165,18,-0.006264878171132958,0.00937192716912172,-0.003554833343347501
165,19,-0.04884321478549147,-0.0379827295553582,-0.02594722853263436
165,20,-0.02277951176780929,-0.06346275616706148,-0.0601678126004272
165,21,-0.02307522127956364,0.0085194275768963,0.03383216663826206
165,22,-0.035304038639206406,-0.007634773412587593,0.02183494692018364
165,23,-0.05549476028232652,0.07199532435733001,0.08595227891622993
165,24,0.04233299667091549,-0.006403336010415781,-0.06158249494262463
165,25,0.01771233070627512,0.10943453058478958,0.09257493127063353
165,26,0.07616259864595447,0.024632289258600396,0.07962503754279085
165,27,0.04018632842374937,-0.08794166091968911,-0.04453245852444016
165,28,0.03939618462971316,0.035307972165233244,-0.0008904876170513302
165,29,-0.045162290301022985,0.060046293975914336,0.09843903640352278
165,30,0.01733012976724379,0.022385015517422138,0.009445121420529714
166,1,0.007094323302594587,0.031781751694432335,0.016814936979305636
166,2,-0.00047222224907878083,-0.0041952164620971105,-0.002914566940877805
166,3,0.029086974756504038,0.01757843175030292,0.03791895519609937
166,4,0.09622283680300836,0.07218174143428567,0.062489863173549993
166,5,-0.08911321491032043,-0.0160708724984585,-0.017308993967779053
166,6,0.011454313878467706,-0.0033792964541387756,-0.042654424583626796
166,7,0.05927902244391997,-0.01598386834094652,0.0036989209932426588
166,8,-0.01827450274812053,-0.02931769776526626,-0.022154836132521033
166,9,-0.04404541308958822,0.007932569841199302,-0.025127073879844735
166,10,-0.027166215286978847,0.003018011973702595,0.005749995087284835
166,11,-0.044684783951685986,0.0433716105493254,0.04114358657368837
166,12,-0.0365496863208761,0.0226158490038236,0.01934530203374515
166,13,-0.03680248505217644,0.01129495427899976,0.019600506985180344
166,14,0.06570747960977376,-0.027774236945870147,-0.025547717844582894
166,15,0.06969059827849718,0.004875684814466709,0.0055741742282408
166,16,0.008089630761462975,-0.018354705423555485,-0.019065282868335934
166,17,0.05204398744878475,-0.032667430762256255,-0.05207568490147392
166,18,0.10426471650409845,0.007969088215877747,0.03255873551463192
166,19,0.097365030158288,-0.022806398885274314,-0.0077262810303504745
166,20,0.002543501433624135,-0.03535952015841437,-0.004303333494790626
166,21,0.0830609910671976,-0.01054601740140405,-0.014190685739136654
166,22,-0.004286909853689621,0.0033247952517925987,-0.005877615949890162
166,23,0.03326504376611851,-0.030249330321796077,-0.03991353309925131
166,24,-0.056936737624255294,-0.07433535167656824,-0.04643636109824514
166,25,0.01598217804599272,0.04032013484326085,0.05905426211812577
166,26,-0.00878689681900565,0.052458064450895486,0.05078288236060278
166,27,0.010577752819933173,0.04214946383454233,0.0396547909993324
166,28,-0.03896254418997203,-0.03917074850970962,-0.03931576118272292
166,29,-0.04179681000620718,-0.026142076979598583,-0.024993410119817122
166,30,0.01700551346539454,-0.00874313520322462,-0.021646860666499738
167,1,0.02578145416615322,-0.030655020847572365,-0.04825497086085881
167,2,0.028478220279919378,-0.057533452988140305,-0.03788497334822231
167,3,0.028359383403393973,-0.03724335642736161,-0.028974617270461377
167,4,0.03913019101481957,0.05624511373155177,0.04051642749573632
167,5,-0.025942638201088886,-0.018962976623497618,-0.010335972318004765
167,6,0.0027645573378876397,0.029872422107857125,0.016909086243218286
167,7,0.026469728875902276,0.12164720583598777,0.11808739450394572
167,8,0.016828299849460507,-0.04244228088137586,-0.03729618948176588
167,9,0.024745148594578652,-0.02750674740891839,0.022815627766744218
167,10,0.042948676010239537,0.027258270089590947,0.03489952450112848
167,11,-0.005246396934747536,0.027388726971925282,0.008422458477202426
167,12,0.07417573509768073,0.04038980279303771,0.039825768475219785
167,13,-0.08336730231446218,-0.0010904136594864897,-0.01571832453724539
167,14,-0.008704917367507064,-0.04874628164875343,-0.024970485669983698
167,15,-0.05063702888754728,-0.0027621151692766334,0.005744718844655447
167,16,-0.015027041337575478,-0.011020243294444971,0.023299707615235733
167,17,-0.09199810076159885,0.010763312662308996,0.024015428853572017
167,18,-0.07820154981446582,-0.006845323486636723,0.02185003727695344
167,19,-0.019273571969530397,0.06060820488904968,0.022204903695931207
167,20,0.011685381515124315,-0.02557912785414982,-0.020589401662959327
167,21,-0.03223802817544532,0.027060209509940727,0.046712026401221275
167,22,0.06707425940353466,0.037188414953244375,0.05129505828766403
167,23,-0.07442467848029316,-0.016999742950136496,-0.04763451778274603
167,24,-0.03098297573888034,-0.0009504816604943086,0.023282057276981453
167,25,-0.029841667859909164,-0.05873302016164302,-0.06980535177452682
167,26,0.011302899366028935,0.001764408756837284,0.00316720147852101
167,27,0.011424146685272167,-0.05019946441006725,-0.026847283258280962
167,28,-0.03576199153295116,-0.07947917194763855,-0.037569344418109524
167,29,0.01927660320144908,0.04160114337958126,0.06806265555417641
167,30,0.10464885768028981,-0.08694458681019082,-0.08112859902053625
168,1,0.022591833269117397,-0.08405416545433177,-0.08354729085712417
168,2,-0.030313187159488206,0.0314195890238801,0.05977729043440169
168,3,-0.00011965051395431015,0.07868519808473709,0.04043118373093724
168,4,0.023023715276862446,-0.025403286221446785,-0.02403951092294331
168,5,0.005452737083885513,-0.005732132527084462,-0.014279698410125689
168,6,0.006714808086029389,-0.02424905727933349,-0.029430126044255652
168,7,-0.021434852297611915,-0.042186480481974445,-0.01328858356479778
168,8,-0.019944672457857457,-0.024173555336227014,-0.04597791535520381
168,9,-0.006397077708253457,-0.07528863274627502,-0.06954483275387098
168,10,-0.03165013117792893,-0.017160327607870313,-0.012098425623139878
168,11,-0.0741157796071705,-0.04155991428925276,-0.047480030155903116
168,12,-0.02842731927850862,-0.06397217255086574,-0.025302779148076195
168,13,-0.030965126637451174,0.05507347055036234,0.03708664101645988
168,14,0.02770558010436048,-0.021151623889668333,-0.01765205304828854
168,15,-0.02882594446319363,-0.07058085432812504,-0.0632903870458364
168,16,-0.020279777514379444,-0.04541777713966075,-0.049211383003455525
168,17,0.09325757304414602,0.0315020817179665,0.010257054101928361
168,18,-0.03935773651552706,-0.04446726556734426,-0.04326001848505681
168,19,-0.03578108283544674,-0.05551087559953944,-0.004615825047688147
168,20,0.046856800052355554,0.08717847661497825,0.11652000505585386
168,21,-0.02827039115041234,-0.06618191299396048,-0.06841122392005829
168,22,0.00844836223535784,0.04251490760648666,0.03541515009193933
168,23,0.05666249350233704,0.0036174785889531123,0.040510366128460595
168,24,-0.06161175955879885,0.040167522484479606,0.023556640957248833
168,25,-0.030596305417741967,-0.03167414541025171,-0.04448623638698543
168,26,0.007774217071940401,0.0020071974833558814,3.4915654086796844e-05
168,27,-0.008735182139233437,0.01617869042308664,-0.011512579643393125
168,28,-0.02361476747263141,0.009919794041448646,0.011128388840083091
168,29,0.025647901567325517,-0.030374692897210023,-0.05909323381638877
168,30,0.060929266058026316,0.014633711653183331,0.020000437471845
169,1,0.04099280143659963,0.0730041755660256,0.06792020834809952
169,2,0.0334194666816781,0.001297143170631153,0.015273274504384962
169,3,0.028013414879745995,-0.016859228021010232,-0.04240335601656965
169,4,-0.06038260678091794,-0.10379373073323916,-0.08053886345576038
169,5,-0.016616518296302365,-0.04635280672377969,-0.03847625264157229
169,6,-0.05288509333295534,0.006963296830104679,0.057627772002213536
169,7,-0.033843722663064936,0.008404462332714394,0.011678174026627101
169,8,0.07162453310442987,-0.051908020321921045,-0.035515806609638
169,9,-0.05747367390871056,-0.05251912451754489,-0.057899157034112365
169,10,0.04276248592702962,-0.05975037315903366,-0.02594864605136057
169,11,-0.05543054920981388,-0.06985885758750732,-0.0437586699524561
169,12,-0.05092173991972377,0.11100945556209701,0.08352864585936419
169,13,0.055220503780375435,0.005850212358502514,0.014707617171793188
169,14,0.07530081628459381,0.0885265272653127,0.10061793612314322
169,15,-0.05630639724725067,0.005309242787406332,-0.012203009085095178
169,16,-0.02217963444717445,-0.07134361082647021,-0.03747045482526944
169,17,-0.03985310709926013,0.021774735677887923,0.01896357446764553
169,18,0.034003537243844854,-0.08930760762807913,-0.059084417092152876
169,19,-0.03332005975756494,0.056860871730000734,0.021365236493910592
169,20,-0.0030136480791591825,0.05460209677842408,0.033602876797267714
169,21,-0.018910214348580524,0.10059380836810664,0.05796134934518322
169,22,-0.06718401338194127,0.062160040966536344,0.07354108285540169
169,23,-0.04924962963609342,-0.01462160404745807,-0.0011294730718732673
169,24,-0.002542844403277909,0.07368890880191262,0.05323087744459403
169,25,-0.018937790814807568,-0.043256898105995034,-0.03666199873787174
169,26,-0.10380502258060842,0.043971380837631455,0.06566660689510252
169,27,0.01911297448946638,0.03686301793157574,0.010051614087073115
169,28,0.048664799134546695,-0.021057298756580755,-0.006716557397220126
169,29,-0.007190288266612788,-0.031791965032968605,-0.02404610335949053
169,30,0.004787679770100246,-0.09942866248331217,-0.08753617645129137
170,1,0.013397032940170242,-0.007113914746381713,0.017074524767846475
170,2,0.007629874401172876,0.03352527229011723,0.031891486296322845
170,3,0.011119252053920437,-0.02688114074467245,-0.013361653132335682
170,4,-0.026222279654297458,0.0283464852850322,0.033505712331982504
170,5,-0.018081851456449034,-0.04422022955613975,-0.036208794330747196
170,6,0.07357600502892007,-0.02203904531969064,-0.001604077344623502
170,7,-0.06135377593464266,0.046663354452450845,0.02778246154388181
170,8,0.05482015578009221,-0.026767996471275233,-0.039007226742349466
170,9,0.0076957268684626065,0.06630888607971638,0.08135104658179527
170,10,-0.09886231833486973,-0.019851518892221396,-0.026868809103333755
170,11,0.019377568922200602,0.020407221573716668,0.0029180272360970778
170,12,0.04115197246244676,0.0048020426756558285,0.02427474863954358
170,13,0.021967873317853256,0.12274552941342862,0.09271863506807893
170,14,0.00541218643401743,-0.04166096628363035,-0.02959475830597899
170,15,-0.00914379670541376,-0.0799792461179087,-0.09712624793021353
170,16,-0.0002656798333817663,-0.09700568729325026,-0.09466028462103716
170,17,0.003359368279976284,0.009923948415067314,-0.024487482410800954
170,18,-0.06201569527850365,-0.04166487836896795,-0.0562616945873902
170,19,-0.055338786967932076,-0.04002896897349515,-0.011519829251109545
170,20,0.052237013944132715,0.024951672033094903,0.028015017146756433
170,21,-0.05427140271936415,0.08400199886563091,0.07072742497266861
170,22,-0.08505621547885585,0.06228586026888562,0.048674973183235146
170,23,-0.05235020323425654,0.00987100867402895,-0.01890160718734025
170,24,0.026425279049344656,0.005804464285034459,-0.005928462484250121
170,25,-0.05518775912182548,-0.07114539187757309,-0.05202492066728207
170,26,-0.0811754655789675,-0.09217801912585775,-0.06439786286324492
170,27,0.037057004848009466,-0.0021317087199996965,-0.021129162142897333
170,28,0.06844955389638707,-0.030841210448792882,-0.04521844534090312
170,29,0.06280972924968277,-0.014573753648450326,-0.009871846889383957
170,30,-0.006355845591873295,-0.020722202280532977,-0.000323156101913362
171,1,-0.07611887556994851,-0.011719556020809879,-0.037894347326954736
171,2,-0.004631653239363294,0.01887909084920073,0.038895239578066614
171,3,-0.08107026539395175,0.0071741667336448385,0.012863847801452796
171,4,0.04932070148094845,-0.0028246480252527868,-0.03820363980202692
171,5,0.02611623988020609,-0.03230204896680727,-0.014212594145313588
171,6,0.050271785863666096,0.0004804429445233694,0.009436578854377672
171,7,0.0035848117384630375,0.034617628378973614,0.0379896333086967
171,8,0.08538464937202073,-0.0548988374494504,-0.05344656297923169
171,9,-0.05340901255354902,-0.01926071648092432,-0.020115218666847966
171,10,0.0385932400718479,0.011259075097527797,0.006237826250360435
171,11,-0.03737549881875627,0.0540825219905029,0.06609260736463109
171,12,0.047049076312568536,-0.06227838208316475,-0.07940282135790694
171,13,-0.028206985742872268,0.029828634318120616,0.05724851469918424
171,14,-0.06310826780391506,-0.04248779804002046,-0.04617728390044068
171,15,-0.033907626532278023,0.07670155708290612,0.040878449125211845
171,16,-0.07629179553452922,0.13011061068142005,0.1752972641610836
171,17,-0.04166961349831873,0.057232721370030104,0.0370542473307981
171,18,-0.02414985530971402,0.03783978333689543,0.008519298011759121
171,19,-0.07127916038068698,-0.03388560901863827,0.022048035234183902
171,20,0.0541920752754704,-0.019597049182892456,0.010156268990317926
171,21,-0.06328594069189013,-0.01301730152348511,-0.04502020214384759
171,22,-0.02578320583260748,-0.04168589220285654,-0.056306571527940656
171,23,-0.032327371685620526,0.03943328435242754,0.03018723285308729
171,24,-0.0701452792287916,-0.01769777657687124,0.020776628711861197
171,25,-0.040329909734153596,-0.04586262761006727,-0.06405613853324121
171,26,-0.05960917156548063,-0.032237551771172594,-0.03068423031136913
171,27,-0.09326669287079425,-0.008653188168543274,-0.014943861055243183
171,28,0.07880038590636407,0.033571413848666895,-0.004475751981126967
171,29,0.0022205590614099856,-0.02968382007096797,0.02812226289228762
171,30,0.09252630954998455,0.08534135200295861,0.07480405025605187
172,1,0.07805931587417807,0.03670241383819155,0.012950249602712427
172,2,0.05043358515458392,0.022773793069124842,-0.013345272749315455
172,3,0.08876810895091272,0.010399522573356131,0.05996693263562304
172,4,-0.0006175274550451128,-0.0038879339411829485,-0.033901088767474295
172,5,0.043568967840254436,-0.04195005562470581,-0.015347179495052796
172,6,0.02656972807404954,-0.07766563492629953,-0.07019470635376329
172,7,-0.035249849436199625,-0.06666656303403364,-0.06377645638318905
172,8,-0.02320676253708737,-0.00865077665189775,-0.01917537155161096
172,9,-0.004738578713154862,0.09167132871391023,0.04240557439860759
172,10,-0.0666276760364281,-0.02216087743748246,-0.023005327108986565
172,11,0.0011159164983118878,-0.06091361571008929,-0.019007605483400827
172,12,0.0047553148227207865,-0.06436350638922382,-0.040656978448049
172,13,0.051367575301467905,-0.07088766067280744,-0.07658650499923014
172,14,0.08877213146693651,0.010727092168641764,0.006048239732622179
172,15,-0.021254567347939145,0.019177382842004192,-0.037214042786237626
172,16,0.018166766526938966,0.007576775528762388,-0.01095544352203351
172,17,-0.0014166071261421723,0.05477050121604104,0.07210245477224533
172,18,-0.014587585947414005,0.0047376471896664685,-0.01048978291595844
172,19,0.0071455221152223695,0.07956199256108198,0.09528228094330884
172,20,0.03623784620634005,-0.03135715608564796,-0.015083613267252952
172,21,-0.01611917662423185,-0.07574822308385275,-0.0805474136379751
172,22,0.016336716760658974,-0.006628012270165899,-0.029307774219123804
172,23,-0.03091386023742524,-0.05001236090850778,-0.04419375025061844
172,24,-0.017829417075594815,-0.044142679170055925,-0.055051899300178876
172,25,0.025369279618780903,0.05435264969953762,0.059041933391908545
172,26,-0.010593291917445185,0.004102486279366144,0.04918002711997503
172,27,0.03829482555405658,0.03753805600173463,0.003772244573876776
172,28,0.07078855048922574,-0.01890622425922994,-0.022990145424103155
172,29,-0.0070938728331226926,0.029274265912095296,-0.0012287564628704912
172,30,-0.054098046921125825,0.05104514039600453,0.03145392855819814
173,1,0.04325688104129734,-0.026945323495157714,-0.017631388369206972
173,2,-0.03526610495545833,-0.002025279305080825,0.025778977248051876
173,3,-0.04097259527183415,-0.022104533974897304,-0.029080414880250573
173,4,-0.06273136648038548,-0.03880964674435166,-0.05854955704940561
173,5,0.0248773194065485,-0.07043687861073784,-0.06331121886553263
173,6,0.003355366320533834,0.02237414658303565,0.054837203479281685
173,7,-0.026813627696188645,0.006944177093196393,-0.008200665245450841
173,8,0.027518500792194745,-0.021438194654507393,-0.04216522825398106
173,9,-0.04264008610833176,-0.04903850014939506,-0.026232094602658736
173,10,0.06338386692474476,0.029767226186074927,0.010875576839620798
173,11,0.06893712750855663,0.05719106652270945,0.04617227979075914
173,12,0.12155419150303097,-0.005355086069882807,-0.02039788294429898
173,13,0.01977679603238846,0.05797715449430326,0.05720364973806472
173,14,0.05407251074903209,-0.027422452185195387,-0.035206951238570934
173,15,-0.01727799436922224,0.07522610381350467,0.08922515075337437
173,16,-0.023807383129738065,0.015981866845899816,-0.005435563779384857
173,17,-0.026751406117653455,0.03938104137638152,0.07074532508544483
173,18,0.03444753883831761,-0.03669137749430976,-0.038069271295137624
173,19,0.026417827935059923,0.07744930391063971,0.05187513649941512
173,20,-0.005748131974461564,0.027735277262264175,0.013506391772101308
173,21,0.02629340641537383,-0.08586123454397537,-0.02884117412017131
173,22,-0.014642372492617333,0.023757222457139616,0.052457857433808874
173,23,0.045020841282883035,0.0629281437759596,0.08251463871935946
173,24,0.06118525662571598,-0.06968843029468878,-0.06509151683452413
173,25,0.002187448014284752,-0.027466215768701396,-0.011875763665584706
173,26,-0.0813102268349261,0.002997434412031344,-0.018960683563820503
173,27,0.023706529931605286,-0.07661656385622809,-0.08694600819179732
173,28,-0.015300612526219184,-0.034233596344556985,-0.005759034763882604
173,29,0.01570646129590267,0.022877798755210007,0.036952883238764896
173,30,0.029688412666440775,0.07680669796005785,0.034274663611130116
174,1,0.033500279684341466,0.009803974285708929,0.03927517834186108
174,2,0.048315814902824494,0.046473715336802494,0.03480199417510301
174,3,-0.03198208750296536,0.04693416512007993,0.041844227098656685
174,4,0.08610311161396844,-0.05416540139541464,-0.03640210196747741
174,5,-0.018905497352159597,-0.017932624896197676,-0.056566602852366824
174,6,0.003916166727519483,-0.005435121203315112,0.0013652414915498474
174,7,0.08706370053243066,-0.03901895768883363,-0.03782065657767796
174,8,-0.0347173875016122,-0.013637100608657426,-0.019925975210951845
174,9,0.011025638418055136,0.020027674545280767,0.0039323602730825385
174,10,-0.0221007071387207,-0.0032696672167046017,0.012810246183638225
174,11,-0.008729208760173496,0.05363458380028842,0.028030060108330597
174,12,0.041099092695360856,0.11732196639074711,0.11200128280322477
174,13,-0.0393559080736754,-0.05801290786269157,-0.04230827527913541
174,14,0.03360487409259904,-0.024706154400361228,-0.05752518041033855
174,15,0.05769437922302652,-0.061643769619477866,-0.0347791188224857
174,16,-0.025159472809467367,-0.04152528353887244,-0.03550673138717299
174,17,-0.00432689583812985,0.06589655299217824,0.024894378619454066
174,18,0.04337830320387139,-0.14654849730103947,-0.10009198696242416
174,19,0.08732201767988007,-0.0020412938404796633,0.014313682673905176
174,20,-0.023553072356020447,-0.05286676543138921,-0.06290629606838048
174,21,0.040454241847985115,-0.011420817582977109,-0.039582726567916275
174,22,-0.048260946061127456,-0.023860430690280682,-0.015661571938778488
174,23,0.06271873127266976,0.0038893130412314732,0.014470080583178844
174,24,-0.06226884435577706,0.003917166877075118,0.012877960072305154
174,25,0.06893612210887005,0.042909885526174515,0.03559902487457407
174,26,0.046314189992313216,0.03919294650624327,0.004012657821170532
174,27,0.09028848930536483,-0.0052317105379126195,0.00874054746418834
174,28,-0.07094979162988288,-0.018939719444913485,0.0005076461828233686
174,29,-0.08197300281838411,0.010011414321077071,-0.02101435818452354
174,30,-0.03867075381014947,-0.01176631455986024,-0.024922076624344803
175,1,0.014054444351495703,0.01811238353389857,0.029031626959319094
175,2,0.04853405469983133,0.038170530235692425,0.007380291681807719
175,3,0.015963244064066854,-0.04212635135097325,-0.01979115410328137
175,4,-0.04048315934955152,0.01899924210246271,-0.01887522120334891
175,5,0.01000886444930929,0.04906874221800311,0.09056717554542643
175,6,-0.06650711806413195,-0.03139695311561599,-0.034248313202198774
175,7,-0.03206852502073334,-0.06212260787132405,-0.07927681555796232
175,8,0.0074309017269468675,0.03702270196386125,0.05703976082527805
175,9,-0.03208650981352838,0.003940659053167772,-0.04304560045796112
175,10,0.08149722869925355,-0.006908921701417044,0.000897653421672979
175,11,0.022676114268806793,0.0017185838140702017,0.01876715569259633
175,12,0.006080740212970023,-0.008554136476038055,-0.026281541677301873
175,13,0.05951415674607499,0.05376089376272178,0.0788811557973218
175,14,0.005488321621263969,-0.004616991143337601,0.005373894307302791
175,15,0.030480619104742236,-0.01795687493695642,-0.0474100861470841
175,16,0.05141407497025419,0.012752595715724225,0.006385363996568751
175,17,-0.0263358895953285,-0.062130568360517925,-0.048402424214831055
175,18,-0.007066398821488516,-0.023883709846604817,0.007941866012954126
175,19,-0.03237044439653105,-0.020416798510593862,-0.03633958113869396
175,20,-0.06480908618930564,-0.0005045086269683863,0.001056390279889895
175,21,0.07834795460265664,0.14288285041338508,0.14038486806505154
175,22,0.03032213082954848,0.09453667889890094,0.0661810318096238
175,23,0.03568695227269198,-0.008203616017713964,-0.00923957024289978
175,24,-0.03275630227504413,-0.0037578366665338174,0.012466828095796807
175,25,0.010490325172481003,0.018174866366145997,0.010574906942282193
175,26,-0.04507439921617109,0.06991622256638239,0.08650634999822752
175,27,-0.0033783246060049683,-0.042796770993076674,-0.05277775201693864
175,28,0.01967160478149585,-0.048004223896045486,-0.06771204156212644
175,29,0.025895009112582534,-0.02307088311016794,-0.02838013645794434
175,30,0.019647345835847915,0.07911173044989056,0.05562114736150514
176,1,0.02374552885918596,-0.03724722045390143,-0.058936391024743455
176,2,0.08116902277320259,-0.002491525752237049,-0.00412705200098896
176,3,0.006610329659292573,-0.03239306236062065,-0.05352356800110815
176,4,0.1041297510291872,-0.005042638513483408,0.028399312023348507
176,5,-0.04404772070199873,0.025754009280729625,0.025854485576087445
176,6,0.06183470617845749,0.012008897453637672,0.016123398838492543
176,7,0.04686151502031294,-0.010234297479574453,0.01015152154097779
176,8,0.06899549743920626,0.03384189614859175,0.04247047814398765
176,9,0.0071778361217150494,-0.037452556193467,-0.023451603853305945
176,10,0.020424542056916108,0.004728540635528697,0.010929582176576172
176,11,-0.010615164190090136,-0.026192443870385676,-0.04194272121225182
176,12,-0.018083734825910733,-0.06759244172146092,-0.030849623548063778
176,13,-0.015821827134930196,0.020583386157543834,-0.014164676953613745
176,14,-0.044769112408850516,-0.044486568519896956,-0.05614421782862269
176,15,0.015639649168708122,-0.008365550457756507,0.062478824165660585
176,16,0.007734750769285179,-0.08242068006027742,-0.08430843797927079
176,17,0.0055015962104826,-0.026862340899232683,-0.01360588798058357
176,18,0.009248251392398744,0.025672978555492637,0.02218093162444908
176,19,0.05882148313483558,0.0036431640174289432,-0.023039774088582377
176,20,-0.05555029383060388,0.08376253988655624,0.072959756873577
176,21,-0.03714897401207127,0.010959515886938439,-0.01165921454264868
176,22,-0.012519225732853256,-0.00718696672703878,-0.03197723187498321
176,23,0.07029164769413666,0.019892346834295218,0.027187863054274123
176,24,-0.0005758916753019449,0.00048468367193615854,-0.043433823069066096
176,25,0.05557150076157739,0.04243523616094618,0.04755752624230021
176,26,0.0069076689446635154,0.01449370774007567,0.010963838536741646
176,27,-0.006735317014437884,0.004170247119068231,-0.00735902407608481
176,28,-0.08032826760631938,0.08588956083003549,0.05323480527841489
176,29,0.003321592641271102,-0.08407281484204168,-0.043220888278703254
176,30,0.03791182313187643,-0.004811624450496768,-0.00799138185433069
177,1,0.09136335299291665,-0.0017084367045544333,0.027003655774776904
177,2,0.04319731035559065,0.04022170254081076,0.07071516735025038
177,3,0.06230646172227667,-0.0337617960396794,-0.030556892750722958
177,4,0.13472176931990085,-0.03899262526389462,-0.05168116869625929
177,5,0.06376171635868899,-0.010383968751749423,0.008395174796697553
177,6,0.01461060057278113,0.03897116153860364,0.01573259995321298
177,7,0.0202176189997996,-0.039067144608359486,-0.033613825709611495
177,8,0.023366738013184854,-0.04727800475718885,-0.046169487953787273
177,9,0.028763245833538988,-0.038243637711623424,-0.05180761086217714
177,10,0.04341845999694702,0.07799166974153528,0.12454121248343533
177,11,0.020909438985483753,-0.03924921028949349,-0.05865597228194585
177,12,0.03182780466995226,0.010565096590491714,0.01967772257870804
177,13,-0.018041979721206993,-0.055232176107029254,-0.0455974808161254
177,14,-0.01755009996185837,0.023580501446175742,0.0036971326950448985
177,15,-0.0899345291643777,-0.05369883068875498,-0.025244187975917123
177,16,-0.005164552988751956,0.04981583017445511,0.04502025254039325
177,17,-0.0027887349765990683,0.005015498545938076,0.05045542983721252
177,18,-0.05732520591754648,-0.011700538676042248,-0.024075890793433457
177,19,-0.025249408609356424,-0.03219114976140896,-0.01928377185228993
177,20,0.0038533647791977915,-0.058738089288891335,-0.04725033106437405
177,21,-0.002056339566547424,-0.07273272504769511,-0.0538601452751213
177,22,0.009214133715894988,-0.03767654460536908,-0.02414880257162247
177,23,0.03326062139576327,0.007912436312377853,-0.02539051479817224
177,24,0.09431585512413361,0.07598504961466246,0.042360684037008246
177,25,0.057865021697796795,-0.0573567126736882,-0.07720528261814757
177,26,-0.0057855429270865675,0.029433715635397557,0.015176994069496333
177,27,-0.009260411386183418,-0.02771465796170374,-0.010665224684099873
177,28,0.07236270678962921,0.052345196394104634,0.02764611018043915
177,29,0.02264830731898437,-0.07010483247248642,-0.07331578891512536
177,30,0.005950291352797252,0.04007502325161141,0.0107035021297201
178,1,0.06714315919359198,-0.034273366810113094,-0.03434457693349225
178,2,0.055481174345295814,0.022356762836885324,-0.007883761509062033
178,3,-0.017380526666883014,-0.04397328780979049,-0.014447625627614665
178,4,-0.05078069760128393,-0.05661921643818011,-0.04722569528741876
178,5,-0.023055548495788385,-0.02864052666719836,-0.022257185846701548
178,6,-0.013238505080152538,0.04108173017200124,0.048626015883385616
178,7,0.05610519565665961,-0.03456484144572528,-0.024032586916362137
178,8,-0.008267681865531496,-0.0026252601967483745,-0.018628920508273153
178,9,0.007436282364461244,-0.00013377300129600417,0.01319617528911725
178,10,-0.03672210058370223,-0.023869425558683093,-0.03196401611099012
178,11,0.033447625155761065,0.010492225295352845,-0.00010082223918099408
178,12,0.024601807181017045,-0.011975743715790582,-0.01651724071905307
178,13,-0.12230131422719599,0.06504935806615923,0.0673891850758479
178,14,-0.12871068216598974,-0.03681896422052251,-0.01907087367711297
178,15,-0.06975641716234625,-0.003696920217936986,-0.03427983507882714
178,16,-0.05546612121858173,-0.03328378779180421,-0.04068892464039443
178,17,0.030169169365877307,-0.04123928633972653,-0.0021633475728109175
178,18,0.05099345490161849,-0.044873692728660715,-0.05007801580918646
178,19,-0.011686290424473987,0.05622349670184207,0.04912112093110113
178,20,0.059039587249993905,-0.06530138227086442,-0.05128058689647936
178,21,0.018729666399516544,0.0474456960909562,0.029205072103211042
178,22,-0.02565624614041905,-0.006637214103236145,-0.009791844098145416
178,23,0.027442042770013223,-0.05306350660815755,-0.009521988998630772
178,24,-0.09382090137461832,0.029479862446307764,0.01595712902794186
178,25,-0.04167650361844164,-0.08463952301043269,-0.10080021518100911
178,26,-0.010884043206534475,0.0701837340786836,0.11036696859606214
178,27,-0.011253377250724277,0.05550519608899631,0.04749707244985709
178,28,0.10343174109974046,0.037248222453311365,0.022112013023471367
178,29,-0.00043631627740279525,-0.0001438576414268859,0.012231826762147327
178,30,-0.010831374547312169,-0.07149679073630444,-0.05833580972721254
179,1,-0.016511466723052093,-0.04092479460420958,-0.00841269657751799
179,2,-0.008638894236388441,0.012097709297440761,-0.011437000897154421
179,3,0.04686956527210008,0.09562811651764666,0.09446117172499988
179,4,0.03188144957684081,0.016320462619008734,0.01685955010950553
179,5,-0.029267398719142836,0.00993947412398878,-0.008394340047170221
179,6,-0.03765542301332643,-0.03007028451343742,-0.00734544768972055
179,7,-0.006777513984440528,-0.02973320100815658,-0.027203759506951555
179,8,-0.04446688283649097,0.06391259967430941,0.03995195219866705
179,9,0.06301170569955958,-0.05806745907089353,-0.031394494814798564
179,10,-0.08918775468625902,0.025424286871249386,0.03313231305691028
179,11,-0.02966220217000931,0.0750111657571611,0.02491149963763156
179,12,0.0838656118660766,-0.04445533288117417,-0.008227074145803278
179,13,-0.0021500035562163292,-0.013604541472990601,0.007536847094956511
179,14,-0.012170312798548655,-0.03217961800376532,-0.04298758723775247
179,15,-0.04488525345987112,-0.019442606673775807,0.01751169332816722
179,16,-0.0035166784406757117,-0.05393722740066329,-0.029324862866787236
179,17,-0.02046856108424352,0.03682770284251764,0.02924154810835964
179,18,0.13584857077994447,-0.06694880922785518,-0.017876139565689918
179,19,-0.08185827798064696,0.0034161133097897335,-0.03214832038612187
179,20,-0.062139153190146734,-0.03194789781101298,-0.04723209033367079
179,21,0.0260692727590929,-0.07168063945126288,-0.060878845044158726
179,22,0.03029980810674708,0.0371088209371474,0.015891799930004422
179,23,-0.04287261436244982,-0.02483092330879314,-0.044906455037842706
179,24,-0.011102869933509273,-0.06309454462330719,-0.07387025605394798
179,25,0.05895755399911151,0.050398302792314935,0.0845950055426567
179,26,-0.03602441406110838,0.05310543286675314,0.07694729204525469
179,27,-0.006861593006639859,-0.0021991118492062606,-0.04062756312264785
179,28,-0.05848175735979541,0.05716432969351384,0.01117451104629459
179,29,0.007391024047546739,-0.03320562344277394,-0.04759765627526171
179,30,0.10018373334430788,0.025286639338664006,0.009581106128860449
180,1,0.061709838567686456,0.03825022715410298,0.02739250853347843
180,2,-0.058501913047367786,-0.016079484274004744,-0.027058253469202244
180,3,0.060374660224292505,0.0033448198816726847,-0.0004965664878456017
180,4,-0.02957652013129388,-0.0035344048452987382,-0.0011038476806416262
180,5,-0.018748530444665377,0.1151778487662199,0.09948867954022567
180,6,0.08327236692341036,-0.01638439637950546,-0.029207147401292335
180,7,0.022645844784935063,0.04340019386337658,0.02753467259747071
180,8,0.004855215074020549,-0.03181430199650299,-0.04484899442203907
180,9,-0.007618278392733684,-0.04639451982254003,-0.056316913365941516
180,10,0.03565080136974037,0.0644516431444633,0.06558357754224348
180,11,0.004206146882112185,-0.012864279065849903,0.0019669401903604504
180,12,-0.0830602890640806,-0.019349107264195437,-0.0310228358280465
180,13,0.0048141728405454495,0.011135443827199828,0.011429695776862503
180,14,-0.055824227530621454,-0.004152693965890914,-0.025922295469274208
180,15,-0.0071255072616189675,0.07366137484222197,0.0561083623981023
180,16,0.026200935989821705,0.010622122487303777,0.04616388022905299
180,17,0.060457098065386114,-0.022062765822232464,-0.017644959457455266
180,18,0.0034771378043706963,0.08057828264667756,0.09953374953875083
180,19,0.002184437174738627,0.08371980748867629,0.06328414328730093
180,20,0.045533346567383906,0.07150647130590988,0.042832894660398795
180,21,0.06457318773456723,-0.07073819043862428,-0.034673945135208675
180,22,0.04734586424767463,-0.04912657643112452,-0.06417105927763807
180,23,0.015157115428715076,-0.05265656460500199,-0.06226454545958855
180,24,-0.01947350225105987,-0.07707189844220527,-0.0629654901481323
180,25,-0.022607476411821606,0.01142480837706487,0.024218666838985565
180,26,0.03707641021520469,-0.04095060785096034,-0.024954110631295774
180,27,0.082463440061875,0.02819579007537012,-0.001199387590441042
180,28,-0.015817727405616468,-0.04874671440371784,-0.04607044690503715
180,29,-0.0010469187582545967,0.027862949829714604,0.00016557176690106654
180,30,-0.02686752341925999,-0.06846642554766662,-0.06093333537864766
181,1,0.06308735883846371,-0.03993623682939199,-0.030309232246281455
181,2,0.07037028440075162,0.006956089071123925,-0.003046056937078321
181,3,-0.07360614063580746,-0.03620146041494242,-0.04161113981928415
181,4,-0.04222888932940795,0.0817190377159356,0.11556640736236691
181,5,0.019215257992571278,-0.005309855500269069,-0.015116448929473676
181,6,-0.04900451494197677,-0.02002261268450695,-0.028555918190464085
181,7,0.0007042183396170934,0.02884645052350203,0.01306521620974735
181,8,0.0756165087776929,-0.008631657499944989,-0.01654352967091358
181,9,0.04427577435989651,-0.07880207823440732,-0.04189408386437543
181,10,0.07927395855055973,0.022407170001128872,0.024420694024893722
181,11,-0.034238424387585474,-0.042674847887915236,-0.022767443962298083
181,12,0.001761819007859922,-0.05822987255890882,-0.058601748743363
181,13,0.04756385836879487,0.062274921129959394,0.025847421550586554
181,14,0.005090462201510683,-0.024464431012441647,-0.011285209313618979
181,15,0.0258434715169168,-0.012075936159065544,-0.0338583088271268
181,16,-0.009481291057879709,-0.062171305783115596,-0.03369376845896548
181,17,-0.008020544168656604,0.013906087872339781,-0.007238453286521313
181,18,-0.03829092325916536,-0.04539272120021107,-0.04770500747149547
181,19,0.005492728395402506,0.029123444493135198,0.00455423300483227
181,20,-0.05801542425542913,0.03765136784666146,0.04752937104424572
181,21,0.008975216252306016,0.05356142784326448,0.0550884739759968
181,22,-0.030735763300861144,-0.026013422060703742,-0.030020762895061923
181,23,0.020377180556223694,-0.055955891202695646,-0.05158789561405542
181,24,-0.02145718085152736,0.015067743134431053,0.061725670188402824
181,25,0.032572175593470885,-0.041434693913652905,-0.056291976872328946
181,26,0.012182541394895679,0.034723431416222826,0.026291190675295364
181,27,0.08956631294648754,-0.06677713455794576,-0.07298815810400985
181,28,0.032335080315774124,0.003422808188311088,2.2281254700835396e-05
181,29,0.049649621230507944,-0.06825183606045276,-0.0581942738954134
181,30,-0.06966375318686498,0.03069543216345366,0.013723492780979568
182,1,0.0485356538776692,0.044170378176315736,0.005569806717481398
182,2,0.007532171955309335,0.020789336899818496,0.0011967035497570415
182,3,-0.046949056455056405,-0.06582518509367716,-0.0645848280867348
182,4,0.0326921954042251,0.013692664866290524,-0.008329356029889585
182,5,-0.09272238520359813,0.05133511713029958,0.05239347607492229
182,6,0.02704439339477387,-0.01935215756750634,-0.022187053227277098
182,7,-0.039142174892750646,0.046698167288216866,0.08773519257872982
182,8,0.01420831452174417,-0.010943920427803091,-0.002615930859797844
182,9,-0.04304145652907996,-0.07908045077707056,-0.06508120451957954
182,10,0.027512602241672256,0.000642959165354635,0.014785840060709435
182,11,-0.049736631568420696,-0.017386597638017757,-0.047194160514917656
182,12,-0.0015961244193901341,0.05427336528381142,0.05737391788255309
182,13,-0.009621699094862829,0.02717487099771477,-0.008158074435667973
182,14,0.07387509807115729,-0.11941662068840579,-0.12175222120439752
182,15,0.015534588026861298,0.00015619085520670513,0.047047029293924326
182,16,-0.013598972053052993,0.023221389996446695,0.012085692870778562
182,17,0.006688534496612268,-0.006592905773787974,0.00872141952069718
182,18,0.04562922628861194,0.048088045614901195,0.0010027884635282994
182,19,0.03655464122460379,-0.06636601503919924,-0.033982736502240776
182,20,-0.005772850898767334,0.05641895489798708,0.10972395996122708
182,21,-0.03786621848951933,0.013487282466648733,0.01909182888958218
182,22,-0.05967371312867919,-0.011745869339912207,0.025157782041105834
182,23,-0.0037950771910650084,-0.0441698758794297,-0.04188843302013779
182,24,-0.026148295574159656,-0.01937340609293901,0.0023176097191189783
182,25,-0.024045137935610417,0.06631632867923136,0.14752716381302403
182,26,0.016911927717673022,-0.006627023752356569,-0.02723280511386426
182,27,0.0448406777153926,0.010047970470607114,0.020290769139838898
182,28,-0.08729373014997792,0.03991070129726076,0.07266025012173118
182,29,-0.049637635351801566,0.021690152801786503,0.0038461356560987314
182,30,-0.05308471415152537,0.0866686617232229,0.12120182852804515
183,1,0.015773747960853114,-0.061301130718616224,-0.0494915625627994
183,2,-0.014330369910841786,0.016046340143569857,0.01497103442780008
183,3,0.04569362395263967,0.06053004063393875,0.0642614513295223
183,4,0.01681275811337667,-0.052479020871387755,-0.053001750677137395
183,5,0.00480907901715104,0.04461279560471484,0.012745175439017643
183,6,0.038798186437584745,-0.004891487054957282,-0.0019745316968659125
183,7,-0.047331896252358154,0.0469932565106516,0.024775839242063676
183,8,0.07375703039333548,-0.0312414454331738,-0.01196150143051543
183,9,-0.02143256418174347,-0.03074777609274056,-0.05664383802885536
183,10,0.04116349172514005,0.04301550012738388,0.060314204638693
183,11,0.0036851789763833694,-0.06013605038991452,-0.05302764479517398
183,12,0.01984219871099171,-0.012085034207000753,-0.013088318766425622
183,13,0.009016574974811632,0.09244477184689838,0.07251153789507343
183,14,0.030460692449981227,-0.01807263368087876,-0.04754620827820777
183,15,-0.008873622272450482,0.01679894324255493,-0.036795253561747475
183,16,-0.02473886817206372,-0.07221744937403546,-0.06257029329047048
183,17,-0.03137108153278864,-0.040599100229567246,-0.04169837013921818
183,18,-0.011687271313023525,0.04176440590531315,0.04300500214155575
183,19,0.03499817340417994,0.0719550151672187,0.09315518925938496
183,20,-0.05940998404590702,0.049484922031459655,0.09352918458194363
183,21,0.017553440648278986,-0.09018821781125329,-0.09377065971283664
183,22,0.10081712199345202,0.025882805243123582,0.022214705232772695
183,23,-0.014610683208050127,-0.0067407795953169725,0.012729138454742694
183,24,-0.06019865827015473,0.026690105231609383,-0.006969509235292663
183,25,-3.7675778257338e-06,-0.04051779600554476,-0.04045513301777005
183,26,-0.05492652302898786,0.009799597420893542,-0.01505673949463403
183,27,-0.023468821508930707,-0.0013236300272451765,-0.00039692201816885083
183,28,0.006729963277993627,0.011915822667606223,0.0187457701675245
183,29,-0.07106809836225247,-0.022949268449812724,-0.0006415633218087929
183,30,0.012294921492446508,0.0720528631812519,0.06401366646156058
184,1,-0.01873996782520952,0.03885673048069028,0.06828844916904668
184,2,-0.02063406920453031,0.0035708846798120472,0.02239124059623836
184,3,0.02252385024169434,-0.11902498006833888,-0.13320183990127737
184,4,-0.04940980641041245,-0.00815437697607756,-0.0496140676421471
184,5,0.06603850407004488,-0.031336260349728445,-0.015763486960260555
184,6,-0.000301975139862404,-0.07568260369767536,-0.06713580751274262
184,7,0.03345045200696647,-0.03372444725328905,0.0003695887281392883
184,8,-0.024651147726652597,-0.025030651367323957,-0.029210174916503857
184,9,0.06414253712831594,0.08233197752561218,0.0724651658164175
184,10,-0.03002191794802954,0.007664523415871646,-0.02375349611123207
184,11,-0.0008022024177879107,-0.026309788997002776,-0.03024172193382636
184,12,-0.048710748645129524,-0.034183227291091044,-0.05203872048413792
184,13,-0.021527649399009443,0.03427483349656532,0.01883443298753692
184,14,0.080681455792332,0.009937393025387254,0.002672009066855233
184,15,-0.0837569346395257,-0.0007932410022567743,0.002931888438772769
184,16,0.005886741482467155,-0.023169084767416102,-0.03292076878322987
184,17,0.0413799758287852,-0.02919207714218098,0.011933558330034464
184,18,-0.006978211456270238,0.03002313942978875,0.03169206215667797
184,19,-0.09055261168119813,0.011319879188050917,0.0343277756333367
184,20,-0.02121124983059337,-0.03983511839693791,-0.057307800683437424
184,21,-0.03195305090006883,0.018029965976782397,0.016926240631792194
184,22,0.02577796664149534,-0.014956252565710393,-0.04719601078278806
184,23,-0.01342557133413025,0.05883269836747894,0.04032675087591454
184,24,-0.03881372612712048,0.05756057549772691,0.03747493587746493
184,25,-0.04809547022392687,0.016031361911855082,0.03666396011467342
184,26,0.0020236242934804733,0.015555446381122573,0.037095587116702494
184,27,-0.0697039105857538,0.03971162783507977,0.021063355235467717
184,28,0.018144023423066643,-0.00876439591353201,0.010611997949258446
184,29,-0.01576783491225063,-0.06548726510222819,-0.08310985974006183
184,30,-0.03821616481911131,-0.02347564248801327,-0.012681121401620305
185,1,-0.027495211734945905,-0.025477286644370923,-0.005300809979016925
185,2,0.016474005738060606,0.019349778583258367,0.022853747592104366
185,3,-0.024612455193753286,-0.05303358908424479,-0.021951491712454176
185,4,0.06494851220960673,-0.018486699431411673,0.00732407860239891
185,5,-0.017045423414704206,0.017952827284946887,-0.008822923765512632
185,6,-0.02825278256658314,0.06641248672276383,0.05282175147351136
185,7,0.0343632144807933,0.03630810178160846,0.04141335644524902
185,8,-0.02698862670459629,-0.008624037026750962,-0.01573210436237341
185,9,-0.07075411405067866,0.0015105252186948393,0.00034490966671051466
185,10,-0.006877285089756539,0.03214758848871462,0.04122145874073628
185,11,-0.019510133177833677,0.014343912186668781,0.005315177338986239
185,12,-0.01046589342291662,-0.025503142609757598,0.003951677159151638
185,13,-0.05897308792774151,0.0017499335181960973,-0.012714736332286794
185,14,-0.022646387672453694,-0.06043150130900052,-0.05123280970582693
185,15,0.017599584499142385,-0.012234521507727318,0.007978129417888826
185,16,-0.018279098710494927,0.07665941072092447,0.10092500543493037
185,17,-0.03771177980226323,-0.0666759977089816,-0.058135427279515046
185,18,-0.02054587199778096,0.045320587907510756,0.027957600744716687
185,19,0.003203263957158336,-0.06369204618481344,-0.07185072245794906
185,20,-0.004159903534187906,0.0628077513043342,0.03844345251330796
185,21,-0.04464937045782192,-0.05284993962382938,-0.04544586549515301
185,22,-0.08624460340353775,-0.015140172418598042,0.024587441316880617
185,23,0.062075652168716536,-0.016220284689959442,-0.04621673964507551
185,24,-0.0015450022911436682,0.002072533261460528,-0.020424487503400104
185,25,0.02842332685841711,0.011706991427546366,-0.02451679306355738
185,26,-0.0059664567810222115,0.013311576213240296,0.03006039533091882
185,27,0.039279376273312946,-0.015509188702413733,-0.03384816727035012
185,28,-0.0442934068823927,0.0017201637790044406,-0.026328515885234636
185,29,0.009553690778581175,0.03435888834842319,0.05904646353573636
185,30,0.0059371549898762045,-0.0481096886520095,-0.03436876793797134
186,1,0.08836169169773543,0.077700639148351,0.09764818042305852
186,2,0.02869129399003328,0.01051583060584573,0.045202121246196415
186,3,0.00600629611054601,0.0991141474503525,0.04948637490959117
186,4,-0.029781120288296034,0.000858088714870518,-0.04401910408898294
186,5,0.04420423364461995,-0.08043562556040806,-0.08515820058070524
186,6,0.049061016152315264,-0.027622947099939274,0.006168085454802468
186,7,0.034865809646162385,-0.026148543478027034,0.000746849781603003
186,8,0.04072863464610138,-0.014713703981199543,0.07479963369936574
186,9,0.05862320259306473,0.056690226121773386,0.12168207932143107
186,10,-0.025389967485585533,-0.0005997127916748856,0.04380174357815652
186,11,0.017343582732799654,-0.03207474302328796,-0.024878455150152613
186,12,0.025351048495319647,0.0281299307573548,0.022198320969325863
186,13,0.053582408566348994,-0.0338319600443717,-0.026298459901636446
186,14,-0.014908403517598794,-0.05464246985680057,-0.051371913776505684
186,15,0.014850595922335159,-0.042804774255009316,-0.03819412057462016
186,16,-0.01245334653420813,0.005359013227566924,0.014979359730818646
186,17,0.02722239012190867,-0.03594392028152499,-0.02529912126305489
186,18,-0.0109779738717453,-0.01713378269394974,0.01715493937131683
186,19,0.005994394511958689,-0.017723971075533744,0.0036028409156639604
186,20,0.023049514452429008,-0.006450129343601057,-0.028628820398632963
186,21,0.011400764854482019,-0.0067950955619598815,-0.0031182576734465036
186,22,-0.04594775258618037,-0.025976061299273816,-0.02832286289415873
186,23,0.01909773448617694,0.011997171347714754,0.04286955205967115
186,24,0.008827756303144953,-0.030646049842540775,0.014536786491115266
186,25,0.02388486296326074,-0.017538924726437397,-0.0007759367220483136
186,26,0.10276612354444746,-0.04010578500846214,-0.019393297959272256
186,27,0.08710586085115418,-0.04189981935832076,-0.04820430569897203
186,28,-0.06892700245854756,-0.10670415701413415,-0.11063764560120587
186,29,-0.028686546917820823,-0.00019697938359189394,-0.007884575350205645
186,30,-0.00414495425250514,0.013216700448018391,0.006409899062202653
187,1,0.0263594375619858,-0.04839014877987234,-0.022738375998047265
187,2,0.01973590908682848,-0.0922777883752311,-0.09961381678560399
187,3,-0.0050820339446240505,-0.045200248169581306,-0.030454751358548166
187,4,-0.012676337980407014,0.06407789182015926,0.022916047011195515
187,5,-0.006109102860612658,0.02971102520268252,0.08800991087905805
187,6,-0.05854284195868108,-0.008214164632395231,-0.0015861408826193728
187,7,0.05914835782137756,-0.04861734236021028,-0.056206009434634274
187,8,-0.023643093499141017,-0.020869467914706334,-0.03913260021355645
187,9,-0.008065158996004131,0.009967092250108993,0.01672066454735882
187,10,0.05584487067198372,-0.04277855601857938,-0.05534031247875495
187,11,-0.049586459022647716,0.005390271651481324,0.011441526656050133
187,12,-0.0080483631224736,-0.007537499665098173,-0.019060980696773314
187,13,0.02691194184829206,-0.021778438244170074,-0.0380511551033096
187,14,-0.04015732003934964,0.007371614094404986,0.00954083422054808
187,15,-0.009007349770596085,0.04936489777524067,0.015922681996038926
187,16,0.018372840447697363,-0.025383321783451682,-0.0313810315213292
187,17,0.09335672792233347,-1.098570379530152e-05,-0.00026132151403706765
187,18,0.04367724615176441,0.02458682976848849,-0.010892315699165477
187,19,0.01170934392226808,0.014768764591914698,-0.013041519601957286
187,20,-0.017078874236718403,0.0533523086086752,0.05144934844708679
187,21,-0.056150856534610265,0.021859167282634623,0.028869579422636342
187,22,-0.015059782350297559,0.0023157936668555344,0.013333963802739875
187,23,-0.005788657398488367,-0.07818101219271466,-0.0685128636620651
187,24,-0.01895077782901047,0.028953082174417926,0.0162170368031395
187,25,-0.027458914516050783,0.024128439663870228,-0.00784862328546444
187,26,-0.0316197433719872,-0.010407580917107083,-0.033023477173101716
187,27,0.08120096302169151,-0.10828106164299088,-0.1044082466574458
187,28,-0.06776571281800876,0.0019281124394021677,-0.0396827383995224
187,29,-0.05958716282298034,-0.015742082270195308,-0.028593883484920864
187,30,0.005404844441722541,-0.002085846918404456,-0.004602508994225244
188,1,0.011078958456630516,-0.11357708652060511,-0.11862145812264618
188,2,0.0625001727756862,-0.007306765617490856,0.0015740063148299863
188,3,0.0014751958886624072,0.01719985999879847,0.017857493785535267
188,4,-0.0013309394992618098,-0.011590641004772974,0.00790877325885402
188,5,0.0012860213025492257,0.012091199581830012,0.04601121523983869
188,6,0.06051178076463376,-0.01292629375198517,-0.022756374193152084
188,7,-0.023630745135881794,-0.00958426933705597,-0.006404408713055571
188,8,0.007395593737339474,0.0007301724831037939,-0.003618992908746885
188,9,0.025744065556666005,0.05875435667542548,0.022167914771487898
188,10,0.05626348128089844,-0.03653229584666783,-0.05399963503019533
188,11,-0.021661774505586442,0.04994680757794986,0.04689640693329477
188,12,-0.014942310423305934,-0.07855696090069078,-0.07981321304135479
188,13,0.0003914102733979824,0.044730749378884466,0.05991628878333559
188,14,-0.04341217999731098,0.004406160421699346,0.00999839020552199
188,15,-0.04738762829149468,-0.011017890242194536,-0.011725670764111813
188,16,-0.08604738959412257,-0.056828903007300216,-0.04589138068104764
188,17,-0.023246364179871866,-0.032676738563749655,-0.007214688760223416
188,18,-0.06190722705433248,0.040268916889377136,0.02217759726743841
188,19,-0.048888761222856125,-0.01891902706170866,-0.028854810559417556
188,20,-0.07936606680259797,0.06949965146408929,0.05987416663766969
188,21,0.08447078618728358,0.040129097661497214,0.020434763520659555
188,22,-0.059580454002974535,-0.05469786432776159,-0.035458235498000874
188,23,0.029470333097067144,0.038019335244435015,0.06100733179575023
188,24,-0.06369673415575137,0.0271653179910928,0.030472804604914167
188,25,-0.041033953905563234,0.004560909883353052,-0.0007823676493808494
188,26,-0.03198604759341638,0.009475156395007494,0.018272111618048772
188,27,0.0037908316804050666,-0.005997208105056783,-0.01870503418115642
188,28,0.026715770160917005,0.01053307104928689,-0.026862127563198907
188,29,0.010869513217529572,0.06901874133586244,0.04942210075560099
188,30,0.011245711789939761,-0.04687912051531768,-0.0005285598679521336
189,1,0.05525125261708915,0.028649792148278924,0.012417628626758947
189,2,-0.012799674748984783,0.05923578553654541,0.07659723731688306
189,3,0.016474827903188462,0.08525224325659186,0.04622774532983759
189,4,0.006979950705824141,-0.008850318921978474,-0.013938921158039684
189,5,-0.000820600257963621,-0.06170868931213929,-0.05776437273092513
189,6,0.00977961266402185,-0.08107746738291494,-0.09080953011723221
189,7,-0.020889699661131623,-0.004948320837462704,-0.0032951596784431105
189,8,0.018121541479347286,-0.019443872165664417,-0.02639306382809936
189,9,-0.033006099397259556,0.0011306160189478872,0.015542296653876794
189,10,-0.008869869506269503,-0.06206515440840508,-0.052998206271872884
189,11,0.052836405851011674,-0.024298936957731613,-0.03522323829632092
189,12,0.021622454363933875,-0.06611072998875166,-0.053369810515086
189,13,-0.015072108996364937,-0.0667916508748807,-0.06186832212386944
189,14,-0.0787696753476651,0.06403128103463915,0.04734735482850005
189,15,0.002455589173646126,0.0972675069847724,0.10461394411659188
189,16,4.658337367109773e-05,-0.029123590405466675,-0.06980249103167475
189,17,-0.010418065866679154,0.04747558290961807,0.054702769330492916
189,18,-0.007227892715816765,0.07407154016519349,0.07429967891517687
189,19,-0.03484714218490418,0.011898111836819278,0.030953266097190072
189,20,0.007311618154348842,0.04765160134861624,0.035098301179430955
189,21,0.10807415361755951,0.05683953926866471,0.06456614152460304
189,22,0.043392557230714765,-0.052263512764529285,-0.059689709850754925
189,23,0.015961794127124073,0.022280202927777305,-0.019109372207431603
189,24,0.07218418356636583,-0.04861883950990686,-0.04914323539958908
189,25,0.12511192450380582,-0.008058049822855927,0.002053906823488608
189,26,0.019119318835202202,-0.03338520687691425,-0.012178093716673215
189,27,-0.027966258521932352,-0.07292584069732135,-0.08641880490301007
189,28,0.020371509730228363,-0.024165559365760186,-0.017226484816013684
189,29,-0.0606596662936255,0.07288492701950847,0.058827625376207254
189,30,0.08543038882088895,0.01859466642955348,-0.025910045522218417
190,1,0.12491851658157702,0.054262829062790625,0.03541920186844033
190,2,0.04225891124041831,0.03599085336511186,0.02583863231126644
190,3,0.02566432394787025,-0.14733269209475625,-0.13490555016777434
190,4,-0.06924847099455785,0.031453358858367406,0.01746238831293863
190,5,-0.05887849753018844,0.026043842700179173,0.007983840533356688
190,6,0.02300995569566958,0.06772157663754948,0.08199701517362817
190,7,-0.07835196372564242,0.017194700741062757,0.008392644412575083
190,8,-0.06902794323737645,-0.050353152157736225,-0.052552414370068336
190,9,-0.009751556636168238,-0.053746648890822715,-0.015607209451912612
190,10,-0.022444767375797536,-0.052335983548716096,-0.06366923179934267
190,11,0.08012465298585471,0.051186182263886736,0.034856855040888264
190,12,-0.010277172761460526,0.015928827701857103,-0.003978847672075021
190,13,0.0077261855535811766,-0.011435372368611972,-0.0011855422152584785
190,14,0.0914750574293913,0.015650651030182556,-0.0017340852284514088
190,15,0.010590989696690301,0.05815981404599697,0.08175647215026759
190,16,-0.0009089176381369785,-0.04267217036130521,-0.033235730339738964
190,17,0.048860981146840336,0.04613951400883982,0.02689150496383189
190,18,-0.019736935797600667,0.04639434780141784,0.027509387385463005
190,19,-0.04974841059772823,0.038520195913593645,0.036999276063990526
190,20,-0.0054892297951726395,-0.036640210848367105,-0.040239307454948234
190,21,0.04797741335766878,0.033364482714851526,0.032956621644915515
190,22,0.024253360078387375,-0.033733009013400185,-0.042563211162503556
190,23,0.04055271530969574,0.06846107477071489,0.045235630277541475
190,24,-0.0031158160061818584,0.01285707643858664,0.01528232505648582
190,25,0.07300072549534868,0.06645879695414714,0.031174875990079218
190,26,0.07989301781428326,0.03411157631342938,-0.0022079893584868
190,27,-0.01226614516452139,-0.047384269508200245,-0.0013901651709136342
190,28,-0.027378771087200885,-0.027090025991810446,-0.051358809292060485
190,29,-0.08110007956515301,-0.030725508045388095,-0.030430848871307332
190,30,-0.04331141836907403,0.08786348661859944,0.055658393282528175
191,1,-0.01238310532383661,0.04796423458789977,0.020092745133127737
191,2,0.08943194041271167,0.0040481979625675,0.0060791194783091996
191,3,-0.021261343491137074,-0.008528881734602598,-0.02781315163311495
191,4,0.06630695225506629,0.017984151076474816,0.015491607166566517
191,5,-0.006232771388347979,0.07353262612607295,0.07214058492588224
191,6,-0.08200799503361103,-0.0014069945391406052,-0.002374116653039317
191,7,-0.009939725066808298,-0.036653236740459234,-0.009008853217674726
191,8,-0.021355648529457236,-0.05334931738880794,-0.04141925796227263
191,9,-0.041945577292089024,0.019558119667326162,0.01128946099273028
191,10,-0.034805366213814456,0.020921195566907726,0.021965397083281196
191,11,-0.04815420043041868,0.014810191681152197,0.038928736187138616
191,12,0.02971975019293925,-0.05226771974464389,-0.03457222204377178
191,13,0.0380382411868017,-0.02352028661666041,-0.03630818708888919
191,14,-0.012382862546049311,-0.017792515014559883,0.0009126066024025167
191,15,0.000999156134907204,-0.04115086087608236,-0.032528287463108506
191,16,0.030190777698127738,-0.06708730176318368,-0.07782529307738971
191,17,0.10742377399905094,-0.010801382282474311,-0.026031953047251994
191,18,-0.0366849751269286,-0.009782091319944201,-0.022223991717331214
191,19,0.09000475430864151,0.022167757489319408,0.018300361043583513
191,20,0.04231797212018073,0.01034975552056301,0.003860045131870886
191,21,-0.0482158269154647,0.02825838606540454,0.031927193182546144
191,22,0.06853499000966312,-0.018521084462680887,-0.01900690130523999
191,23,-0.022269516414348843,0.0027198947341273956,0.01824860832886904
191,24,-0.01661312446704784,0.018224782332042753,0.012205343237448667
191,25,-0.038592974729276,-0.019977525287516232,-0.035081070876651
191,26,-0.035702981066303124,-0.025088273749608286,-0.03478413168456333
191,27,-0.03375761929481801,0.06837941742737608,0.06917248595928034
191,28,-0.08443861025992745,-0.05055340228457794,-0.053191275242558934
191,29,0.0014833917757256106,0.0021529926224361667,-0.018093418107090812
191,30,0.013758485261450116,-0.06522109615170642,-0.06560554093267791
192,1,0.0928169020550418,-0.025948218431062722,-0.04651028659267568
192,2,0.012131109722042446,0.04229795088238374,0.03987211458894842
192,3,0.08047950862508323,-0.006934941081958513,-0.02937586865158755
192,4,-0.04202331087860257,-0.09608513006997209,-0.0663518546820557
192,5,-0.05900215954531366,-0.042150191493391845,-0.03703558693977898
192,6,0.013724106429134162,0.0662522726826706,0.0755979895704045
192,7,-0.04930376783675719,0.032902382847934286,0.013674956912697591
192,8,-0.015294676170376217,-0.062221648494122136,-0.05019303559141248
192,9,-0.07485477087144386,0.02271007416840017,0.020238149461606895
192,10,0.03080575508554399,-0.11326260618647016,-0.1154368220010853
192,11,0.006859248394220567,-0.002361070293833533,-0.008447275412262919
192,12,-0.07374523096262814,0.01959355528668037,0.016224826097411233
192,13,0.0040332689624885745,0.014597355190433177,0.013203966357381434
192,14,0.006068346650108167,-0.019715372341873528,-0.014645191233981537
192,15,-0.0905633355337269,0.051661787233524166,0.09517480940401096
192,16,0.0030806742500836246,-0.0330850846027859,-0.03873582655116267
192,17,0.03748968874118883,-0.05560411020730584,-0.03243368835148682
192,18,0.058739897000225055,0.02440151110189469,0.0031608955856690427
192,19,-0.03702459948565071,-0.045330914044326064,-0.0394651521015849
192,20,-0.050396011132030585,0.0071699714796466555,0.00927821217413113
192,21,0.06733945701308557,0.09504791188390617,0.11567236961488198
192,22,-0.039200271910802185,-0.0995905856800985,-0.10121731556471171
192,23,-0.06523221947596115,-0.031115418813895453,-0.03102848872334103
192,24,-0.058907913491438944,0.003955808543163683,-0.007511404626136026
192,25,0.02227535164256544,0.028826248649982768,0.001185152328520294
192,26,-0.04675440237121411,0.09411161622174077,0.0874642893911197
192,27,0.01917910619744012,0.06103254445151187,0.05138149870380629
192,28,0.02129479959269352,-0.07056935548769108,-0.07214636036667585
192,29,0.010082798127467771,-0.03396609385623891,-0.06625927791588444
192,30,0.04029371257473945,-0.039463641291924395,-0.029516260668961146
193,1,0.018040735630850572,0.045160171747379345,0.056327519376334026
193,2,0.06613103146513123,0.0039015336219842306,-0.019797271292033482
193,3,0.06210270070562918,0.03437303501125551,0.04005702689342866
193,4,0.01896459963608878,0.00848794266358956,0.0033682255473926437
193,5,-0.06982489579362593,-0.03468962553452329,-0.047871542672301814
193,6,-0.00431084470133398,-0.0341616796684149,-0.016111862078849067
193,7,0.004732645694163303,0.023075648619937116,0.03309527113631464
193,8,-0.053477203428327943,-0.073535844938852,-0.0818755605311383
193,9,-0.04048014648379879,0.054030339449050314,0.05662897098359451
193,10,-0.003025160229175739,-0.01995483034431264,-0.01749652759133217
193,11,0.012565941159931713,-0.06675613421881206,-0.07416578204455272
193,12,0.04235438602721386,0.06884943869877272,0.026334901353801992
193,13,0.022317222434312573,-0.014872467419262713,-0.0007612060873776229
193,14,-0.0037236294526225254,-0.03618533425705508,-0.004064796252283508
193,15,-0.010535505961317969,-0.003978667716573729,-0.011616303005508226
193,16,0.020963898117984135,0.02265139583068028,0.043860044468003664
193,17,0.07945229749096795,-0.018115878444325256,-0.023203593930172777
193,18,0.0306486496145753,-0.0299004932726287,-0.06755761679281463
193,19,0.039900957874525515,0.0668089419610883,0.05330306052104577
193,20,-0.004438598067183229,-0.05373591093986087,-0.05385560132563239
193,21,-0.001091526693541008,0.04227358488188696,0.01218325137324296
193,22,0.028222348928932512,0.05832263141334201,0.04986228599097398
193,23,-0.003263052838260503,-0.04225017356467104,-0.008525124268800739
193,24,0.0020467775810716574,0.025175918204331012,0.01018204498838351
193,25,-0.0013481746762718455,-0.011617540004098259,-0.015265832307772833
193,26,-0.004166516565524554,0.0007261425988449663,0.042362189313857344
193,27,-0.005014238541729692,-0.05354178529353274,-0.07134105466880028
193,28,-0.027392932577015007,0.0621024998171149,0.03237584102415926
193,29,0.0066201636841425465,0.03717555354122258,0.07560840679895452
193,30,-0.011229275510944176,-0.00851452355179808,0.012133851869327505
194,1,-0.07272004729935846,-0.008223846509688828,-0.005768633043297676
194,2,-0.018997041667229833,0.026450630362057092,0.007961202281364765
194,3,0.03272229799489284,0.016188234796938122,0.04881634361473516
194,4,-0.0374689514419338,0.11721460221675709,0.09512056400394465
194,5,-0.018384658583454908,-0.014111400794817706,-0.014306897298593826
194,6,0.07845028580464931,0.002878380891866528,-0.02337870138665838
194,7,-0.004262384818330191,0.00304682170799902,0.015048205949196475
194,8,0.15462026589203015,0.08294399318552202,0.052583105984766135
194,9,0.01893224953518091,-0.09156676233083644,-0.08997954240965648
194,10,0.03587555610700683,0.027667806420809054,0.03591715182909911
194,11,0.04411791084741407,0.0013659855212643027,-0.0010109701954563273
194,12,-0.017646073087543897,0.03564520911211211,0.06011221211802034
194,13,0.005512485245090892,0.007043028378550797,0.009042740934583585
194,14,0.0012138891605080197,0.034712670768365275,-0.0035641400483333017
194,15,-0.09052192989998264,-0.010025285675572156,0.008782198340667213
194,16,0.027280932318441302,0.057673857493594154,0.02224529760662107
194,17,0.0103220550017964,-0.04253587160166937,-0.062172208654659965
194,18,0.003136244211546313,0.0408659117692105,0.0031200926583496327
194,19,-0.023339301840484227,-0.05191782643373816,-0.05250780937407615
194,20,0.014644977824404048,0.015159051495430162,0.016148335658026883
194,21,-0.07947392952101384,-0.06415788734103975,-0.05942944446040701
194,22,0.05604671615317239,0.03211972359490112,0.02920769508220952
194,23,-0.049514416633375344,0.04038683216617446,0.04274465885935759
194,24,-0.007560774488038145,0.03501305995314348,0.04293667603086439
194,25,0.006678769966447298,-0.04264646804456302,-0.05401931137383777
194,26,0.05921411780040862,0.009514799988850018,0.0020244514741581546
194,27,0.0213709121089944,-0.03257976845493322,-0.030739235402170047
194,28,-0.09046759973190635,0.029267290339747544,0.015849625423785475
194,29,-0.002156625492742835,0.031028847220306924,0.03999340976634295
194,30,-0.015681204302702076,0.04312651981758124,0.023777682099568303
195,1,0.022147062610854876,0.008596833248041516,-0.014035417835595525
195,2,0.03227033616871145,-0.005661524766882921,-0.015464753350687997
195,3,0.08777384914024884,-0.005041258991895907,-0.033629489706830926
195,4,0.007742937363728541,0.01302728641154153,-0.0034244572669223975
195,5,0.01845355694513037,-0.015183914426234662,-0.03927875484525614
195,6,-0.004585301513066432,-0.02693360161544777,-0.037249912365604446
195,7,0.020497098136434206,-0.02511102585557984,-0.010406683373591605
195,8,0.04721222074899595,0.10972103383741708,0.11806087648514244
195,9,-0.07499587886123697,-0.03421959812130793,-0.029627879087647534
195,10,0.022356390803038906,-0.04420994308672726,-0.07270992803452508
195,11,-0.015977045948494955,-0.07548321151323271,-0.0923377176766202
195,12,-0.10956876276774424,0.0033378521717006043,0.009017224920005458
195,13,-0.012164693059237872,-0.07123234244183262,-0.07210602258481028
195,14,0.057817177769851305,0.019181118272254414,0.045021388068387416
195,15,0.0036687774356076396,0.04844871755655051,0.0707664396033799
195,16,-0.05105934650772848,-0.04714296289327512,-0.019608981910564028
195,17,-0.012294461394634583,0.03640027184695713,0.020005457662779794
195,18,0.027906577659167063,0.036110553347736475,0.04821303757162166
195,19,-0.017051519426885032,-0.08763732238114505,-0.08067168540947861
195,20,-0.05431923379004542,0.01857341323446964,0.0014892372784198863
195,21,0.034276018703002654,0.03317616716084184,0.012066106598188976
195,22,-0.03546225413904328,0.0876058903682467,0.09600514335134276
195,23,-0.051990006303706135,-0.027189603473138733,-0.03341349803356597
195,24,-0.00023180388202176134,0.025666552110648052,-0.0010983884096048883
195,25,-0.06992400986028328,0.010873528914177434,-0.01822431380765881
195,26,0.029613895971835103,0.05038798241161513,0.021816947038936427
195,27,0.022783238846032193,-0.016192180110605525,-0.015584900534468834
195,28,0.014817687239375441,-0.02926932484677848,-0.04581904280111386
195,29,0.015522298523057454,0.028802404387961517,0.027083380301456572
195,30,0.012159986882226331,0.004549125125330954,-0.013159246076044621
196,1,0.02831948511713196,-0.020558188083691337,-0.006673386272904049
196,2,-0.0029139169415083603,0.005113462135990445,-0.024454613824163047
196,3,0.04075721898815875,-0.04906465982881859,-0.04464441645189063
196,4,-0.033382985392395245,0.027141980694053797,-0.0237896063855905
196,5,0.0171013183413361,-0.009444210214446355,-0.010468998618409905
196,6,-0.0005214367104178267,-0.057497735881327235,-0.0534828203695137
196,7,0.026640659000017684,0.013998784921416377,-0.008224668599304177
196,8,0.020451081873544358,0.021909156359474016,-0.002303694494299748
196,9,-0.01035253189615982,0.028679270313540495,-0.015936622532361784
196,10,-0.03875025830820896,-0.025134238936783834,0.01354267208966856
196,11,-0.05319154666317777,-0.0084284961048386,-0.040258665960231546
196,12,0.002328756504925892,0.013168611536457053,0.01217779015820254
196,13,-0.01899552000163415,0.017232123593473297,-0.02068586882913588
196,14,-0.08012781799761422,-0.05799057027527848,-0.05337589395103069
196,15,0.1410752059321473,0.06521963063111778,0.07956332897269555
196,16,-0.033974010757894454,0.02411720011005349,0.038607509693465915
196,17,-0.01509566186811703,0.007350424988448937,0.009843992196673928
196,18,-0.009295754426673436,-0.13197907609670936,-0.07084163704187277
196,19,-0.04531348829447042,-0.046416780716235076,-0.02890083776394476
196,20,-0.003706001518573584,0.06359967987450134,0.021947021561855906
196,21,-0.055412771340977406,-0.048998731185218504,-0.07443367886140945
196,22,0.03591162527514784,0.03438214128081704,0.035115290005061355
196,23,0.03474263336378607,0.016556207646471737,0.0008634148638102126
196,24,0.06009703942568092,0.05635271387465467,0.02428869266916421
196,25,-0.04929866586711003,0.010518691483401472,0.03442247401440787
196,26,-0.02932986184955371,-0.0013225188251743223,0.008057125504222726
196,27,-0.004125567550225695,-0.06349498088524036,-0.06473405838406958
196,28,0.046657050345499086,-0.048077247997141595,-0.0727217400748128
196,29,0.03260210324151464,-0.01346502645090239,-0.004318080765772863
196,30,0.11767873681435398,-0.019623224466389744,-0.032005077815625664
197,1,0.03027662829004547,0.023288861878698667,0.0023901760198847995
197,2,-0.0156639825895279,0.045491851067546135,0.029522109928944888
197,3,0.045657223567221496,0.005094341222432478,0.005706901608699296
197,4,-0.003327267848603451,9.626024985620176e-05,-0.02803272463349572
197,5,-0.012367230016186686,-0.003429644369941661,-0.00010834719196294997
197,6,-0.005818448019255902,0.001219528455562001,-0.027370197660649125
197,7,0.03929414752417512,-0.012997108083391802,0.009183613810240139
197,8,0.008301705026661051,-0.017610550435995506,-0.051869121990554067
197,9,-0.010174718269831427,-0.0435584997240547,-0.051037994612261856
197,10,-0.020108244010399217,-0.05667960335862508,-0.015974056905033458
197,11,-0.004176197847578812,-0.018200438087524026,-0.01939604237319301
197,12,0.019425790320209548,0.041307520656112116,0.049065057186918566
197,13,0.024754876469270007,0.10654386179303527,0.07790709361441937
197,14,-0.08322659619908106,-0.033683902517015266,-0.06077329892971033
197,15,-0.04742408932265006,0.010436517285731873,0.00253806856176542
197,16,-0.0013533042684342254,0.050845448793446435,0.10555458287030502
197,17,0.11879007515353524,0.02473684966460797,0.03136830371324587
197,18,0.015982872406071394,0.0033696598976877407,0.015433636434448145
197,19,-0.013227763372800506,0.012555152934281616,0.020149747093501598
197,20,-0.04153828913362046,0.006133610140409609,0.048009938051570424
197,21,0.035265175118913285,-0.016694077627451287,-0.013612066590684766
197,22,-0.011375625763016685,0.031124932678595698,0.007677838241192825
197,23,-0.00522680413034757,-0.03294405671619849,0.030085489193113296
197,24,0.1095887523130572,-0.042892300044096394,-0.02297790040683227
197,25,0.03878459514682699,0.02092551395611657,0.0044028430484755144
197,26,0.009238390016530028,0.008762712719903814,0.017430081175215672
197,27,0.03666007780863585,0.06904398519504618,0.013869668567335347
197,28,0.022151071019333213,0.05780052229465345,0.05848843137466942
197,29,0.022748404951553645,0.04187811928881649,0.07946296539343119
197,30,-0.05240674369368086,0.025949217342824203,-0.025838758680073116
198,1,0.03986574508029961,0.0035263500814343195,0.003945554430448498
198,2,-0.02448023502871724,-0.007104347910274342,0.023628177507314847
198,3,0.044664898408500915,0.013862022999638348,0.0018467299992430358
198,4,-0.012242563943951809,0.02819009349955454,0.06053260051979792
198,5,-0.027535926867803547,-0.07416896991425052,-0.08278004734679854
198,6,0.04877915825555915,-0.008725480342690035,0.00026241555775672037
198,7,0.042559390624158165,-0.013240505556762315,0.01585200869435014
198,8,-0.03737082572454912,-0.064975877247727,-0.05513288281823696
198,9,-0.0479675760917689,0.04187064561245303,0.021989357644210884
198,10,0.054484032310823265,0.01868413587273436,-0.004648329882358262
198,11,-0.0608512639251424,-0.01758922286199147,0.005728192555646612
198,12,-0.1055355997874015,0.013701798755440352,0.023748100525189574
198,13,-0.045961779610121,0.06282334772220328,0.05688300949562294
198,14,-0.02442637184670297,0.07584580853363398,0.08712340461799443
198,15,-0.060542856697074834,0.0860450667037312,0.08868709257892099
198,16,0.028279824666940356,-0.02641490816832654,-0.028320496207088413
198,17,0.08713360224882702,-0.004812255270812115,-0.017853558894368477
198,18,-0.0635762617764277,0.0108759967479759,-0.0021762895967690436
198,19,-0.08953963508439422,0.07666661036837677,0.049435141235223995
198,20,-0.003317417910630676,-0.0328281318383861,-0.023447479431449408
198,21,-0.04044663003504987,-0.009493311553059694,-0.02901169217557524
198,22,-0.03269162552756175,-0.07800423200891994,-0.07617147730167605
198,23,0.05257204256359911,-0.04133202873452205,-0.011500258730816733
198,24,0.03305491080044153,0.06177848170955388,0.07240077201218931
198,25,0.025106310853334843,-0.005238574208383047,-0.014675299789459893
198,26,-0.01236663519927265,-0.09751081981222941,-0.09164517230852277
198,27,0.0707756594071367,0.06443966876342151,0.06859233866435925
198,28,-0.028983990326932114,0.0377010072914965,0.02753320275725065
198,29,-0.06869109462136705,-0.06487966920801466,-0.07204398602169043
198,30,0.042471920271428584,-0.005801071466007554,-0.009811564431485663
199,1,-0.06555174192572019,-0.01981194681964464,-0.05463870505465861
199,2,-0.0023433946815684384,0.019008100757477574,0.0032343328621421068
199,3,0.0786893934972351,-0.03990886500067427,-0.019670928727337902
199,4,-0.03597997461672552,0.026671143389364757,0.0069740112729732035
199,5,0.02211249296318196,-0.029798338943212786,-0.015990284796028195
199,6,0.01420570726136344,0.021622939360875865,0.04627648246155712
199,7,-0.026524725623513358,-0.017331163237170044,-0.04367709540603915
199,8,0.027286165693894627,-0.023760603830189388,-0.010603085779949019
199,9,0.012009876888513701,0.0015564005357368972,0.0019202324236076563
199,10,0.03736409341211472,0.04469756260186234,0.07904376709526353
199,11,-0.12658000934751684,-0.008889813112967567,-0.02425119852840833
199,12,0.057110179735917026,0.02412805555417702,0.00915939232360942
199,13,0.0009349828823607474,-0.0008909890373983561,-0.025098934829583752
199,14,-0.021364440269203408,-0.009790852979444252,-0.014813577642205637
199,15,0.0793492476258825,0.022778206652401996,0.04021136670175433
199,16,-0.03817998645564332,-0.10310776151635176,-0.07069155977327557
199,17,-0.06079312557028937,0.02272869091794477,0.024314878242363572
199,18,-0.04798407319513418,0.017879181493904578,0.048851163688654144
199,19,-0.05138913496735823,-0.02529093792759294,-0.022587955456143095
199,20,-0.062204864043584066,0.02404948974496874,-0.020062086105012346
199,21,-0.03158494451595086,0.031898588161126805,0.03503697737424147
199,22,0.05400957344288891,0.04152312211649796,0.01592882357757382
199,23,0.015301853850077814,-0.019269175442038787,-0.002172559517287963
199,24,0.03130082335551123,-0.01901828258056642,-0.02895555898060374
199,25,0.02658154084930036,-0.03739945700195106,-0.011849878244597352
199,26,-0.06007677193728835,-0.07955934890806425,-0.06807728425772396
199,27,-0.045961972283158854,0.016609899051989716,0.015324883401039107
199,28,-0.02426746587973532,-0.023552322561935377,-0.036351569896249325
199,29,-0.03239137473969559,-0.010189581869146421,-0.005391791924654201
199,30,-0.02269906121791694,-0.02773165381596923,-0.04879826499336226
